codigo	nome	valor_individual	valor_empresarial
10101012	CONSULTA EM CONSULTORIO (NO HORARIO NORMAL OU PRE ESTABELECIDO)	134.79	134.79
10101039	CONSULTA EM PRONTO SOCORRO	134.79	134.79
10102019	VISITA HOSPITALAR (PACIENTE INTERNADO)	80.86	80.86
10103015	ATENDIMENTO AO RECEM-NASCIDO EM BERCARIO	189.45	189.45
10103023	ATENDIMENTO AO RECEM-NASCIDO EM SALA DE PARTO PARTO NORMAL OU OPERATORIO DE BAIXO RISCO	321.40	321.40
10103031	ATENDIMENTO AO RECEM-NASCIDO EM SALA DE PARTO PARTO NORMAL OU OPERATORIO DE ALTO RISCO	347.61	347.61
10104011	ATENDIMENTO DO INTENSIVISTA DIARISTA POR DIA E POR PACIENTE	89.93	89.93
10104020	ATENDIMENTO MEDICO DO INTENSIVISTA EM UTI GERAL OU PEDIATRICA PLANTAO DE 12 HORAS - POR PACIENTE	205.82	205.82
10106014	ACONSELHAMENTO GENETICO	222.58	222.58
10106030	ATENDIMENTO AO FAMILIAR DO ADOLESCENTE	49.72	49.72
10106049	ATENDIMENTO PEDIATRICO A GESTANTES (3 TRIMESTRE)	85.65	85.65
10106154	ATENDIMENTO AMBULATORIAL OFTALMOLOGICO DE CRIANCA PRE-VERBAL <4 ANOS OU CRIANCAS COM DEFICIT INTELECTUAL, DIFICULDADE DE COMUNICACAO OU POUCO COLABORATIVAS, REALIZADO EM CONSULTORIO	134.79	134.79
20101015	ACOMPANHAMENTO CLINICO AMBULATORIAL POS-TRANSPLANTE RENAL - POR AVALIACAO	95.91	95.91
20101023	ANALISE DA PROPORCIONALIDADE CINEANTROPOMETRICA	13.46	13.46
20101074	AVALIACAO NUTROLOGICA (INCLUI CONSULTA)	121.84	121.84
20101082	AVALIACAO NUTROLOGICA PRE E POS-CIRURGIA BARIATRICA (INCLUI CONSULTA)	120.82	120.82
20101104	AVALIACAO DA COMPOSICAO CORPORAL POR BIOIMPEDANCIOMETRIA	22.57	22.57
20101171	REJEICAO DE ENXERTO RENAL - TRATAMENTO AMBULATORIAL - AVALIACAO CLINICA DIARIA	82.05	82.05
20101198	TESTE E ADAPTACAO DE LENTE DE CONTATO (SESSAO) - BINOCULAR	20.81	20.81
20101201	AVALIACAO CLINICA E ELETRONICA DE PACIENTE PORTADORDE DISPOSITIVO CARDIACO ELETRONICO IMPLANTAVEL (MARCA-PASSO, ESTIMULADOR MULTISSITIO/RESSINCRONIZADOR, DESFIBRILADOR OU MONITOR DE EVENTOS)	92.20	92.20
20101210	ACOMPANHAMENTO CLINICO AMBULATORIAL POS-TRANSPLANTE DE CORNEA -POR AVALIACAO DO 11A AO 30A DIA ATE 3 AVALIACOES	115.20	115.20
20101228	ACOMPANHAMENTO CLINICO AMBULATORIAL POS-TRANSPLANTE DE MEDULA OSSEA	121.84	121.84
20101244	AVALIACAO E SELECAO PARA IMPLANTE COCLEAR UNILATERAL	120.82	120.82
20101252	ATIVACAO DO IMPLANTE COCLEAR UNILATERAL	126.36	126.36
20101260	MAPEAMENTO E BALANCEAMENTO DOS ELETRODOS DO IMPLANTE COCLEAR UNILATERAL	125.74	125.74
20101279	POTENCIAL EVOCADO ELETRICAMENTE NO SISTEMA AUDITIVO CENTRAL	95.88	95.88
20101287	REFLEXO ESTAPEDIANO ELICIADO ELETRICAMENTE UNILATERAL	91.56	91.56
20101295	TROCA DO PROCESSADOR DE AUDIO DO IMPLANTE COCLEAR UNILATERAL	121.40	121.40
20101368	TESTE DE PROVOCACAO ORAL TPO COM ALIMENTOS	82.46	82.46
20101465	ACOMPANHAMENTO CLINICO AMBULATORIAL POS-TRANSPLANTE HEPATICO	92.14	92.14
20102011	HOLTER DE 24 HORAS - 2 OU MAIS CANAIS - ANALOGICO	89.99	89.99
20102020	HOLTER DE 24 HORAS - 3 CANAIS - DIGITAL	173.37	173.37
20102038	MONITORIZACAO AMBULATORIAL DA PRESSAO ARTERIAL - MAPA (24 HORAS)	107.97	107.97
20102062	MONITOR DE EVENTOS SINTOMATICOS POR 15 A 30 DIAS (LOOPER)	125.97	125.97
20102070	TILT TESTE	331.53	331.53
20102097	SISTEMA HOLTER - 12 HORAS - 2 OU MAIS CANAIS	70.54	70.54
20102160	MONITORIZACAO AMBULATORIAL DA PRESSAO ARTERIAL DE 5 DIAS - MAPA 5D	125.97	125.97
20103018	ADAPTACAO E TREINAMENTO DE RECURSOS OPTICOS PARA VISAO SUBNORMAL POR SESSAO - BINOCULAR	21.32	21.32
20103026	AMPUTACAO BILATERAL (PREPARACAO DO COTO)	14.57	14.57
20103034	AMPUTACAO BILATERAL (TREINAMENTO PROTETICO)	21.46	21.46
20103042	AMPUTACAO UNILATERAL (PREPARACAO DO COTO)	12.22	12.22
20103050	AMPUTACAO UNILATERAL (TREINAMENTO PROTETICO)	17.17	17.17
20103069	ASSISTENCIA FISIATRICA RESPIRATORIA EM PRE E POS-OPERATORIO DE CONDICOES CIRURGICAS	13.34	13.34
20103077	ATAXIAS	12.22	12.22
20103093	ATENDIMENTO FISIATRICO NO PRE E POS-OPERATORIO DE PACIENTES PARA PREVENCAO DE SEQUELAS	12.22	12.22
20103107	ATENDIMENTO FISIATRICO NO PRE E POS-PARTO	12.22	12.22
20103115	ATIVIDADE REFLEXA OU APLICACAO DE TECNICA CINESIOTERAPICA ESPECIFICA	20.81	20.81
20103131	BIOFEEDBACK COM EMG	40.88	40.88
20103140	BLOQUEIO FENOLICO, ALCOOLICO OU COM TOXINA BOTULINICA POR SEGMENTO CORPORAL	224.51	224.51
20103158	CONFECCAO DE ORTESES EM MATERIAL TERMO-SENSIVEL (POR UNIDADE)	22.54	22.54
20103166	CONFECCAO DE PROTESE IMEDIATA	128.72	128.72
20103174	CONFECCAO DE PROTESE PROVISORIA	107.25	107.25
20103182	DESVIOS POSTURAIS DA COLUNA VERTEBRAL	12.22	12.22
20103190	DISFUNCAO VESICO-URETRAL	12.22	12.22
20103204	DISTROFIA SIMPATICO-REFLEXA	12.22	12.22
20103212	DISTURBIOS CIRCULATORIOS ARTERIO-VENOSOS E LINFATICOS	12.22	12.22
20103220	DOENCAS PULMONARES ATENDIDAS EM AMBULATORIO	12.22	12.22
20103239	EXERCICIOS DE ORTOPTICA POR SESSAO	11.65	11.65
20103247	EXERCICIOS PARA REABILITACAO DO ASMATICO (ERAC) - POR SESSAO COLETIVA	11.91	11.91
20103255	EXERCICIOS PARA REABILITACAO DO ASMATICO (ERAI) - POR SESSAO INDIVIDUAL	16.62	16.62
20103263	HEMIPARESIA	14.84	14.84
20103271	HEMIPLEGIA	14.84	14.84
20103280	HEMIPLEGIA E HEMIPARESIA COM AFASIA	12.22	12.22
20103298	HIPO OU AGENESIA DE MEMBROS	14.56	14.56
20103301	INFILTRACAO DE PONTO GATILHO POR MUSCULO OU AGULHAMENTO SECO POR MUSCULO	144.14	144.14
20103310	LESAO NERVOSA PERIFERICA AFETANDO MAIS DE UM NERVO COM ALTERACOES SENSITIVAS E/OU MOTORAS	12.22	12.22
20103328	LESAO NERVOSA PERIFERICA AFETANDO UM NERVO COM ALTERACOES SENSITIVAS E/OU MOTORAS	12.22	12.22
20103344	MIOPATIAS	12.22	12.22
20103360	PACIENTE COM D.P.O.C. EM ATENDIMENTO AMBULATORIAL NECESSITANDO REEDUCACAO E REABILITACAO RESPIRATORIA	12.22	12.22
20103379	PACIENTE EM POS-OPERATORIO DE CIRURGIA CARDIACA, ATENDIDO EM AMBULATORIO, DUAS A TRES VEZES POR SEMANA	12.22	12.22
20103387	PACIENTES COM DOENCA ISQUEMICA DO CORACAO, ATENDID EM AMBULATORIO DE 8 A 24 SEMANAS	12.22	12.22
20103395	PACIENTES COM DOENCA ISQUEMICA DO CORACAO, ATENDIDO EM AMBULATORIO, ATE 8 SEMANAS DE PROGRAMA	12.22	12.22
20103409	PACIENTES COM DOENCAS NEURO-MUSCULO-ESQUELETICAS COM ENVOLVIMENTO TEGUMENTAR	12.22	12.22
20103417	PACIENTES SEM DOENCA CORONARIANA CLINICAMENTE MANIFESTA, MAS CONSIDERADA DE ALTO RISCO, ATENDIDO EM AMBULATORIO, DUAS A TRES VEZES POR SEMANA	12.22	12.22
20103425	PARALISIA CEREBRAL	14.84	14.84
20103433	PARALISIA CEREBRAL COM DISTURBIO DE COMUNICACAO	17.17	17.17
20103441	PARAPARESIA/TETRAPARESIA	14.56	14.56
20103450	PARAPLEGIA E TETRAPLEGIA	14.56	14.56
20103468	PARKINSON	12.22	12.22
20103476	PATOLOGIA NEUROLOGICA COM DEPENDENCIA DE ATIVIDADES DA VIDA DIARIA	23.59	23.59
20103484	PATOLOGIA OSTEOMIOARTICULAR EM UM MEMBRO	12.22	12.22
20103492	PATOLOGIA OSTEOMIOARTICULAR EM DOIS OU MAIS MEMBROS	14.84	14.84
20103506	PATOLOGIA OSTEOMIOARTICULAR EM UM SEGMENTO DA COLUNA	12.22	12.22
20103514	PATOLOGIA OSTEOMIOARTICULAR EM DIFERENTES SEGMENTOS DA COLUNA	14.84	14.84
20103522	PATOLOGIAS OSTEOMIOARTICULARES COM DEPENDENCIA DE ATIVIDADES DA VIDA DIARIA	23.59	23.59
20103530	RECUPERACAO FUNCIONAL POS-OPERATORIA OU POR IMOBILIZACAO DA PATOLOGIA VERTEBRAL	12.22	12.22
20103565	PROCESSOS INFLAMATORIOS PELVICOS	12.22	12.22
20103611	QUEIMADOS - SEGUIMENTO AMBULATORIAL PARA PREVENCAO DE SEQUELAS (POR SEGMENTO)	12.22	12.22
20103620	REABILITACAO DE PACIENTE COM ENDOPROTESE	16.43	16.43
20103638	REABILITACAO LABIRINTICA POR SESSAO	23.70	23.70
20103646	REABILITACAO PERINEAL COM BIOFEEDBACK	138.17	138.17
20103654	RECUPERACAO FUNCIONAL DE DISTURBIOS CRANIO-FACIAIS	13.64	13.64
20103662	RECUPERACAO FUNCIONAL POS-OPERATORIA OU POS-IMOBILIZACAO GESSADA DE PATOLOGIA OSTEOMIOARTICULAR COM COMPLICACOES NEUROVASCULARES AFETANDO UM MEMBRO	14.99	14.99
20103670	RECUPERACAO FUNCIONAL POS-OPERATORIA OU POS-IMOBILIZACAO GESSADA DE PATOLOGIA OSTEOMIOARTICULAR COM COMPLICACOES NEUROVASCULARES AFETANDO MAIS DE UM M EMBRO	19.30	19.30
20103689	RETARDO DO DESENVOLVIMENTO PSICOMOTOR	17.17	17.17
20103697	SEQUELAS DE TRAUMATISMOS TORACICOS E ABDOMINAIS	12.22	12.22
20103700	SEQUELAS EM POLITRAUMATIZADOS (EM DIFERENTES SEGMENTOS)	21.67	21.67
20103719	SINUSITES	12.22	12.22
20103727	REABILITACAO CARDIACA SUPERVISIONADA. PROGRAMA DE 12 SEMANAS. DUAS A TRES SESSOES POR SEMANA POR SESSAO	12.22	12.22
20103743	EXERCICIOS DE PLEOPTICA	11.77	11.77
20104014	ACTINOTERAPIA (POR SESSAO)	13.91	13.91
20104022	APLICACAO DE HIPOSSENSIBILIZANTE - EM CONSULTORIO AHC EXCLUSIVE O ALERGENO - PLANEJAMENTO TECNICO PARA	14.65	14.65
20104049	CATETERISMO VESICAL EM RETENCAO URINARIA	42.05	42.05
20104057	CAUTERIZACAO QUIMICA VESICAL	79.88	79.88
20104065	CERUMEN - REMOCAO - UNILATERAL	33.46	33.46
20104073	CRIOTERAPIA (GRUPO DE ATE 5 LESOES)	55.20	55.20
20104081	CURATIVOS EM GERAL COM ANESTESIA, EXCETO QUEIMADOS	17.51	17.51
20104090	CURATIVO DE EXTREMIDADES DE ORIGEM VASCULAR	57.40	57.40
20104103	CURATIVOS EM GERAL SEM ANESTESIA, EXCETO QUEIMADOS	17.51	17.51
20104111	DILATACAO URETRAL (SESSAO)	96.10	96.10
20104120	FOTOTERAPIA COM UVA PUVA POR SESSAO	36.58	36.58
20104138	IMUNOTERAPIA ESPECIFICA - 30 DIAS - PLANEJAMENTO TECNICO	49.58	49.58
20104146	IMUNOTERAPIA INESPECIFICA - 30 DIAS - PLANEJAMENTO TECNICO	92.80	92.80
20104154	INSTILACAO VESICAL OU URETRAL	76.54	76.54
20104170	SESSAO DE ELETROCONVULSOTERAPIA EM SALA COM OXIMETRO DE PULSO, MONITOR DE ECG, EEG , SOB ANESTESIA	190.68	190.68
20104189	SESSAO DE OXIGENOTERAPIA HIPERBARICA (POR SESSAO DE 2 HORAS)	251.21	251.21
20104200	SESSAO DE PSICOTERAPIA DE GRUPO POR PACIENTE	71.09	71.09
20104219	SESSAO DE PSICOTERAPIA INDIVIDUAL	77.45	77.45
20104227	SESSAO DE PSICOTERAPIA INFANTIL	77.45	77.45
20104235	TERAPIA INALATORIA - POR NEBULIZACAO	7.66	7.66
20104243	TERAPIA ONCOLOGICA COM ALTAS DOSES - PLANEJAMENTO E 1 DIA DE TRATAMENTO	378.45	378.45
20104251	TERAPIA ONCOLOGICA COM ALTAS DOSES - POR DIA SUBSEQUENTE DE TRATAMENTO	73.63	73.63
20104260	TERAPIA ONCOLOGICA COM APLICACAO DE MEDICAMENTOS POR VIA INTRACAVITARIA OU INTRATECAL - POR PROCEDIMENTO	252.12	252.12
20104278	TERAPIA ONCOLOGICA COM APLICACAO INTRA-ARTERIAL OU INTRAVENOSA DE MEDICAMENTOS EM INFUSAO DE DURACAO MINIMA DE 6 HORAS - PLANEJAMENTO E 1 DIA DE TRATAME NTO	196.62	196.62
20104286	TERAPIA ONCOLOGICA COM APLICACAO INTRA-ARTERIAL OU INTRAVENOSA DE MEDICAMENTOS EM INFUSAO DE DURACAO MINIMA DE 6 HORAS - POR DIA SUBSEQUENTE DE TRATAMENTO	174.96	174.96
20104294	TERAPIA ONCOLOGICA - PLANEJAMENTO E 1 DIA DE TRATA MENTO	179.31	179.31
20104308	TERAPIA ONCOLOGICA - POR DIA SUBSEQUENTE DE TRATAMENTO	35.33	35.33
20104316	CURATIVO DE OUVIDO (CADA)	31.97	31.97
20104324	CURATIVO OFTALMOLOGICO	27.22	27.22
20104332	BOTA DE UNNA - CONFECCAO	47.53	47.53
20104340	CATETERISMO DE CANAIS EJACULADORES	86.92	86.92
20104359	MASSAGEM PROSTATICA	28.27	28.27
20104383	PULSOTERAPIA INTRAVENOSA (POR SESSAO) - AMBULATORIAL	290.55	290.55
20104448	TERAPIA DE PRESSAO NEGATIVA - AMBULATORIAL	50.67	50.67
20104464	TERAPIA IMUNOPROFILATICA PARA O VSR POR SESSAO AMBULATORIAL	241.82	241.82
20104472	TERAPIA SUBCUTANEA COM IMUNOGLOBULINA HUMANA POLICLONAL	113.30	113.30
20104480	TERAPIA ANTI-REABSORTIVA OSSEA INTRAVENOSA - AMBULATORIAL	187.51	187.51
20104545	TERAPIA MEDICAMENTOSA INJETAVEL AMBULATORIAL	113.86	113.86
20104588	TERAPIA PARA DOENCA DE FABRY CLASSICA	113.86	113.86
20201010	ACOMPANHAMENTO CLINICO DE TRANSPLANTE RENAL NO PERIODO DE INTERNACAO DO RECEPTOR E DO DOADOR (POS-OPERATORIO ATE 15 DIAS)	3371.92	3371.92
20201028	ACOMPANHAMENTO PEROPERATORIO	91.91	91.91
20201036	ASSISTENCIA CARDIOLOGICA PEROPERATORIA EM CIRURGIA GERAL E EM PARTO PRIMEIRA HORA	140.10	140.10
20201044	ASSISTENCIA CARDIOLOGICA PEROPERATORIA EM CIRURGIA GERAL E EM PARTO HORAS SUPLEMENTARES - MAXIMO DE 4 HORAS	32.70	32.70
20201052	CARDIOVERSAO ELETRICA ELETIVA (AVALIACAO CLINICA, ELETROCARDIOGRAFICA, INDISPENSAVEL A DESFIBRILACAO)	128.47	128.47
20201060	REJEICAO DE ENXERTO RENAL - TRATAMENTO INTERNADO - AVALIACAO CLINICA DIARIA - POR VISITA	97.51	97.51
20201079	TRANSPLANTE DUPLO RIM-PANCREAS - ACOMPANHAMENTO CLINICO (POS-OPERATORIO ATE 15 DIAS)	3274.97	3274.97
20201087	TRATAMENTO CONSERVADOR DE TRAUMATISMO CRANIOENCEFALICO, HIPERTENSAO INTRACRANIANA E HEMORRAGIA POR DIA	233.26	233.26
20201095	ASSISTENCIA CARDIOLOGICA NO POS-OPERATORIO DE CIRURGIA CARDIACA APOS A ALTA DA UTI	77.38	77.38
20201109	AVALIACAO CLINICA DIARIA ENTERAL	82.87	82.87
20201117	AVALIACAO CLINICA DIARIA PARENTERAL	140.77	140.77
20201125	AVALIACAO CLINICA DIARIA PARENTERAL E ENTERAL	177.40	177.40
20201141	ACOMPANHAMENTO CLINICO DE TRANSPLANTE HEPATICO NO PERIODO DE INTERNACAO DO RECEPTOR E DO DOADOR	80.47	80.47
20202016	CARDIOTOCOGRAFIA ANTEPARTO	40.25	40.25
20202024	CARDIOTOCOGRAFIA INTRAPARTO POR HORA ATE 6 HORAS EXTERNA	60.41	60.41
20202032	MONITORIZACAO HEMODINAMICA INVASIVA POR 12 HORAS	62.11	62.11
20202040	MONITORIZACAO NEUROFISIOLOGICA INTRA-OPERATORIA	759.37	759.37
20202059	POTENCIAL EVOCADO INTRA-OPERATORIO - MONITORIZACAO CIRURGICA (PE/IO)	172.13	172.13
20202067	MONITORIZACAO DA PRESSAO INTRACRANIANA POR DIA	85.41	85.41
20203012	ASSISTENCIA FISIATRICA RESPIRATORIA EM PACIENTE INTERNADO COM VENTILACAO MECANICA	13.34	13.34
20203020	ELETROESTIMULACAO DO ASSOALHO PELVICO E/OU OUTRA TECNICA DE EXERCICIOS PERINEAIS	17.17	17.17
20203047	ASSISTENCIA FISIATRICA RESPIRATORIA EM DOENTE CLINICO INTERNADO	12.22	12.22
20203063	PACIENTES COM DOENCA ISQUEMICA DO CORACAO, HOSPITALIZADO, ATE 8 SEMANAS DE PROGRAMA	12.22	12.22
20203071	PACIENTES EM POS-OPERATORIO DE CIRURGIA CARDIACA, HOSPITALIZADO, ATE 8 SEMANAS DE PROGRAMA	12.22	12.22
20204027	CARDIOVERSAO ELETRICA DE EMERGENCIA	117.08	117.08
20204035	CARDIOVERSAO QUIMICA DE ARRITMIA PAROXISTA EM EMERGENCIA	117.08	117.08
20204043	PRIAPISMO - TRATAMENTO NAO CIRURGICO	133.38	133.38
20204086	TERAPIA ONCOLOGICA COM APLICACAO INTRA-ARTERIAL DE MEDICAMENTOS, EM REGIME DE APLICACAO PEROPERATORIA, POR MEIO DE CRONOINFUSOR OU PERFUSOR EXTRA-CORPOREA	574.07	574.07
20204159	PULSOTERAPIA INTRAVENOSA POR SESSAO - HOSPITALAR	290.55	290.55
20204183	TERAPIA IMUNOPROFILATICA PARA O VSR POR SESSAO HOSPITALAR	252.79	252.79
20204191	TROMBOLISE ENDOVENOSA NO ACIDENTE VASCULAR CEREBRAL AVC ISQUEMICO AGUDO	947.20	947.20
20204205	TERAPIA ANTI-REABSORTIVA OSSEA INTRAVENOSA - HOSPITALAR	185.69	185.69
20204248	TERAPIA COM ALFACERLIPONASE PARA LIPOFUSCINOSE CEROIDE NEURONAL TIPO 2 CLN2	29.68	29.68
30101018	ABRASAO CIRURGICA (POR SESSAO)	205.82	205.82
30101050	APENDICE PRE-AURICULAR - RESSECCAO	242.52	242.52
30101069	AUTONOMIZACAO DE RETALHO - POR ESTAGIO	347.60	347.60
30101085	BIOPSIA DE UNHA	85.83	85.83
30101093	CALOSIDADE E/OU MAL PERFURANTE - DESBASTAMENTO (POR LESAO)	54.96	54.96
30101107	CAUTERIZACAO QUIMICA (POR GRUPO DE ATE 5 LESOES)	72.09	72.09
30101115	CIRURGIA DA HIDROSADENITE POR REGIAO	365.02	365.02
30101123	CIRURGIA MICROGRAFICA DE MOHS	332.10	332.10
30101140	CORRECAO CIRURGICA DE LINFEDEMA POR ESTAGIO	970.42	970.42
30101158	CORRECAO CIRURGICA DE SEQUELAS DE ALOPECIA TRAUMATICA COM MICROENXERTOS PILOSOS (POR REGIAO)	360.05	360.05
30101166	CORRECAO DE DEFORMIDADES NOS MEMBROS COM UTILIZACAO DE IMPLANTES	970.37	970.37
30101174	CORRECAO DE DEFORMIDADES POR EXERESE DE TUMORES, CICATRIZES OU FERIMENTOS COM O EMPREGO DE EXPANSORES EM RETALHOS MUSCULARES OU MIOCUTANEOS POR ESTAGIO	970.37	970.37
30101182	CORRECAO DE DEFORMIDADES POR EXERESE DE TUMORES, CICATRIZES OU FERIMENTOS, COM O EMPREGO DE EXPANSORES DE TECIDO, EM RETALHOS CUTANEOS POR ESTAGIO	970.37	970.37
30101204	CRIOCIRURGIA (NITROGENIO LIQUIDO) DE NEOPLASIAS CUTANEAS	158.82	158.82
30101212	CURATIVO DE QUEIMADURAS-POR UNIDADE TOPOGRAFICA UT) AMBULATORIAL	53.01	53.01
30101220	CURATIVO DE QUEIMADURAS - POR UNIDADE TOPOGRAFICA (UT) HOSPITALAR	96.10	96.10
30101239	CURATIVO ESPECIAL SOB ANESTESIA - POR UNIDADE TOPOGRAFICA UT	100.93	100.93
30101247	CURETAGEM E ELETROCOAGULACAO DE CA DE PELE (POR LESAO)	122.56	122.56
30101255	CURETAGEM SIMPLES DE LESOES DE PELE POR GRUPO DE ATE 5 LESOES	64.04	64.04
30101263	DERMOABRASAO DE LESOES CUTANEAS	269.74	269.74
30101271	DERMOLIPECTOMIA PARA CORRECAO DE ABDOME EM AVENTAL	1068.24	1068.24
30101280	DESBRIDAMENTO CIRURGICO - POR UNIDADE TOPOGRAFICA UT	205.82	205.82
30101298	ELETROCOAGULACAO DE LESOES DE PELE E MUCOSAS - COM OU SEM CURETAGEM POR GRUPO DE ATE 5 LESOES	92.15	92.15
30101301	ENXERTO CARTILAGINOSO	364.99	364.99
30101310	ENXERTO COMPOSTO	380.03	380.03
30101328	ENXERTO DE MUCOSA	364.99	364.99
30101336	ENXERTO DE PELE (HOMOENXERTO INCLUSIVE)	370.07	370.07
30101344	ENXERTO DE PELE MULTIPLO - POR UNIDADE TOPOGRAFICA (UT)	484.69	484.69
30101352	EPILACAO POR ELETROLISE POR SESSAO	56.85	56.85
30101360	ESCALPO PARCIAL - TRATAMENTO CIRURGICO	428.15	428.15
30101379	ESCALPO TOTAL - TRATAMENTO CIRURGICO	923.32	923.32
30101387	ESCARECTOMIA DESCOMPRESSIVA (PELE E ESTRUTURAS PROFUNDAS) - POR UNIDADE TOPOGRAFICA (UT)	162.90	162.90
30101395	ESFOLIACAO QUIMICA MEDIA (POR SESSAO)	170.39	170.39
30101409	ESFOLIACAO QUIMICA PROFUNDA (POR SESSAO)	202.86	202.86
30101417	ESFOLIACAO QUIMICA SUPERFICIAL (POR SESSAO)	124.58	124.58
30101425	EXERESE DE HIGROMA CISTICO	901.72	901.72
30101433	EXERESE DE HIGROMA CISTICO NO RN E LACTENTE	1712.13	1712.13
30101441	EXERESE DE LESAO COM AUTO-ENXERTIA	395.60	395.60
30101450	EXERESE E SUTURA DE LESOES CIRCULARES OU NAO COM ROTACAO DE RETALHOS CUTANEOS	320.37	320.37
30101468	EXERESE DE LESAO / TUMOR DE PELE E MUCOSAS	143.95	143.95
30101476	EXERESE DE TUMOR E ROTACAO DE RETALHO MUSCULO-CUTANEO	363.25	363.25
30101484	EXERESE DE UNHA	76.54	76.54
30101492	EXERESE E SUTURA SIMPLES DE PEQUENAS LESOES - GRUPO DE ATE 5 LESOES	163.71	163.71
30101506	EXERESE TANGENCIAL (SHAVING) - (POR GRUPO DE ATE 5 LESOES)	103.68	103.68
30101514	EXPANSAO TISSULAR POR SESSAO	55.39	55.39
30101522	EXTENSOS FERIMENTOS, CICATRIZES OU TUMORES - EXCISAO E RETALHOS CUTANEOS DA REGIAO	790.38	790.38
30101530	EXTENSOS FERIMENTOS, CICATRIZES OU TUMORES - EXERESE E EMPREGO DE RETALHOS CUTANEOS OU MUSCULARES CRUZADOS (POR ESTAGIO)	970.37	970.37
30101549	EXTENSOS FERIMENTOS, CICATRIZES OU TUMORES - EXERESE E RETALHOS CUTANEOS A DISTANCIA	874.31	874.31
30101557	EXTENSOS FERIMENTOS, CICATRIZES OU TUMORES - EXERESE E ROTACAO DE RETALHO FASCIOCUTANEO OU AXIAL	970.37	970.37
30101565	EXTENSOS FERIMENTOS, CICATRIZES OU TUMORES - EXERESE E ROTACAO DE RETALHOS MIOCUTANEOS	897.43	897.43
30101573	EXTENSOS FERIMENTOS, CICATRIZES OU TUMORES - EXERESE E ROTACAO DE RETALHOS MUSCULARES	897.43	897.43
30101581	EXTENSOS FERIMENTOS, CICATRIZES, OU TUMORES - EXERESE E ENXERTO CUTANEO	757.49	757.49
30101590	FACE - BIOPSIA	163.71	163.71
30101603	FERIMENTOS INFECTADOS E MORDIDAS DE ANIMAIS DESBRIDAMENTO	134.88	134.88
30101611	INCISAO E DRENAGEM DE TENOSSINOVITES PURULENTAS	164.50	164.50
30101620	INCISAO E DRENAGEM DE ABSCESSO, HEMATOMA OU PANARICIO	82.44	82.44
30101638	INCISAO E DRENAGEM DE FLEGMAO	114.60	114.60
30101646	INFILTRACAO INTRALESIONAL, CICATRICIAL / HEMANGIOMAS - POR SESSAO	53.01	53.01
30101662	MATRICECTOMIA POR DOBRA UNGUEAL	128.18	128.18
30101670	PLASTICA EM Z OU W	271.91	271.91
30101689	RECONSTRUCAO COM RETALHOS DE GALEA APONEUROTICA	839.81	839.81
30101697	RETALHO COMPOSTO (INCLUINDO CARTILAGEM OU OSSO)	1133.12	1133.12
30101700	RETALHO LOCAL OU REGIONAL	649.17	649.17
30101719	RETALHO MUSCULAR OU MIOCUTANEO	824.69	824.69
30101735	RETIRADA DE CORPO ESTRANHO SUBCUTANEO	103.68	103.68
30101743	RETRACAO CICATRICIAL DE AXILA - TRATAMENTO CIRURGICO	534.24	534.24
30101751	RETRACAO CICATRICIAL DE ZONA DE FLEXAO E EXTENSAO DE MEMBROS SUPERIORES E INFERIORES - TRATAMENTO CIRURGICO	469.76	469.76
30101760	RETRACAO CICATRICIAL DO COTOVELO - TRATAMENTO CIRURGICO	424.15	424.15
30101778	RETRACAO DE APONEVROSE PALMAR(DUPUYTREN) - TRATAME NTO CIRURGICO	424.15	424.15
30101786	SUTURA DE EXTENSOS FERIMENTOS COM OU SEM DESBRIDAMENTO	380.03	380.03
30101794	SUTURA DE PEQUENOS FERIMENTOS COM OU SEM DESBRIDAMENTO	82.44	82.44
30101808	TRANSECCAO DE RETALHO	321.95	321.95
30101816	TRANSFERENCIA INTERMEDIARIA DE RETALHO	364.99	364.99
30101824	TRATAMENTO CIRURGICO DE BRIDAS CONSTRICTIVAS	897.43	897.43
30101832	TRATAMENTO CIRURGICO DE GRANDES HEMANGIOMAS	1068.24	1068.24
30101840	TRATAMENTO DA MIIASE FURUNCULOIDE (POR LESAO)	103.68	103.68
30101867	TRATAMENTO DE ESCARAS OU ULCERACOES COM ENXERTO DE PELE	788.61	788.61
30101875	TRATAMENTO DE ESCARAS OU ULCERACOES COM RETALHOS CUTANEOS LOCAIS	880.68	880.68
30101883	TRATAMENTO DE ESCARAS OU ULCERACOES COM RETALHOS MIOCUTANEOS OU MUSCULARES	874.31	874.31
30101891	TRATAMENTO DE FISTULA CUTANEA	190.45	190.45
30101913	TU PARTES MOLES - EXERESE	251.63	251.63
30101921	EXERESE E SUTURA DE HEMANGIOMA, LINFANGIOMA OU NEVUS (POR GRUPO DE ATE 5 LESOES)	183.17	183.17
30101930	ABSCESSO DE UNHA DRENAGEM - TRATAMENTO CIRURGICO	85.41	85.41
30101948	CANTOPLASTIA UNGUEAL	153.23	153.23
30101956	UNHA (ENXERTO) - TRATAMENTO CIRURGICO	121.39	121.39
30101964	RETALHO EXPANDIDO	697.43	697.43
30101972	ABDOMINOPLASTIA POS BARIATRICA	1073.38	1073.38
30102014	TERAPIA DE PRESSAO NEGATIVA - CIRURGICA	50.67	50.67
30102022	BIOPSIA DE PELE	82.05	82.05
30102030	BIOPSIA DE TUMORES SUPERFICIAIS	82.05	82.05
30102049	BIOPSIA DE TECIDO CELULAR SUBCUTANEO	82.05	82.05
30102057	BIOPSIA DE LINFONODO SUPERFICIAL	82.05	82.05
30201012	BIOPSIA DE LABIO	85.83	85.83
30201020	EXCISAO COM PLASTICA DE VERMELHAO	424.15	424.15
30201039	EXCISAO COM RECONSTRUCAO A CUSTA DE RETALHOS	699.82	699.82
30201047	EXCISAO COM RECONSTRUCAO TOTAL	1227.66	1227.66
30201055	EXCISAO EM CUNHA	112.59	112.59
30201063	FRENOTOMIA LABIAL	127.47	127.47
30201071	QUEILOPLASTIA PARA FISSURA LABIAL UNILATERAL - POR ESTAGIO	907.99	907.99
30201080	RECONSTRUCAO DE SULCO GENGIVO-LABIAL	430.32	430.32
30201098	RECONSTRUCAO TOTAL DO LABIO	1227.66	1227.66
30201101	TRATAMENTO CIRURGICO DA MACROSTOMIA	462.48	462.48
30201110	TRATAMENTO CIRURGICO DA MICROSTOMIA	458.01	458.01
30201128	RECONSTRUCAO PARCIAL DO LABIO	423.35	423.35
30202019	ALONGAMENTO CIRURGICO DO PALATO MOLE	901.72	901.72
30202027	BIOPSIA DE BOCA	85.83	85.83
30202035	EXCISAO DE LESAO MALIGNA COM RECONSTRUCAO A CUSTA DE RETALHOS LOCAIS	790.38	790.38
30202043	EXCISAO DE TUMOR DE BOCA COM MANDIBULECTOMIA	1147.26	1147.26
30202051	EXERESE DE TUMOR E ENXERTO CUTANEO OU MUCOSO	363.25	363.25
30202060	FISTULA OROFACIAL - TRATAMENTO CIRURGICO	370.34	370.34
30202078	GLOSSECTOMIA SUBTOTAL OU TOTAL, COM OU SEM MANDIBULECTOMIA	1024.99	1024.99
30202086	PALATO-QUEILOPLASTIA UNILATERAL	1001.51	1001.51
30202094	PALATOPLASTIA COM ENXERTO OSSEO	1147.26	1147.26
30202108	PALATOPLASTIA COM RETALHO FARINGEO	1147.26	1147.26
30202116	PALATOPLASTIA COM RETALHO MIOMUCOSO	970.48	970.48
30202124	PALATOPLASTIA PARCIAL	897.43	897.43
30202132	PALATOPLASTIA TOTAL	1068.24	1068.24
30202140	PLASTICA DO DUCTO PAROTIDEO	551.76	551.76
30203015	FRENOTOMIA LINGUAL	127.47	127.47
30203023	TUMOR DE LINGUA - TRATAMENTO CIRURGICO	312.52	312.52
30203031	BIOPSIA DE LINGUA	76.92	76.92
30204011	BIOPSIA DE GLANDULA SALIVAR	174.54	174.54
30204020	EXCISAO DE GLANDULA SUBMANDIBULAR	730.19	730.19
30204038	EXERESE DE RANULA OU MUCOCELE	246.99	246.99
30204046	PAROTIDECTOMIA PARCIAL COM CONSERVACAO DO NERVO FACIAL	1030.89	1030.89
30204054	PAROTIDECTOMIA TOTAL AMPLIADA COM OU SEM RECONSTRUCAO COM RETALHOS LOCAIS	987.92	987.92
30204062	PAROTIDECTOMIA TOTAL COM CONSERVACAO DO NERVO FACIAL	1003.45	1003.45
30204070	PAROTIDECTOMIA TOTAL COM RECONSTRUCAO DO NERVO FACIAL	1698.17	1698.17
30204089	PAROTIDECTOMIA TOTAL COM SACRIFICIO DO NERVO FACIAL, SEM RECONSTRUCAO	602.75	602.75
30204097	PLASTIA DE DUCTO SALIVAR OU EXERESE DE CALCULO OU DE RANULA SALIVAR	227.13	227.13
30204100	RESSECCAO DE TUMOR DE GLANDULA SUBLINGUAL	420.04	420.04
30205018	ABSCESSO FARINGEO - QUALQUER AREA	182.16	182.16
30205026	ADENO TONSILECTOMIA - REVISAO CIRURGICA	353.51	353.51
30205034	ADENO-AMIGDALECTOMIA	436.81	436.81
30205042	ADENOIDECTOMIA	406.29	406.29
30205050	AMIGDALECTOMIA DAS PALATINAS	353.51	353.51
30205069	AMIGDALECTOMIA LINGUAL	353.51	353.51
30205077	BIOPSIA DO CAVUM, OROFARINGE OU HIPOFARINGE	165.30	165.30
30205085	CAUTERIZACAO POR SESSAO	56.21	56.21
30205093	CORPO ESTRANHO DE FARINGE - RETIRADA EM CONSULTORIO	181.99	181.99
30205107	CORPO ESTRANHO DE FARINGE - RETIRADA SOB ANESTESIA GERAL	224.41	224.41
30205115	CRIPTOLISE AMIGDALIANA	283.17	283.17
30205140	FARINGOLARINGECTOMIA	1362.22	1362.22
30205158	FARINGOLARINGOESOFAGECTOMIA TOTAL	1906.53	1906.53
30205166	RESSECCAO DE NASOANGIOFIBROMA	1165.90	1165.90
30205174	RESSECCAO DE TUMOR DE FARINGE (VIA BUCAL OU NASAL)	730.19	730.19
30205182	RESSECCAO DE TUMOR DE FARINGE COM ACESSO POR FARINGOTOMIA OU POR RETALHO JUGAL	754.69	754.69
30205190	RESSECCAO DE TUMOR DE FARINGE COM MANDIBULECTOMIA	1055.86	1055.86
30205204	RESSECCAO DE TUMOR DE FARINGE POR MANDIBULOTOMIA	1365.01	1365.01
30205212	RESSECCAO DE TUMOR DE NASOFARINGE VIA ENDOSCOPICA	368.55	368.55
30205239	TUMOR DE BOCA OU FARINGE - RESSECCAO	643.42	643.42
30205247	UVULOPALATOFARINGOPLASTIA	984.59	984.59
30205271	ADENOIDECTOMIA POR VIDEOENDOSCOPIA	422.23	422.23
30206014	ALARGAMENTO DE TRAQUEOSTOMIA	291.94	291.94
30206022	ARITENOIDECTOMIA MICROCIRURGICA	527.09	527.09
30206030	ARITENOIDECTOMIA OU ARITENOPEXIA VIA EXTERNA	679.91	679.91
30206049	CONFECCAO DE FISTULA TRAQUEO-ESOFAGICA PARA PROTESE FONATORIA COM MIOTOMIA FARINGEA	738.41	738.41
30206065	EXERESE DE TUMOR POR VIA ENDOSCOPICA	404.24	404.24
30206103	INJECAO INTRALARINGEA DE TOXINA BOTULINICA	295.49	295.49
30206120	LARINGECTOMIA PARCIAL	977.40	977.40
30206138	LARINGECTOMIA TOTAL	1465.88	1465.88
30206170	LARINGOFISSURA (INCLUSIVE COM CORDECTOMIA)	563.82	563.82
30206200	LARINGOTRAQUEOPLASTIA	1035.92	1035.92
30206219	MICROCIRURGIA COM LASER PARA REMOCAO DE LESOES MALIGNAS	626.38	626.38
30206227	MICROCIRURGIA COM USO DE LASER PARA RESSECCAO DE LESOES BENIGNAS	466.30	466.30
30206235	MICROCIRURGIA PARA DECORTICACAO OU TRATAMENTO DE EDEMA DE REINKE	434.48	434.48
30206243	MICROCIRURGIA PARA REMOCAO DE CISTO OU LESAO INTRACORDAL	432.41	432.41
30206251	MICROCIRURGIA PARA RESSECCAO DE PAPILOMA	432.41	432.41
30206260	MICROCIRURGIA PARA RESSECCAO DE POLIPO, NODULO OU GRANULOMA	347.61	347.61
30206278	MICROCIRURGIA PARA TRATAMENTO DE PARALISIA DE PREGA VOCAL INCLUI INJECAO DE MATERIAIS	428.63	428.63
30206294	RECONSTRUCAO PARA FONACAO APOS LARINGECTOMIA	773.50	773.50
30206308	TIROPLASTIA TIPO 1 COM ROTACAO DE ARITENOIDE	788.78	788.78
30206316	TIROPLASTIA TIPO 1 SIMPLES	553.44	553.44
30206324	TIROPLASTIA TIPO 2 OU 3	583.23	583.23
30206359	TRATAMENTO CIRURGICO DA ESTENOSE LARINGO-TRAQUEAL	1096.21	1096.21
30206367	TRATAMENTO CIRURGICO DE TRAUMA LARINGEO (AGUDO)	578.38	578.38
30207010	REDUCAO DE FRATURA DO MALAR SEM FIXACAO	426.48	426.48
30207029	REDUCAO DE FRATURA DO MALAR COM FIXACAO	897.43	897.43
30207037	REDUCAO DE FRATURA DE SEIO FRONTAL ACESSO FRONTAL	843.82	843.82
30207045	REDUCAO DE FRATURA DE SEIO FRONTAL ACESSO CORONAL	843.82	843.82
30207061	FRATURA DO ARCO ZIGOMATICO - REDUCAO INSTRUMENTAL SEM FIXACAO	364.99	364.99
30207070	FRATURA DO ARCO ZIGOMATICO - REDUCAO CIRURGICA COM FIXACAO	901.72	901.72
30207088	FRATURA SIMPLES DE MANDIBULA COM CONTENCAO E BLOQU EIO INTERMAXILAR EVENTUAL	843.82	843.82
30207096	FRATURA SIMPLES DE MANDIBULA - REDUCAO CIRURGICA COM FIXACAO OSSEA E BLOQUEIO INTERMAXILAR EVENTUAL	901.72	901.72
30207100	FRATURA NASO ETMOIDO ORBITO-ETMOIDAL	978.55	978.55
30207118	FRATURA COMINUTIVA DE MANDIBULA - REDUCAO CIRURGICA COM FIXACAO OSSEA E BLOQUEIO INTERMAXILAR EVENTUAL	1068.24	1068.24
30207126	FRATURAS COMPLEXAS DE MANDIBULA - REDUCAO CIRURGICA COM FIXACAO OSSEA E EVENTUAL BLOQUEIO INTERMAXILAR	1227.66	1227.66
30207134	FRATURAS ALVEOLARES - FIXACAO COM APARELHO E CONTENCAO	364.99	364.99
30207142	FRATURA DE MAXILA, TIPO LEFORT I E II - REDUCAO E APLICACAO DE LEVANTAMENTO ZIGOMATICO-MAXILAR COM BLOQUEIO INTERMAXILAR EVENTUAL	901.72	901.72
30207150	FRATURA DE MAXILA, TIPO LEFORT III - REDUCAO E APLICACAO DE LEVANTAMENTO CRANIO-MAXILAR COM BLOQUEIO INTERMAXILAR EVENTUAL	913.55	913.55
30207169	FRATURA LEFORT I - FIXACAO CIRURGICA COM SINTESE OSSEA, LEVANTAMENTO E BLOQUEIO INTERMAXILAR EVENTUAL	901.72	901.72
30207177	FRATURA LEFORT II - FIXACAO CIRURGICA COM SINTESE OSSEA, LEVANTAMENTO E BLOQUEIO INTERMAXILAR EVENTUAL	901.72	901.72
30207185	FRATURA LEFORT III - FIXACAO CIRURGICA COM SINTESE OSSEA, LEVANTAMENTO CRANIO-MAXILAR E BLOQUEIO INTERMAXILAR EVENTUAL	1102.33	1102.33
30207193	FRATURAS MULTIPLAS DE TERCO MEDIO DA FACE FIXACAO CIRURGICA COM SINTESE OSSEA, LEVANTAMENTO CRANIO MAXILAR E BLOQUEIO INTERMAXILAR	1365.01	1365.01
30207207	FRATURAS COMPLEXAS DO TERCO MEDIO DA FACE, FIXACAO CIRURGICA COM SINTESE, LEVANTAMENTO CRANIO-MAXILAR, ENXERTO OSSEO, HALO CRANIANO EVENTUAL	1365.01	1365.01
30207215	RETIRADA DOS MEIOS DE FIXACAO NA FACE	192.33	192.33
30207223	TRATAMENTO CONSERVADOR DE FRATURA DE OSSOS	290.55	290.55
30207231	REDUCAO DE LUXACAO DA ATM	372.72	372.72
30208017	ARTROPLASTIA PARA LUXACAO RECIDIVANTE DA ARTICULACAO TEMPORO-MANDIBULAR	905.21	905.21
30208025	OSTEOPLASTIA PARA PROGNATISMO, MICROGNATISMO OU LATEROGNATISMO	905.21	905.21
30208033	OSTEOTOMIAS ALVEOLO PALATINAS	936.90	936.90
30208041	OSTEOTOMIAS SEGMENTARES DA MAXILA OU MALAR	905.21	905.21
30208050	OSTEOTOMIA TIPO LEFORT I	940.91	940.91
30208068	OSTEOTOMIA TIPO LEFORT II	1141.69	1141.69
30208076	OSTEOTOMIA TIPO LEFORT III - EXTRACRANIANA	1185.33	1185.33
30208084	OSTEOTOMIA CRANIO-MAXILARES COMPLEXAS	1379.49	1379.49
30208092	REDUCAO SIMPLES DA LUXACAO DA ARTICULACAO TEMPORO-MANDIBULAR COM FIXACAO INTERMAXILAR	608.13	608.13
30208106	RECONSTRUCAO PARCIAL DA MANDIBULA COM ENXERTO OSSEO	1145.24	1145.24
30208114	RECONSTRUCAO TOTAL DE MANDIBULA COM PROTESE E OU ENXERTO OSSEO	1337.15	1337.15
30208122	TRATAMENTO CIRURGICO DE ANQUILOSE DA ARTICULACAO TEMPORO MANDIBULAR	1365.01	1365.01
30208130	TRANSLOCACAO ETMOIDO ORBITAL PARA TRATAMENTO DO HIPERTELORISMO MIOCUTANEO ASSOCIADO A EXPANSOR DE TECIDO - POR LADO	3087.02	3087.02
30208149	TRATAMENTO CIRURGICO OU ARTROPLASTIA PARA LUXACAO DA ARTICULACAO TEMPORO-MANDIBULAR POR ARTROSCOPIA	973.59	973.59
30208157	OSTEOTOMIA DA MANDIBULA E/OU MAXILA COM APLICACAO DE OSTEODISTRATOR	916.99	916.99
30209013	OSTEOPLASTIAS ETMOIDO ORBITAIS	1141.69	1141.69
30209021	OSTEOPLASTIAS DE MANDIBULA	996.51	996.51
30209030	OSTEOPLASTIAS DO ARCO ZIGOMATICO	901.72	901.72
30209048	OSTEOPLASTIAS DA ORBITA	1227.66	1227.66
30209056	CORRECAO CIRURGICA DE DEPRESSAO (AFUNDAMENTO) DA REGIAO FRONTAL	1128.26	1128.26
30210011	HEMIATROFIA FACIAL, CORRECAO COM ENXERTO DE GORDURA OU IMPLANTE	970.37	970.37
30210020	CORRECAO DE TUMORES, CICATRIZES OU FERIMENTOS COM O AUXILIO DE EXPANSORES DE TECIDOS - POR ESTAGIO	878.50	878.50
30210038	PARALISIA FACIAL - REANIMACAO COM O MUSCULO TEMPORAL (REGIAO ORAL), SEM NEUROTIZACAO	844.15	844.15
30210046	PARALISIA FACIAL - REANIMACAO COM O MUSCULO TEMPORAL (REGIAO ORBITAL), SEM NEUROTIZACAO	820.03	820.03
30210054	PARALISIA FACIAL - REANIMACAO COM O MUSCULO TEMPORAL (REGIAO ORAL) COM NEUROTIZACAO	1556.37	1556.37
30210062	PARALISIA FACIAL - REANIMACAO COM O MUSCULO TEMPORAL (REGIAO ORBITAL E ORAL) COM NEUROTIZACAO	1619.70	1619.70
30210070	RECONSTRUCAO COM RETALHOS AXIAIS SUPRA-ORBITAIS E SUPRATROCLEARES	792.38	792.38
30210089	RECONSTRUCAO COM RETALHO AXIAL DA ARTERIA TEMPORAL SUPERFICIAL	792.38	792.38
30210097	RECONSTRUCAO COM RETALHOS EM VY DE PEDICULO SUBARTERIAL	792.38	792.38
30210100	RECONSTRUCAO COM ROTACAO DO MUSCULO TEMPORAL	965.77	965.77
30210119	EXERESE DE TUMOR MALIGNO DE PELE	224.44	224.44
30210127	EXERESE DE TUMOR BENIGNO, CISTO OU FISTULA	189.45	189.45
30211018	BIOPSIA DE MANDIBULA	242.52	242.52
30211034	RESSECCAO DE TUMOR DE MANDIBULA COM DESARTICULACAO DE ATM	882.78	882.78
30211042	HEMIMANDIBULECTOMIA OU RESSECCAO SEGMENTAR OU SECCIONAL DA MANDIBULA	975.10	975.10
30211050	MANDIBULECTOMIA TOTAL	1128.48	1128.48
30211069	MANDIBULECTOMIA COM OU SEM ESVAZIAMENTO ORBITARIO ERINOTOMIA LATERAL	719.72	719.72
30212014	CERVICOTOMIA EXPLORADORA	699.82	699.82
30212022	DRENAGEM DE ABSCESSO CERVICAL PROFUNDO	422.38	422.38
30212030	ESVAZIAMENTO CERVICAL RADICAL (ESPECIFICAR O LADO)	936.38	936.38
30212049	ESVAZIAMENTO CERVICAL RADICAL AMPLIADO	1130.85	1130.85
30212057	ESVAZIAMENTO CERVICAL SELETIVO (ESPECIFICAR O LADO)	730.19	730.19
30212065	EXERESE DE CISTO BRANQUIAL	623.50	623.50
30212073	EXERESE DE CISTO TIREOGLOSSO	623.50	623.50
30212081	EXERESE DE TUMOR BENIGNO, CISTO OU FISTULA CERVICAL	530.62	530.62
30212090	LINFADENECTOMIA PROFUNDA	429.52	429.52
30212103	LINFADENECTOMIA SUPERFICIAL	193.58	193.58
30212111	NEUROBLASTOMA CERVICAL - EXERESE	1458.55	1458.55
30212120	PUNCAO-BIOPSIA DE PESCOCO	76.92	76.92
30212138	RECONSTRUCAO DE ESOFAGO CERVICAL	970.42	970.42
30212146	RESSECCAO DE TUMOR DE CORPO CAROTIDEO	1355.61	1355.61
30212154	RETRACAO CICATRICIAL CERVICAL - POR ESTAGIO	918.79	918.79
30212162	RETRACAO CICATRICIAL CERVICAL COM EMPREGO DE EXPANSORES DE TECIDO - POR ESTAGIO	903.69	903.69
30212170	TORCICOLO CONGENITO - TRATAMENTO CIRURGICO	792.38	792.38
30212189	TRATAMENTO CIRURGICO DA LIPOMATOSE CERVICAL	623.50	623.50
30212197	TRATAMENTO CIRURGICO DE FISTULA COM RETALHO CUTANEO	373.67	373.67
30213010	BIOPSIA DE TIREOIDE	153.23	153.23
30213029	BOCIO MERGULHANTE: EXTIRPACAO POR ACESSO CERVICO-TORACICO	1227.66	1227.66
30213037	ISTMECTOMIA OU NODULECTOMIA	364.99	364.99
30213045	TIREOIDECTOMIA PARCIAL	721.51	721.51
30213053	TIREOIDECTOMIA TOTAL	849.10	849.10
30214017	BIOPSIA DE PARATIREOIDE	551.76	551.76
30214025	PARATIREOIDECTOMIA COM TORACOTOMIA	1227.66	1227.66
30214033	REIMPLANTE DE PARATIREOIDE PREVIAMENTE PRESERVADA	424.15	424.15
30214041	TRATAMENTO CIRURGICO DO HIPERPARATIREOIDISMO PRIMARIO	788.61	788.61
30214050	TRATAMENTO CIRURGICO DO HIPERPARATIREOIDISMO SECUNDARIO	1141.69	1141.69
30214068	PARATIREOIDECTOMIA TOTAL COM REIMPLANTE PRIMARIO DE PARATIREOIDE	770.48	770.48
30215013	CRANIOPLASTIA	897.43	897.43
30215021	CRANIOTOMIA DESCOMPRESSIVA	1068.24	1068.24
30215030	CRANIOTOMIA PARA TUMORES OSSEOS	788.61	788.61
30215048	RECONSTRUCAO CRANIANA OU CRANIOFACIAL	1555.20	1555.20
30215056	RETIRADA DE CRANIOPLASTIA	703.17	703.17
30215072	TRATAMENTO CIRURGICO DA CRANIOSSINOSTOSE	839.81	839.81
30215080	TRATAMENTO CIRURGICO DA FRATURA DO CRANIO - AFUNDAMENTO	970.37	970.37
30215099	TRATAMENTO CIRURGICO DA OSTEOMIELITE DE CRANIO	790.38	790.38
30301017	ABSCESSO DE PALPEBRA - DRENAGEM	76.54	76.54
30301025	BIOPSIA DE PALPEBRA	95.50	95.50
30301033	BLEFARORRAFIA	177.40	177.40
30301041	CALAZIO - EXERESE	95.50	95.50
30301050	CANTOPLASTIA LATERAL	368.52	368.52
30301068	CANTOPLASTIA MEDIAL	368.52	368.52
30301076	COLOBOMA - COM PLASTICA	529.95	529.95
30301084	CORRECAO CIRURGICA DE ECTROPIO OU ENTROPIO	471.38	471.38
30301114	EPICANTO - CORRECAO CIRURGICA - UNILATERAL	395.07	395.07
30301122	EPILACAO	55.39	55.39
30301130	EPILACAO DE CILIOS (DIATERMO-COAGULACAO)	190.35	190.35
30301149	FISSURA PALPEBRAL - CORRECAO CIRURGICA	551.76	551.76
30301157	LAGOFTALMO - CORRECAO CIRURGICA	464.58	464.58
30301165	PALPEBRA - RECONSTRUCAO PARCIAL (COM OU SEM RESSECCAO DE TUMOR)	336.96	336.96
30301173	PALPEBRA - RECONSTRUCAO TOTAL (COM OU SEM RESSECCAO DE TUMOR) - POR ESTAGIO	652.61	652.61
30301181	PTOSE PALPEBRAL - CORRECAO CIRURGICA - UNILATERAL	549.14	549.14
30301190	RESSECCAO DE TUMORES PALPEBRAIS	200.54	200.54
30301203	RETRACAO PALPEBRAL - CORRECAO CIRURGICA	495.79	495.79
30301211	SIMBLEFARO COM OU SEM ENXERTO - CORRECAO CIRURGICA	466.81	466.81
30301220	SUPERCILIO - RECONSTRUCAO TOTAL	611.11	611.11
30301238	SUTURA DE PALPEBRA	164.50	164.50
30301246	TARSORRAFIA	283.17	283.17
30301254	TELECANTO - CORRECAO CIRURGICA - UNILATERAL	379.64	379.64
30301262	TRIQUIASE COM OU SEM ENXERTO	364.99	364.99
30302013	CORRECAO DA ENOFTALMIA	761.10	761.10
30302021	DESCOMPRESSAO DE ORBITA OU NERVO OTICO	874.31	874.31
30302030	EXENTERACAO COM OSTEOTOMIA	1195.57	1195.57
30302048	EXENTERACAO DE ORBITA	1021.34	1021.34
30302056	EXERESE DE TUMOR COM ABORDAGEM CRANIOFACIAL ONCOLOGICA TEMPO FACIAL PALPEBRA, CAVIDADE ORBITARIA E OLHOS	1418.59	1418.59
30302064	FRATURA DE ORBITA - REDUCAO CIRURGICA	897.43	897.43
30302072	FRATURA DE ORBITA - REDUCAO CIRURGICA E ENXERTO OSSEO	1068.24	1068.24
30302080	IMPLANTE SECUNDARIO DE ORBITA	337.91	337.91
30302099	MICROCIRURGIA PARA TUMORES ORBITARIOS	1430.95	1430.95
30302102	RECONSTITUICAO DE PAREDES ORBITARIAS	1040.61	1040.61
30302110	RECONSTRUCAO PARCIAL DE CAVIDADE ORBITAL - POR ESTAGIO	839.81	839.81
30302129	RECONSTRUCAO TOTAL DA CAVIDADE ORBITAL - POR ESTAGIO	970.37	970.37
30302137	TUMOR DE ORBITA - EXERESE	1068.24	1068.24
30303010	AUTOTRANSPLANTE CONJUNTIVAL	223.18	223.18
30303028	BIOPSIA DE CONJUNTIVA	64.04	64.04
30303036	ENXERTO DE MEMBRANA AMNIOTICA	191.59	191.59
30303044	INFILTRACAO SUBCONJUNTIVAL	33.46	33.46
30303052	PLASTICA DE CONJUNTIVA	312.52	312.52
30303060	PTERIGIO - EXERESE	217.66	217.66
30303079	RECONSTITUICAO DE FUNDO DE SACO	464.58	464.58
30303087	SUTURA DE CONJUNTIVA	145.09	145.09
30303109	TUMOR DE CONJUNTIVA - EXERESE	557.39	557.39
30304016	CAUTERIZACAO DE CORNEA	64.04	64.04
30304024	CERATECTOMIA SUPERFICIAL - MONOCULAR	205.82	205.82
30304032	CORPO ESTRANHO DA CORNEA - RETIRADA	64.04	64.04
30304040	PTK CERATECTOMIA FOTOTERAPEUTICA - MONOCULAR	727.18	727.18
30304059	RECOBRIMENTO CONJUNTIVAL	214.56	214.56
30304067	SUTURA DE CORNEA (COM OU SEM HERNIA DE IRIS)	407.64	407.64
30304075	TARSOCONJUNTIVOCERATOPLASTIA	703.17	703.17
30304091	FOTOABLACAO DE SUPERFICIE CONVENCIONAL - PRK	555.35	555.35
30304105	DELAMINACAO CORNEANA COM FOTOABLACAO ESTROMAL - LASIK	786.04	786.04
30305012	PARACENTESE DA CAMARA ANTERIOR	145.09	145.09
30305020	RECONSTRUCAO DA CAMARA ANTERIOR	970.37	970.37
30305039	REMOCAO DE HIFEMA	703.17	703.17
30305047	RETIRADA DE CORPO ESTRANHO DA CAMARA ANTERIOR	699.82	699.82
30306019	CAPSULOTOMIA YAG OU CIRURGICA	343.65	343.65
30306027	FACECTOMIA COM LENTE INTRA-OCULAR COM FACOEMULSIFICACAO	1191.27	1191.27
30306035	FACECTOMIA COM LENTE INTRA-OCULAR SEM FACOEMULSIFICACAO	1112.31	1112.31
30306043	FACECTOMIA SEM IMPLANTE	703.17	703.17
30306051	FIXACAO IRIANA DE LENTE INTRA-OCULAR	703.17	703.17
30306060	IMPLANTE SECUNDARIO / EXPLANTE / FIXACAO ESCLERAL OU IRIANA	699.82	699.82
30306078	REMOCAO DE PIGMENTOS DA LENTE INTRA-OCULAR COM YAG-LASER	345.29	345.29
30306116	REPOSICIONAMENTO DE LENTES INTRAOCULARES	665.73	665.73
30307015	BIOPSIA DE TUMOR VIA PARS PLANA	309.71	309.71
30307023	BIOPSIA DE VITREO VIA PARS PLANA	292.46	292.46
30307031	ENDOLASER/ENDODIATERMIA	337.94	337.94
30307040	IMPLANTE DE SILICONE INTRAVITREO	542.20	542.20
30307058	INFUSAO DE PERFLUOCARBONO	337.94	337.94
30307066	MEMBRANECTOMIA EPI OU SUB-RETINIANA	699.82	699.82
30307074	RETIRADA DE CORPO ESTRANHO DO CORPO VITREO	699.82	699.82
30307082	RETIRADA DE OLEO DE SILICONE VIA PARS PLANA	839.81	839.81
30307090	TROCA FLUIDO GASOSA	320.37	320.37
30307104	VITRECTOMIA A CEU ABERTO - CERATOPROTESE	1088.92	1088.92
30307112	VITRECTOMIA ANTERIOR	998.25	998.25
30307120	VITRECTOMIA VIAS PARS PLANA	1150.36	1150.36
30308011	BIOPSIA DE ESCLERA	145.09	145.09
30308020	ENXERTO DE ESCLERA QUALQUER TECNICA	970.37	970.37
30308038	SUTURA DE ESCLERA	703.17	703.17
30308046	EXERESE DE TUMOR DE ESCLERA	190.21	190.21
30309018	ENUCLEACAO OU EVISCERACAO COM OU SEM IMPLANTE	635.71	635.71
30309026	INJECAO RETROBULBAR	73.13	73.13
30309034	RECONSTITUICAO DE GLOBO OCULAR COM LESAO DE ESTRUTURAS INTRA-OCULARES	970.37	970.37
30310016	BIOPSIA DE IRIS E CORPO CILIAR	273.40	273.40
30310024	CICLOTERAPIA - QUALQUER TECNICA	315.52	315.52
30310032	CIRURGIAS FISTULIZANTES ANTIGLAUCOMATOSAS	757.49	757.49
30310040	CIRURGIA FISTULIZANTE COM IMPLANTE DE DRENAGEM	865.85	865.85
30310059	DRENAGEM DE DESCOLAMENTO DE COROIDE	458.86	458.86
30310067	FOTOTRABECULOPLASTIA LASER	701.41	701.41
30310075	GONIOTOMIA OU TRABECULOTOMIA	874.31	874.31
30310083	IRIDECTOMIA (LASER OU CIRURGICA)	337.94	337.94
30310091	IRIDOCICLECTOMIA	1068.24	1068.24
30310105	SINEQUIOTOMIA (CIRURGICA)	457.29	457.29
30310113	SINEQUIOTOMIA (LASER)	457.29	457.29
30310148	SUTURA DE IRIS - PUPILOPLASTIA	290.76	290.76
30310156	REVISAO DE CIRURGIA FISTULIZANTE ANTIGLAUCOMATOSA	546.59	546.59
30310172	CIRURGIA ANTIGLAUCOMATOSA VIA ANGULAR, COM IMPLANTE DE DRENAGEM, POR TECNICA MINIMAMENTE INVASIVA	827.84	827.84
30311012	BIOPSIA DE MUSCULOS	145.09	145.09
30311020	CIRURGIA COM SUTURA AJUSTAVEL	626.48	626.48
30311039	ESTRABISMO CICLO VERTICAL/TRANSPOSICAO - MONOCULAR - TRATAMENTO CIRURGICO	740.19	740.19
30311047	ESTRABISMO HORIZONTAL - MONOCULAR - TRATAMENTO CIRURGICO	714.48	714.48
30311055	INJECAO DE TOXINA BOTULINICA - MONOCULAR	206.81	206.81
30311063	CIRURGIA DE NISTAGMO	596.10	596.10
30312019	APLICACAO DE PLACA RADIATIVA EPISCLERAL	632.89	632.89
30312027	BIOPSIA DE RETINA	326.62	326.62
30312035	EXERESE DE TUMOR DE COROIDE E/OU CORPO CILIAR	1004.62	1004.62
30312043	FOTOCOAGULACAO (LASER) - POR SESSAO - MONOCULAR	343.65	343.65
30312051	INFUSAO DE GAS EXPANSOR	254.64	254.64
30312060	PANCRIOTERAPIA PERIFERICA	551.76	551.76
30312078	REMOCAO DE IMPLANTE EPISCLERAL	246.09	246.09
30312086	RETINOPEXIA COM INTROFLEXAO ESCLERAL	970.37	970.37
30312094	RETINOPEXIA PNEUMATICA	549.14	549.14
30312108	RETINOPEXIA PROFILATICA CRIOPEXIA	283.17	283.17
30313015	CIRURGIA DA GLANDULA LACRIMAL	560.36	560.36
30313023	DACRIOCISTECTOMIA - UNILATERAL	551.76	551.76
30313031	DACRIOCISTORRINOSTOMIA COM OU SEM INTUBACAO - UNILATERAL	839.81	839.81
30313040	FECHAMENTO DOS PONTOS LACRIMAIS	64.04	64.04
30313058	RECONSTITUICAO DE VIAS LACRIMAIS COM SILICONE OU OUTRO MATERIAL	570.70	570.70
30313066	SONDAGEM DAS VIAS LACRIMAIS - COM OU SEM LAVAGEM	85.41	85.41
30313074	RECONSTITUICAO DE PONTOS LACRIMAIS	95.10	95.10
30401011	BIOPSIA DE PAVILHAO AURICULAR	135.25	135.25
30401020	EXERESE DE TUMOR COM ABORDAGEM CRANIOFACIAL ONCOLOGICA PAVILHAO AURICULAR TEMPO FACIAL	1585.77	1585.77
30401038	EXERESE DE TUMOR COM FECHAMENTO PRIMARIO	207.82	207.82
30401046	OUTROS DEFEITOS CONGENITOS QUE NAO A MICROTIA	970.37	970.37
30401054	RECONSTRUCAO DE ORELHA - RETOQUES	363.25	363.25
30401062	RECONSTRUCAO DE UNIDADE ANATOMICA DO PAVILHAO AURICULAR - POR ESTAGIO	970.37	970.37
30401070	RECONSTRUCAO TOTAL DE ORELHA (UNICO ESTAGIO)	901.16	901.16
30401089	RESSECCAO DE TUMOR DE PAVILHAO AURICULAR, INCLUINDO PARTE DO OSSO TEMPORAL	1264.19	1264.19
30401097	RESSECCAO SUBTOTAL OU TOTAL DE ORELHA	320.18	320.18
30401100	TRATAMENTO CIRURGICO DE SINUS PRE-AURICULAR	318.62	318.62
30402018	ASPIRACAO AURICULAR	43.38	43.38
30402026	BIOPSIA (ORELHA EXTERNA)	164.50	164.50
30402034	CISTO PRE-AURICULAR (COLOBOMA AURIS) - EXERESE-UNILATERAL	403.43	403.43
30402042	CORPOS ESTRANHOS, POLIPOS OU BIOPSIA - EM CONSULTORIO	168.54	168.54
30402050	CORPOS ESTRANHOS, POLIPOS OU BIOPSIA - EM HOSPITAL SOB ANESTESIA GERAL	216.68	216.68
30402069	ESTENOSE DE CONDUTO AUDITIVO EXTERNO - CORRECAO	752.71	752.71
30402077	FURUNCULO - DRENAGEM (OUVIDO)	82.84	82.84
30402085	PERICONDRITE DE PAVILHAO - TRATAMENTO CIRURGICO COM DESBRIDAMENTO	320.18	320.18
30402093	TUMOR BENIGNO DE CONDUTO AUDITIVO EXTERNO - EXERESE	225.51	225.51
30403014	CAUTERIZACAO DE MEMBRANA TIMPANICA	33.78	33.78
30403030	ESTAPEDECTOMIA OU ESTAPEDOTOMIA	984.59	984.59
30403049	EXPLORACAO E DESCOMPRESSAO PARCIAL DO NERVO FACIAL INTRATEMPORAL	1155.87	1155.87
30403057	FISTULA PERILINFATICA - FECHAMENTO CIRURGICO	467.61	467.61
30403065	GLOMUS JUGULAR - RESSECCAO	1529.06	1529.06
30403073	GLOMUS TIMPANICUS - RESSECCAO	827.99	827.99
30403081	MASTOIDECTOMIA SIMPLES OU RADICAL MODIFICADA	952.80	952.80
30403090	OUVIDO CONGENITO - TRATAMENTO CIRURGICO	1081.58	1081.58
30403103	PARACENTESE DO TIMPANO - MIRINGOTOMIA, UNILATERAL EM CONSULTORIO	155.95	155.95
30403111	TIMPANO-MASTOIDECTOMIA	1312.14	1312.14
30403120	TIMPANOPLASTIA COM RECONSTRUCAO DA CADEIA OSSICULAR	984.59	984.59
30403138	TIMPANOPLASTIA TIPO I - MIRINGOPLASTIA - UNILATERAL	760.07	760.07
30403146	TIMPANOTOMIA EXPLORADORA - UNILATERAL	246.64	246.64
30403154	TIMPANOTOMIA PARA TUBO DE VENTILACAO - UNILATERAL	391.09	391.09
30403162	PARACENTESE DO TIMPANO, UNILATERAL, EM HOSPITAL/ANEST. GERAL	242.52	242.52
30404010	DOENCA DE MENIERE - TRATAMENTO CIRURGICO - DESCOMPRESSAO DO SACO ENDOLINFATICO OU "SHUNT"	1225.81	1225.81
30404029	ENXERTO PARCIAL INTRATEMPORAL DO NERVO FACIAL - DO FORAMEM ESTILO-MASTOIDEO AO GANGLIO GENICULADO	1725.73	1725.73
30404037	ENXERTO PARCIAL INTRATEMPORAL DO NERVO FACIAL - DO GANGLIO GENICULADO AO MEATO ACUSTICO INTERNO	1532.59	1532.59
30404045	ENXERTO TOTAL DO NERVO FACIAL INTRATEMPORAL	2191.72	2191.72
30404053	EXPLORACAO E DESCOMPRESSAO TOTAL DO NERVO FACIAL (TRANSMASTOIDEO, TRANSLABIRINTICO, FOSSA MEDIA)	1619.70	1619.70
30404061	IMPLANTE COCLEAR (EXCETO A PROTESE)	2074.50	2074.50
30404088	LABIRINTECTOMIA (MEMBRANOSA OU OSSEA) - SEM AUDICAO	2290.33	2290.33
30404096	NEURECTOMIA VESTIBULAR PARA FOSSA MEDIA OU POSTERIOR	2517.51	2517.51
30404100	NEURECTOMIA VESTIBULAR TRANSLABIRINTICA - SEM AUDICAO	1538.54	1538.54
30404126	RESSECCAO DO OSSO TEMPORAL	1698.17	1698.17
30404134	TUMOR DO NERVO ACUSTICO - RESSECCAO VIA TRANSLABIRINTICA OU FOSSA MEDIA	1714.60	1714.60
30404150	PROCEDIMENTO CIRURGICO DE IMPLANTE COCLEAR UNILATERAL PRIMEIRA IMPLANTACAO OU SUBSTITUICAO	2172.73	2172.73
30501016	ABSCESSO OU HEMATOMA DE SEPTO NASAL - DRENAGEM	175.40	175.40
30501024	ABSCESSO OU HEMATOMA DE SEPTO NASAL - DRENAGEM SOB ANESTESIA GERAL	224.41	224.41
30501040	ALONGAMENTO DE COLUMELA	703.17	703.17
30501059	BIOPSIA DE NARIZ	82.84	82.84
30501067	CORNETO INFERIOR - CAUTERIZACAO LINEAR - UNILATERAL	173.72	173.72
30501075	CORNETO INFERIOR - INFILTRACAO MEDICAMENTOSA UNILATERAL	82.84	82.84
30501083	CORPOS ESTRANHOS - RETIRADA EM CONSULTORIO NARIZ	101.42	101.42
30501091	CORPOS ESTRANHOS - RETIRADA SOB ANESTESIA GERAL / HOSPITAL NARIZ	184.69	184.69
30501113	EPISTAXE - CAUTERIZACAO	88.72	88.72
30501121	EPISTAXE - CAUTERIZACAO DA ARTERIA ESFENOPALATINA COM MICROSCOPIA - UNILATERAL	918.79	918.79
30501130	EPISTAXE - CAUTERIZACAO DAS ARTERIAS ETMOIDAIS COM MICROSCOPIA - UNILATERAL	880.68	880.68
30501148	EPISTAXE - LIGADURA DAS ARTERIAS ETMOIDAIS - ACESSO TRANSORBITARIO - UNILATERAL	880.68	880.68
30501156	EPISTAXE - TAMPONAMENTO ANTERO-POSTERIOR	314.02	314.02
30501164	EPISTAXE - TAMPONAMENTO ANTERIOR	174.57	174.57
30501172	EPISTAXE - TAMPONAMENTO ANTERO-POSTERIOR SOB ANESTESIA GERAL	320.92	320.92
30501180	EXERESE DE TUMOR COM ABORDAGEM CRANIOFACIAL ONCOLOGICA TEMPO FACIAL PIRAMIDE NASAL	1418.72	1418.72
30501199	EXERESE DE TUMOR NASAL POR VIA ENDOSCOPICA	405.80	405.80
30501202	FECHAMENTO DE FISTULA LIQUORICA TRANSNASAL	777.23	777.23
30501210	FISTULA LIQUORICA - TRATAMENTO CIRURGICO ENDOSCOPICO INTRANASAL	777.23	777.23
30501229	FRATURAS DOS OSSOS NASAIS - REDUCAO CIRURGICA E GESSO	363.25	363.25
30501237	FRATURAS DOS OSSOS NASAIS - REDUCAO INCRUENTA E GESSO	339.56	339.56
30501245	IMPERFURACAO COANAL - CORRECAO CIRURGICA INTRANASAL	1004.77	1004.77
30501253	IMPERFURACAO COANAL - CORRECAO CIRURGICA TRANSPALATINA	816.28	816.28
30501261	OZENA - TRATAMENTO CIRURGICO	869.35	869.35
30501270	PERFURACAO DO SEPTO NASAL - CORRECAO CIRURGICA	1020.62	1020.62
30501288	POLIPECTOMIA - UNILATERAL NARIZ	192.68	192.68
30501296	RECONSTRUCAO DE UNIDADE ANATOMICA DO NARIZ - POR ESTAGIO	970.37	970.37
30501300	RECONSTRUCAO TOTAL DE NARIZ - POR ESTAGIO	970.37	970.37
30501318	RESSECCAO DE TUMORES MALIGNOS TRANSNASAIS	721.98	721.98
30501326	RINECTOMIA PARCIAL	320.18	320.18
30501334	RINECTOMIA TOTAL	604.92	604.92
30501342	RINOPLASTIA REPARADORA	727.18	727.18
30501350	RINOSSEPTOPLASTIA FUNCIONAL	1451.82	1451.82
30501369	SEPTOPLASTIA SEM VIDEO	523.95	523.95
30501377	SINEQUIA NASAL - RESSECCAO UNILATERAL	96.91	96.91
30501385	TRATAMENTO CIRURGICO DA ATRESIA NARINARIA	434.48	434.48
30501393	TRATAMENTO CIRURGICO DE DEFORMIDADE NASAL CONGENITA	878.58	878.58
30501407	TRATAMENTO CIRURGICO DO RINOFIMA	380.09	380.09
30501415	TRATAMENTO CIRURGICO REPARADOR DO NARIZ EM SELA	970.37	970.37
30501423	TRATAMENTO DE DEFORMIDADE TRAUMATICA NASAL	788.61	788.61
30501431	TUMOR INTRANASAL - EXERESE POR RINOTOMIA LATERAL	578.26	578.26
30501440	TUMOR INTRANASAL - EXERESE POR VIA TRANSNASAL	406.18	406.18
30501458	TURBINECTOMIA OU TURBINOPLASTIA - UNILATERAL	181.27	181.27
30501474	CORPOS ESTRANHOS - RETIRADA SOB ANESTESIA GERAL / HOSPITAL (NARIZ) - POR VIDEOENDOSCOPIA	202.16	202.16
30501482	EPISTAXE - CAUTERIZACAO DA ARTERIA ESFENOPALATINA COM MICROSCOPIA - UNILATERAL POR VIDEOENDOSCOPIA	1015.64	1015.64
30501490	IMPERFURACAO COANAL - CORRECAO CIRURGICA INTRANASAL POR VIDEOENDOSCOPIA	1147.11	1147.11
30501547	FRATURA DE OSSO PROPRIO DE NARIZ - TRATAMENTO CONSERVADOR	95.10	95.10
30502012	ANGIOFIBROMA - RESSECCAO TRANSMAXILAR E/OU TRANSPALATINA	986.89	986.89
30502020	ANTROSTOMIA MAXILAR INTRANASAL	443.87	443.87
30502039	ARTERIA MAXILAR INTERNA - LIGADURA TRANSMAXILAR	1111.98	1111.98
30502047	CISTO NASO-ALVEOLAR E GLOBULAR - EXERESE	347.60	347.60
30502063	DESCOMPRESSAO TRANSETMOIDAL DO CANAL OPTICO	1113.08	1113.08
30502071	ETMOIDECTOMIA EXTERNA	743.74	743.74
30502080	ETMOIDECTOMIA INTRANASAL	774.65	774.65
30502098	EXERESE DE TUMOR COM ABORDAGEM CRANIOFACIAL ONCOLOGICA SEIOS...(TEMPO FACIAL)	1418.72	1418.72
30502101	EXERESE DE TUMOR DE SEIOS PARANASAIS POR VIA ENDOSCOPICA	336.25	336.25
30502110	FISTULA ORO-ANTRAL - TRATAMENTO CIRURGICO	777.23	777.23
30502128	FISTULA ORONASAL - TRATAMENTO CIRURGICO	718.47	718.47
30502136	MAXILECTOMIA INCLUINDO EXENTERACAO DE ORBITA	1117.47	1117.47
30502144	MAXILECTOMIA PARCIAL	790.38	790.38
30502152	MAXILECTOMIA TOTAL	961.13	961.13
30502160	POLIPO ANTRO-COANAL DE KILLIAM - EXERESE	409.08	409.08
30502179	PUNCAO MAXILAR TRANSMEATICA OU VIA FOSSA CANINA	181.27	181.27
30502187	RESSECCAO DE TUMOR BENIGNO	623.50	623.50
30502195	BIOPSIA DE SEIOS PARANASAIS - QUALQUER VIA	314.00	314.00
30502209	SINUSECTOMIA MAXILAR - VIA ENDONASAL	816.08	816.08
30502217	SINUSECTOMIA FRONTAL COM RETALHO OSTEOPLASTICO OU VIA CORONAL	794.15	794.15
30502225	SINUSECTOMIA FRONTO-ETMOIDAL POR VIA EXTERNA	780.96	780.96
30502233	SINUSECTOMIA MAXILAR - VIA ORAL (CALDWELL-LUC)	759.79	759.79
30502241	SINUSECTOMIA TRANSMAXILAR (ERMIRO DE LIMA)	740.19	740.19
30502250	SINUSOTOMIA ESFENOIDAL	774.65	774.65
30502268	SINUSOTOMIA FRONTAL INTRANASAL	774.65	774.65
30502276	SINUSOTOMIA FRONTAL VIA EXTERNA	777.23	777.23
30502314	ETMOIDECTOMIA INTRANASAL POR VIDEOENDOSCOPIA	856.31	856.31
30502322	SINUSECTOMIA MAXILAR - VIA ENDONASAL POR VIDEOENDOSCOPIA	856.31	856.31
30601010	CORRECAO DE DEFORMIDADES DA PAREDE TORACICA	1376.90	1376.90
30601029	COSTECTOMIA	790.38	790.38
30601037	ESTERNECTOMIA SUBTOTAL	1207.61	1207.61
30601045	ESTERNECTOMIA TOTAL	1177.03	1177.03
30601053	FECHAMENTO DE PLEUROSTOMIA	372.03	372.03
30601070	MOBILIZACAO DE RETALHOS MUSCULARES OU DO OMENTO	1122.89	1122.89
30601088	PLUMBAGEM EXTRAFASCIAL	1037.32	1037.32
30601096	RECONSTRUCAO DA PAREDE TORACICA (COM OU SEM PROTESE)	1122.89	1122.89
30601100	RECONSTRUCAO DA PAREDE TORACICA COM RETALHOS CUTANEOS	1020.02	1020.02
30601118	RECONSTRUCAO DA PAREDE TORACICA COM RETALHOS MUSCULARES OU MIOCUTANEOS	1024.99	1024.99
30601126	RECONSTRUCAO DA REGIAO ESTERNAL COM RETALHOS MUSCULARES BILATERAIS	1024.91	1024.91
30601134	RESSECCAO DE TUMOR DO DIAFRAGMA E RECONSTRUCAO QUALQUER TECNICA	2702.30	2702.30
30601142	RETIRADA DE CORPO ESTRANHO DA PAREDE TORACICA	699.82	699.82
30601150	TORACECTOMIA	1141.69	1141.69
30601169	TORACOPLASTIA (QUALQUER TECNICA)	1365.01	1365.01
30601177	TORACOTOMIA COM BIOPSIA	814.88	814.88
30601185	TORACOTOMIA EXPLORADORA EXCLUIDOS OS PROCEDIMENTOS INTRATORACICOS	790.38	790.38
30601193	TORACOTOMIA PARA PROCEDIMENTOS ORTOPEDICOS SOBRE A COLUNA VERTEBRAL	1068.24	1068.24
30601207	TRACAO ESQUELETICA DO GRADIL COSTO-ESTERNAL (TRAUMATISMO)	1021.94	1021.94
30601215	TRATAMENTO CIRURGICO DE FRATURAS DO GRADIL COSTAL	1068.24	1068.24
30601223	BIOPSIA CIRURGICA DE COSTELA OU ESTERNO	190.35	190.35
30601231	FRATURA LUXACAO DE ESTERNO OU COSTELA - REDUCAO INCRUENTA	76.54	76.54
30601240	FRATURA LUXACAO DE ESTERNO OU COSTELA - TRATAMENTO CIRURGICO	718.47	718.47
30601258	OSTEOMIELITE DE COSTELA OU ESTERNO - TRATAMENTO CIRURGICO	364.99	364.99
30601266	PUNCAO BIOPSIA DE COSTELA OU ESTERNO	177.40	177.40
30601274	CORRECAO DE DEFORMIDADES DA PAREDE TORACICA POR VIDEO	1536.65	1536.65
30601290	RESSUTURA DE PAREDE TORACICA	965.77	965.77
30601304	FRATURA DE COSTELA OU ESTERNO - TRATAMENTO CONSERVADOR	83.98	83.98
30601312	OSTEOMIELITE DE COSTELA OU ESTERNO - TRATAMENTO CONSERVADOR	95.10	95.10
30602017	BIOPSIA INCISIONAL DE MAMA	173.72	173.72
30602025	COLETA DE FLUXO PAPILAR DE MAMA	28.27	28.27
30602033	CORRECAO CIRURGICA DA ASSIMETRIA MAMARIA	761.14	761.14
30602041	CORRECAO DE INVERSAO PAPILAR - UNILATERAL	202.94	202.94
30602050	DRENAGEM DE ABSCESSO DE MAMA	137.83	137.83
30602068	DRENAGEM E/OU ASPIRACAO DE SEROMA	32.68	32.68
30602076	EXERESE DE LESAO DA MAMA POR MARCACAO ESTEREOTAXICA OU ROLL	730.19	730.19
30602084	EXERESE DE MAMA SUPRA-NUMERARIA - UNILATERAL	339.58	339.58
30602092	EXERESE DE NODULO	214.78	214.78
30602106	FISTULECTOMIA DE MAMA	344.21	344.21
30602114	GINECOMASTIA - UNILATERAL	631.00	631.00
30602130	LINFADENECTOMIA AXILAR	803.73	803.73
30602149	MASTECTOMIA RADICAL OU RADICAL MODIFICADA - QUALQUER TECNICA	1227.66	1227.66
30602157	MASTECTOMIA SIMPLES	790.37	790.37
30602165	MASTECTOMIA SUBCUTANEA E INCLUSAO DA PROTESE	1037.34	1037.34
30602173	MASTOPLASTIA EM MAMA OPOSTA APOS RECONSTRUCAO DA CONTRALATERAL	774.04	774.04
30602181	PUNCAO OU BIOPSIA PERCUTANEA DE AGULHA FINA - POR NODULO (MAXIMO DE 3 NODULOS POR MAMA)	128.61	128.61
30602190	QUADRANTECTOMIA E LINFADENECTOMIA AXILAR	995.08	995.08
30602203	QUADRANTECTOMIA - RESSECCAO SEGMENTAR	601.32	601.32
30602211	RECONSTRUCAO DA PLACA AREOLO MAMILAR - UNILATERAL	361.75	361.75
30602238	RECONSTRUCAO MAMARIA COM RETALHO MUSCULAR OU MIOCUTANEO - UNILATERAL	1126.58	1126.58
30602246	RECONSTRUCAO MAMARIA COM RETALHOS CUTANEOS REGIONAIS	1086.29	1086.29
30602254	RECONSTRUCAO PARCIAL DA MAMA POS-QUADRANTECTOMIA	1030.60	1030.60
30602262	RECONSTRUCAO DA MAMA COM PROTESE E/OU EXPANSOR	1086.29	1086.29
30602289	RESSECCAO DO LINFONODO SENTINELA / TORACICA LATERAL	601.32	601.32
30602297	RESSECCAO DO LINFONODO SENTINELA / TORACICA MEDIAL	774.26	774.26
30602300	RESSECCAO DOS DUCTOS PRINCIPAIS DA MAMA - UNILATERAL	432.47	432.47
30602319	RETIRADA DA VALVULA APOS COLOCACAO DE EXPANSOR PERMANENTE	295.44	295.44
30602327	SUBSTITUICAO DE PROTESE	319.36	319.36
30602335	BIOPSIA PERCUTANEA COM AGULHA GROSSA, EM CONSULTORIO	341.39	341.39
30602343	LINFADENECTOMIA POR INCISAO EXTRA-AXILAR	1257.48	1257.48
30602351	MAMOPLASTIA	541.05	541.05
30602386	ADENOMASTECTOMIA / MASTECTOMIA PRESERVADORA DE PELE, AREOLA E PAPILA	763.02	763.02
30602394	ADENOMASTECTOMIA COM REDUCAO DE EXCESSO DE PELE	786.47	786.47
30602408	CAPSULECTOMIA - RESSECCAO DE CAPSULA DA PROTESE UNILATERAL	577.69	577.69
30602416	MASTECTOMIA PRESERVADORA DE PELE	786.47	786.47
30602424	PAPILECTOMIA DE MAMA - UNILATERAL	424.15	424.15
30602440	REPOSICIONAMENTO COM COMPLEXO AREOLO-PAPILAR - UNILATERAL	356.48	356.48
30602459	RETIRADA DE PROTESE DE MAMA - UNILATERAL	224.94	224.94
30602467	RECONSTRUCAO MAMARIA COM RETALHO MIOCUTANEO DE GRANDE DORSAL	1059.24	1059.24
30701015	ABDOMINAL OU HIPOGASTRICO - TRANSPLANTES CUTANEOS	2324.58	2324.58
30701023	ANTEBRACO - TRANSPLANTES CUTANEOS	2779.33	2779.33
30701031	AXILAR - TRANSPLANTES CUTANEOS	2200.80	2200.80
30701040	COURO CABELUDO - TRANSPLANTES CUTANEOS	2347.03	2347.03
30701058	DELTOPEITORAL - TRANSPLANTES CUTANEOS	2232.94	2232.94
30701066	DIGITAIS (DA FACE VOLAR E LATERO-CUBITAL DOS DEDOS MEDIO E ANULAR DA MAO) - TRANSPLANTES CUTANEOS	2347.03	2347.03
30701074	DIGITAL DO HALLUX - TRANSPLANTES CUTANEOS	1906.53	1906.53
30701082	DORSAL DO PE - TRANSPLANTES CUTANEOS	2335.61	2335.61
30701090	ESCAPULAR - TRANSPLANTES CUTANEOS	2222.47	2222.47
30701104	FEMORAL - TRANSPLANTES CUTANEOS	1906.53	1906.53
30701112	FOSSA POPLITEA - TRANSPLANTES CUTANEOS	1897.23	1897.23
30701120	INGUINO-CURAL - TRANSPLANTES CUTANEOS	2243.94	2243.94
30701139	INTERCOSTAL - TRANSPLANTES CUTANEOS	1814.10	1814.10
30701147	INTERDIGITAL DA 1A COMISSURA DOS DEDOS DO PE - TRANSPLANTES CUTANEOS	1925.21	1925.21
30701155	OUTROS TRANSPLANTES CUTANEOS	1925.21	1925.21
30701163	PARAESCAPULAR	1814.10	1814.10
30701171	RETROAURICULAR	2211.57	2211.57
30701180	TEMPORAL	2222.47	2222.47
30701198	TRANSPLANTE CUTANEO COM MICROANASTOMOSE	2779.33	2779.33
30701201	TRANSPLANTE CUTANEO SEM MICROANASTOMOSE, ILHA NEUROVASCULAR	815.43	815.43
30701210	TRANSPLANTE MIOCUTANEO COM MICROANASTOMOSE	2779.33	2779.33
30702011	GRANDE DORSAL (LATISSIMUS DORSI) - TRANSPLANTES MUSCULO-CUTANEOS COM MICROANASTOMOSES VASCULARES	2347.03	2347.03
30702020	GRANDE GLUTEO (GLUTEUS MAXIMUS)	1925.21	1925.21
30702038	OUTROS TRANSPLANTES MUSCULO-CUTANEOS	1925.21	1925.21
30702046	RETO ABDOMINAL (RECTUS ABDOMINIS)	2347.03	2347.03
30702054	RETO INTERNO (GRACILIS) - TRANSPLANTES MUSCULO-CUTANEOS COM MICROANASTOMOSES VASCULARES	2290.80	2290.80
30702062	SERRATO MAIOR (SERRATUS) - TRANSPLANTES MUSCULO-CUTANEOS COM MICROANASTOMOSES VASCULARES	2243.94	2243.94
30702070	TENSOR DA FASCIA LATA (TENSOR FASCIA LATA) - TRANSPLANTES MUSCULO-CUTANEOS COM MICROANASTOMOSES VASCULARES	2347.03	2347.03
30702089	TRAPEZIO (TRAPEZIUS)	1878.98	1878.98
30703018	BICEPS FEMORAL (BICEPS FEMORIS)	1906.53	1906.53
30703026	EXTENSOR COMUM DOS DEDOS (EXTENSOR DIGITORUM LONGUS)	1130.58	1130.58
30703034	EXTENSOR PROPRIO DO DEDO GORDO (EXTENSOR HALLUCIS LONGUS)	1045.50	1045.50
30703042	FLEXOR CURTO PLANTAR (FLEXOR DIGITORUM BREVIS)	1771.31	1771.31
30703050	GRANDE DORSAL (LATISSIMUS DORSI) - TRANSPLANTES MUSCULARES COM MICROANASTOMOSES VASCULARES	1831.62	1831.62
30703069	GRANDE PEITORAL (PECTORALIS MAJOR)	1925.21	1925.21
30703077	MUSCULO PEDIO (EXTENSOR DIGITORUM BREVIS)	1878.71	1878.71
30703085	OS MUSCULOS LATISSIMUS DORSI, GRACILIS, RECTUS FEMORIS, TENSOR FASCIA LATA, FLEXOR DIGITORUM BREVIS, QUANDO TRANSPLANTADOS COM SUA INERVACAO E PRATICADA A MICRONEURORRAFIA COM FINALIDADE DE RESTAURAR 	2043.85	2043.85
30703093	OUTROS TRANSPLANTES MUSCULARES	1925.21	1925.21
30703107	PRIMEIRO RADIAL EXTERNO (EXTENSOR CARPI RADIALIS LONGUS)	1878.98	1878.98
30703115	RETO ANTERIOR (RECTUS FEMORIS)	2243.94	2243.94
30703123	RETO INTERNO (GRACILIS) - TRANSPLANTES MUSCULARES COM MICROANASTOMOSES VASCULARES	2312.92	2312.92
30703131	SARTORIO (SARTORIUS)	2268.44	2268.44
30703140	SEMIMEMBRANOSO (SEMIMEMBRANOSUS)	2312.92	2312.92
30703158	SEMITENDINOSO (SEMITENDINOSUS)	2335.61	2335.61
30703166	SERRATO MAIOR (SERRATUS) - TRANSPLANTES MUSCULARES COM MICROANASTOMOSES VASCULARES	2200.80	2200.80
30703174	SUPINADOR LONGO (BRACHIORADIALIS)	1858.69	1858.69
30703182	TENSOR DA FASCIA LATA (TENSOR FASCIA LATA) - TRANSPLANTES MUSCULARES COM MICROANASTOMOSES VASCULARES	2222.05	2222.05
30704014	COSTELA	2324.27	2324.27
30704022	ILIACO	2254.95	2254.95
30704030	OSTEOCUTANEO DE ILIACO	2268.44	2268.44
30704049	OSTEOCUTANEOS DE COSTELA	2417.85	2417.85
30704057	OSTEOMUSCULOCUTANEO DE COSTELA	2417.85	2417.85
30704065	OUTROS TRANSPLANTES OSSEOS E OSTEOMUSCULOCUTANEOS	2578.54	2578.54
30704073	PERONIO OU FIBULA	2578.54	2578.54
30704081	TRANSPLANTE OSSEO VASCULARIZADO (MICROANASTOMOSE)	2578.54	2578.54
30705010	AUTOTRANSPLANTE DE DOIS RETALHOS MUSCULARES COMBINADOS, ISOLADOS E ASSOCIADOS ENTRE SI, LIGADOS POR UM UNICO PEDICULO	2578.54	2578.54
30705029	AUTOTRANSPLANTE DE DOIS RETALHOS CUTANEOS COMBINADOS, ISOLADOS E ASSOCIADOS ENTRE SI, LIGADOS POR UM UNICO PEDICULO VASCULAR	2578.54	2578.54
30705037	AUTOTRANSPLANTE DE DOIS RETALHOS, UM CUTANEO COMBINADO A UM MUSCULAR, ISOLADOS E ASSOCIADOS ENTRE SI, LIGADOS POR UM UNICO PEDICULO VASCULAR	2578.54	2578.54
30705045	AUTOTRANSPLANTE DE DOIS RETALHOS, UM CUTANEO COMBINADO A RETALHO OSTEOMUSCULAR, ISOLADOS E ASSOCIADOS ENTRE SI, LIGADOS POR UM UNICO PEDICULO VASCULAR	2501.66	2501.66
30705053	AUTOTRANSPLANTE DE EPIPLON	2441.55	2441.55
30705061	AUTOTRANSPLANTE DE OUTROS RETALHOS, ISOLADOS ENTRE SI, E ASSOCIADOS MEDIANTE UM UNICO PEDICULO VASCULAR COMUNS AOS RETALHOS	2578.54	2578.54
30705070	AUTOTRANSPLANTE DE TRES RETALHOS, UM CUTANEO SEPARADO, COMBINADO A OUTROS DOIS RETALHOS MUSCULARES ISOLADOS E ASSOCIADOS, LIGADOS POR UM UNICO PEDICULO VASCULAR	2578.54	2578.54
30705100	REIMPLANTE DE SEGMENTOS DISTAIS DO MEMBRO SUPERIOR, COM RESSECCAO SEGMENTAR	2504.38	2504.38
30706017	REIMPLANTE DO MEMBRO INFERIOR DO NIVEL MEDIO PROXIMAL DA PERNA ATE A COXA	2417.85	2417.85
30706025	REIMPLANTE DO MEMBRO INFERIOR DO PE ATE O TERCO MEDIO DA PERNA	2465.26	2465.26
30706033	REIMPLANTE DO MEMBRO SUPERIOR, DO NIVEL MEDIO DO ANTEBRACO ATE O OMBRO	2516.74	2516.74
30707013	TRANSPLANTE ARTICULAR DE METATARSOFALANGICA PARA A MAO	2417.85	2417.85
30707021	TRANSPLANTE DE 2 PODODACTILO PARA MAO	2211.44	2211.44
30707030	TRANSPLANTE DE DEDOS DO PE PARA A MAO	2417.85	2417.85
30707048	TRANSPLANTE DO 2 PODODACTILO PARA O POLEGAR	2417.85	2417.85
30707056	TRANSPLANTE DO HALLUX PARA POLEGAR	2211.44	2211.44
30707064	TRANSPLANTE DE DOIS PODODACTILOS PARA A MAO	2417.85	2417.85
30709016	INSTALACAO DE HALO CRANIANO	145.09	145.09
30709024	TRACAO CUTANEA	54.66	54.66
30709032	TRACAO TRANSESQUELETICA (POR MEMBRO)	122.76	122.76
30710014	RETIRADA DE FIOS OU PINOS METALICOS TRANSOSSEOS	204.57	204.57
30710022	RETIRADA DE FIOS, PINOS, PARAFUSOS OU HASTES METALICAS INTRA-OSSEAS	202.14	202.14
30710030	RETIRADA DE PLACAS	246.64	246.64
30710049	RETIRADA DE PROTESES DE SUBSTITUICAO DE PEQUENAS ARTICULACOES	439.72	439.72
30710057	RETIRADA DE FIXADORES EXTERNOS	204.57	204.57
30710065	RETIRADA PROTESE DE SUBSTITUICAO (GRANDES E MEDIAS ARTICULACOES)	697.41	697.41
30711010	IMOBILIZACOES NAO-GESSADAS (QUALQUER SEGMENTO)	16.06	16.06
30711029	IMOBILIZACAO DE MEMBRO INFERIOR	34.34	34.34
30711037	IMOBILIZACAO DE MEMBRO SUPERIOR	18.89	18.89
30712017	AXILO-PALMAR OU PENDENTE	37.56	37.56
30712025	BOTA COM OU SEM SALTO	37.56	37.56
30712033	COLAR	27.90	27.90
30712041	COLETE	54.93	54.93
30712050	CRURO-PODALICO	55.20	55.20
30712068	DUPLA ABDUCAO OU DUCROQUET	54.93	54.93
30712076	HALO-GESSO	215.63	215.63
30712084	INGUINO-MALEOLAR	42.46	42.46
30712092	LUVA	27.90	27.90
30712106	MINERVA OU RISSER PARA ESCOLIOSE	132.14	132.14
30712114	PELVIPODALICO	132.14	132.14
30712122	SPICA-GESSADA	92.20	92.20
30712130	TIPO VELPEAU	56.00	56.00
30712149	TORACO-BRAQUIAL	105.18	105.18
30713021	BIOPSIA OSSEA	95.50	95.50
30713030	BIOPSIAS PERCUTANEA SINOVIAL OU DE TECIDOS MOLES	85.41	85.41
30713048	ENXERTOS EM OUTRAS PSEUDARTROSES	699.82	699.82
30713064	MANIPULACAO ARTICULAR SOB ANESTESIA GERAL	193.60	193.60
30713072	RETIRADA DE ENXERTO OSSEO	503.19	503.19
30713137	PUNCAO ARTICULAR DIAGNOSTICA OU TERAPEUTICA INFILTRACAO - ORIENTADA OU NAO POR METODO DE IMAGEM	67.15	67.15
30713145	PUNCAO EXTRA-ARTICULAR DIAGNOSTICA OU TERAPEUTICA INFILTRACAO/AGULHAMENTO SECO - ORIENTADA OU NAO POR METODO DE IMAGEM	106.33	106.33
30713153	ARTROSCOPIA PARA DIAGNOSTICO COM OU SEM BIOPSIA SINOVIAL	398.35	398.35
30714010	CORPO ESTRANHO INTRA-ARTICULAR - TRATAMENTO CIRURGICO	227.11	227.11
30714028	CORPO ESTRANHO INTRA-OSSEO - TRATAMENTO CIRURGICO	232.67	232.67
30714036	CORPO ESTRANHO INTRAMUSCULAR - TRATAMENTO CIRURGICO	226.03	226.03
30715016	ARTRODESE DA COLUNA C/ INSTRUMENTACAO POR SEGMENTO	1011.10	1011.10
30715024	ARTRODESE DE COLUNA VIA ANTERIOR OU POSTERO LATERAL - TRATAMENTO CIRURGICO	1186.20	1186.20
30715032	BIOPSIA DA COLUNA	392.17	392.17
30715040	BIOPSIA DE CORPO VERTEBRAL COM AGULHA	185.96	185.96
30715059	CIRURGIA DE COLUNA POR VIA ENDOSCOPICA	974.77	974.77
30715067	CORDOTOMIA - MIELOTOMIA	1144.80	1144.80
30715075	COSTELA CERVICAL - TRATAMENTO CIRURGICO	766.63	766.63
30715083	DERIVACAO LOMBAR EXTERNA	422.38	422.38
30715091	DESCOMPRESSAO MEDULAR E/OU CAUDA EQUINA	1039.96	1039.96
30715105	DORSO CURVO / ESCOLIOSE / GIBA COSTAL - TRATAMENTO CIRURGICO	1604.86	1604.86
30715113	ESPONDILOLISTESE - TRATAMENTO CIRURGICO	1207.44	1207.44
30715121	FRATURA DE COLUNA SEM GESSO - TRATAMENTO CONSERVADOR	117.08	117.08
30715130	FRATURA DO COCCIX - REDUCAO INCRUENTA	151.73	151.73
30715148	FRATURA DO COCCIX - TRATAMENTO CIRURGICO	635.71	635.71
30715156	FRATURA E/OU LUXACAO DE COLUNA VERTEBRAL - REDUCAO INCRUENTA	380.03	380.03
30715164	FRATURAS OU FRATURA-LUXACAO DE COLUNA - TRATAMENTO CIRURGICO	995.87	995.87
30715172	HEMIVERTEBRA - RESSECCAO VIA ANTERIOR OU POSTERIOR - TRATAMENTO CIRURGICO	925.27	925.27
30715180	HERNIA DE DISCO TORACO-LOMBAR - TRATAMENTO CIRURGICO	1018.64	1018.64
30715199	LAMINECTOMIA OU LAMINOTOMIA	965.77	965.77
30715202	MICROCIRURGIA PARA TUMORES EXTRA-INTRADURAIS	1573.49	1573.49
30715210	OSTEOMIELITE DE COLUNA - TRATAMENTO CIRURGICO	815.43	815.43
30715229	OSTEOTOMIA DE COLUNA VERTEBRAL - TRATAMENTO CIRURGICO	872.26	872.26
30715237	OUTRAS AFECCOES DA COLUNA - TRATAMENTO INCRUENTO	197.62	197.62
30715245	PSEUDARTROSE DE COLUNA - TRATAMENTO CIRURGICO	1068.24	1068.24
30715253	PUNCAO LIQUORICA	106.33	106.33
30715261	RETIRADA DE CORPO ESTRANHO - TRATAMENTO CIRURGICO	790.38	790.38
30715270	RETIRADA DE MATERIAL DE SINTESE - TRATAMENTO CIRURGICO	757.49	757.49
30715288	SUBSTITUICAO DE CORPO VERTEBRAL	1227.66	1227.66
30715296	TRACAO CERVICAL TRANSESQUELETICA	794.16	794.16
30715300	TRATAMENTO CIRURGICO DA CIFOSE INFANTIL	1620.43	1620.43
30715318	TRATAMENTO CIRURGICO DA LESAO TRAUMATICA RAQUIMEDULAR	1620.43	1620.43
30715326	TRATAMENTO CIRURGICO DAS MALFORMACOES CRANIOVERTEBRAIS	1248.39	1248.39
30715334	TRATAMENTO CIRURGICO DO DISRAFISMO - ESPINHAL	1248.39	1248.39
30715342	TRATAMENTO CONSERVADOR DO TRAUMATISMO RAQUIMEDULAR (POR DIA)	184.69	184.69
30715350	TRATAMENTO MICROCIRURGICO DAS LESOES INTRAMEDULARES (TUMOR, MALFORMACOES ARTERIOVENOSAS, SIRINGOMIELIA, PARASITOSES)	2603.58	2603.58
30715369	TRATAMENTO MICROCIRURGICO DO CANAL VERTEBRAL ESTREITO POR SEGMENTO	1086.29	1086.29
30715385	TUMOR OSSEO VERTEBRAL - RESSECCAO COM SUBSTITUICAO COM OU SEM INSTRUMENTACAO - TRATAMENTO CIRURGICO	1278.87	1278.87
30715393	HERNIA DE DISCO CERVICAL - TRATAMENTO CIRURGICO	1100.45	1100.45
30715407	FRATURA DE COLUNA COM GESSO - TRATAMENTO CONSERVADOR	190.21	190.21
30715423	RADICULOTOMIA	635.95	635.95
30715598	ARTROPLASTIA DISCAL DE COLUNA VERTEBRAL	1069.29	1069.29
30717019	ARTRODESE AO NIVEL DO OMBRO - TRATAMENTO CIRURGICO	832.67	832.67
30717027	ARTROPLASTIA ESCAPULO UMERAL COM IMPLANTE - TRATAMENTO CIRURGICO	1384.75	1384.75
30717035	ARTROTOMIA GLENOUMERAL - TRATAMENTO CIRURGICO	431.61	431.61
30717043	BIOPSIA CIRURGICA DA CINTURA ESCAPULAR	214.56	214.56
30717051	DEFORMIDADE (DOENCA) SPRENGEL - TRATAMENTO CIRURGICO	835.19	835.19
30717060	DESARTICULACAO AO NIVEL DO OMBRO - TRATAMENTO CIRURGICO	901.72	901.72
30717078	ESCAPULA EM RESSALTO - TRATAMENTO CIRURGICO	513.07	513.07
30717086	FRATURA DE CINTURA ESCAPULAR - TRATAMENTO CONSERVADOR	154.35	154.35
30717094	FRATURAS E/OU LUXACOES E/OU AVULSOES - REDUCAO INCRUENTA - EM ARTICULACAO ESCAPULO-UMERAL E CINTURA ESCAPULAR	155.11	155.11
30717108	FRATURAS E/OU LUXACOES E/OU AVULSOES - TRATAMENTO CIRURGICO - EM ARTICULACAO ESCAPULO-UMERAL E CINTURA ESCAPULAR	583.13	583.13
30717116	LUXACOES CRONICAS INVETERADAS E RECIDIVANTES - TRATAMENTO CIRURGICO - EM ARTICULACAO ESCAPULO-UMERAL E CINTURA ESCAPULAR	734.32	734.32
30717124	OSTEOMIELITE AO NIVEL DA CINTURA ESCAPULAR - TRATAMENTO CIRURGICO	561.08	561.08
30717132	PSEUDARTROSES E/OU OSTEOTOMIAS DA CINTURA ESCAPULAR - TRATAMENTO CIRURGICO	763.78	763.78
30717140	RESSECCAO PARCIAL OU TOTAL DE CLAVICULA - TRATAMENTO CIRURGICO	552.65	552.65
30717159	REVISAO CIRURGICA DE PROTESE DE OMBRO	1619.70	1619.70
30717167	TRANSFERENCIAS MUSCULARES AO NIVEL DO OMBRO - TRATAMENTO CIRURGICO	733.75	733.75
30717175	FRATURA DE CLAVICULA OU ESCAPULA - TRATAMENTO CONSERVADOR	126.78	126.78
30718015	AMPUTACAO AO NIVEL DO BRACO - TRATAMENTO CIRURGICO	739.34	739.34
30718023	BIOPSIA CIRURGICA DO UMERO	364.99	364.99
30718031	FIXADOR EXTERNO DINAMICO COM OU SEM ALONGAMENTO - TRATAMENTO CIRURGICO	818.78	818.78
30718040	FRATURA (INCLUINDO DESCOLAMENTO EPIFISARIO) - REDUCAO INCRUENTA	207.00	207.00
30718058	FRATURA (INCLUINDO DESCOLAMENTO EPIFISARIO) - TRATAMENTO CIRURGICO	872.26	872.26
30718066	FRATURA DE UMERO - TRATAMENTO CONSERVADOR	119.62	119.62
30718074	FRATURAS E PSEUDARTROSES - FIXADOR EXTERNO - TRATAMENTO CIRURGICO	575.51	575.51
30718082	OSTEOMIELITE DE UMERO - TRATAMENTO CIRURGICO	780.96	780.96
30718090	PSEUDARTROSES, OSTEOTOMIAS, ALONGAMENTOS/ENCURTAMENTOS - TRATAMENTO CIRURGICO	788.61	788.61
30718104	OSTEOMIELITE DE UMERO - TRATAMENTO INCRUENTO	134.78	134.78
30719011	ARTRODESE - TRATAMENTO CIRURGICO	790.33	790.33
30719020	ARTROPLASTIA COM IMPLANTE - TRATAMENTO CIRURGICO	984.59	984.59
30719038	ARTROPLASTIAS SEM IMPLANTE - TRATAMENTO CIRURGICO	621.76	621.76
30719046	ARTROTOMIA DE COTOVELO - TRATAMENTO CIRURGICO	363.25	363.25
30719054	BIOPSIA CIRURGICA DE COTOVELO	190.45	190.45
30719062	DESARTICULACAO AO NIVEL DO COTOVELO - TRATAMENTO CIRURGICO	774.19	774.19
30719070	FRATURA DE COTOVELO - TRATAMENTO CONSERVADOR	110.47	110.47
30719089	FRATURAS / PSEUDARTROSES / ARTROSES / COM FIXADOR EXTERNO DINAMICO - TRATAMENTO CIRURGICO	698.81	698.81
30719097	FRATURAS E OU LUXACOES - REDUCAO INCRUENTA	223.35	223.35
30719100	FRATURAS E OU LUXACOES - TRATAMENTO CIRURGICO	643.42	643.42
30719119	LESOES LIGAMENTARES - REDUCAO INCRUENTA	151.73	151.73
30719127	TENDINITES, SINOVITES E ARTRITES - TRATAMENTO CIRURGICO	290.55	290.55
30719135	ARTRODIASTASE - TRATAMENTO CIRURGICO COM FIXADOR EXTERNO	682.32	682.32
30720010	ABAIXAMENTO MIOTENDINOSO NO ANTEBRACO	439.54	439.54
30720028	ALONGAMENTO DOS OSSOS DO ANTEBRACO COM FIXADOR EXTERNO DINAMICO - TRATAMENTO CIRURGICO	734.95	734.95
30720036	AMPUTACAO AO NIVEL DO ANTEBRACO - TRATAMENTO CIRURGICO	766.78	766.78
30720044	BIOPSIA CIRURGICA DO ANTEBRACO	181.99	181.99
30720052	CONTRATURA ISQUEMICA DE VOLKMANN - TRATAMENTO CIRURGICO	765.51	765.51
30720060	CORRECAO DE DEFORMIDADE ADQUIRIDA DE ANTEBRACO COM FIXADOR EXTERNO	424.41	424.41
30720079	ENCURTAMENTO SEGMENTAR DOS OSSOS DO ANTEBRACO COM OSTEOSSINTESE - TRATAMENTO CIRURGICO	443.96	443.96
30720087	FRATURA DO ANTEBRACO - TRATAMENTO CONSERVADOR	102.46	102.46
30720095	FRATURA E/OU LUXACOES (INCLUINDO DESCOLAMENTO EPIFISARIO COTOVELO-PUNHO) - TRATAMENTO CIRURGICO	546.88	546.88
30720109	FRATURA E/OU LUXACOES (INCLUINDO DESCOLAMENTO EPIFISARIO) - REDUCAO INCRUENTA	246.99	246.99
30720117	FRATURA VICIOSAMENTE CONSOLIDADA DE ANTEBRACO - TRATAMENTO CIRURGICO	715.12	715.12
30720125	OSTEOMIELITE DOS OSSOS DO ANTEBRACO - TRATAMENTO CIRURGICO	406.29	406.29
30720133	PSEUDARTROSES E OU OSTEOTOMIAS - TRATAMENTO CIRURGICO	751.02	751.02
30720141	RESSECCAO DA CABECA DO RADIO E/ OU DA EXTREMIDADE DISTAL ULNA - TRATAMENTO CIRURGICO	320.61	320.61
30720150	RESSECCAO DO PROCESSO ESTILOIDE DO RADIO - TRATAMENTO CIRURGICO	320.89	320.89
30720168	SINOSTOSE RADIO-ULNAR - TRATAMENTO CIRURGICO	424.41	424.41
30720176	TRATAMENTO CIRURGICO DE FRATURAS COM FIXADOR EXTERNO - ANTEBRACO	433.68	433.68
30721016	AGENESIA DE RADIO (CENTRALIZACAO DA ULNA NO CARPO)	845.75	845.75
30721024	ALONGAMENTO DO RADIO/ULNA - TRATAMENTO CIRURGICO	833.26	833.26
30721032	ARTRODESE ENTRE OS OSSOS DO CARPO	356.59	356.59
30721040	ARTRODESE - FIXADOR EXTERNO	398.53	398.53
30721059	ARTRODESE RADIO-CARPICA OU DO PUNHO	623.50	623.50
30721067	ARTROPLASTIA DO PUNHO (COM IMPLANTE) - TRATAMENTO CIRURGICO	929.93	929.93
30721075	ARTROPLASTIA PARA OSSOS DO CARPO (COM IMPLANTE) - TRATAMENTO CIRURGICO	823.61	823.61
30721083	ARTROTOMIA - TRATAMENTO CIRURGICO - PUNHO	214.56	214.56
30721091	BIOPSIA CIRURGICA DE PUNHO	190.45	190.45
30721105	COTO DE AMPUTACAO PUNHO E ANTEBRACO - REVISAO	203.73	203.73
30721113	DESARTICULACAO DO PUNHO - TRATAMENTO CIRURGICO	521.77	521.77
30721121	ENCURTAMENTO RADIO/ULNAR	794.16	794.16
30721130	FRATURA DE PUNHO - TRATAMENTO CONSERVADOR	110.47	110.47
30721148	FRATURA DE OSSO DO CARPO - REDUCAO CIRURGICA	333.28	333.28
30721156	FRATURA DO CARPO - REDUCAO INCRUENTA	177.41	177.41
30721164	FRATURAS - FIXADOR EXTERNO	433.68	433.68
30721172	FRATURAS DO CARPO - TRATAMENTO CONSERVADOR	151.29	151.29
30721180	FRATURAS E/OU LUXACOES DO PUNHO - REDUCAO INCRUENTA	246.99	246.99
30721199	FRATURAS E/OU LUXACOES DO PUNHO - TRATAMENTO CIRURGICO	546.88	546.88
30721202	LUXACAO DO CARPO - REDUCAO INCRUENTA	119.62	119.62
30721210	PSEUDARTROSES - TRATAMENTO CIRURGICO	607.15	607.15
30721229	RESSECCAO DE OSSO DO CARPO - TRATAMENTO CIRURGICO	374.78	374.78
30721237	REPARACAO LIGAMENTAR DO CARPO	441.93	441.93
30721245	SINOVECTOMIA DE PUNHO - TRATAMENTO CIRURGICO	373.00	373.00
30721253	TRANSPOSICAO DO RADIO PARA ULNA	845.75	845.75
30722012	ABSCESSO DE MAO E DEDOS - TENOSSINOVITES / ESPACOS PALMARES / DORSAIS E COMISSURAIS - TRATAMENTO CIRURGICO	207.55	207.55
30722039	ABSCESSOS DE DEDO (DRENAGEM) - TRATAMENTO CIRURGICO	134.88	134.88
30722047	ALONGAMENTO/TRANSPORTE OSSEO COM FIXADOR EXTERNO	331.05	331.05
30722055	ALONGAMENTOS TENDINOSOS DE MAO	314.02	314.02
30722063	AMPUTACAO AO NIVEL DOS METACARPIANOS - TRATAMENTO CIRURGICO	318.62	318.62
30722071	AMPUTACAO DE DEDO (CADA) - TRATAMENTO CIRURGICO	193.58	193.58
30722080	AMPUTACAO TRANSMETACARPIANA	324.03	324.03
30722098	AMPUTACAO TRANSMETACARPIANA COM TRANSPOSICAO DE DEDO	487.45	487.45
30722101	APONEVROSE PALMAR (RESSECCAO) - TRATAMENTO CIRURGICO	439.80	439.80
30722110	ARTRODESE INTERFALANGEANA / METACARPOFALANGEANA - TRATAMENTO CIRURGICO	320.89	320.89
30722128	ARTROPLASTIA COM IMPLANTE NA MAO (MF E IF) MULTIPLA	986.77	986.77
30722136	ARTROPLASTIA COM IMPLANTE NA MAO (MF OU IF)	986.77	986.77
30722144	ARTROPLASTIA INTERFALANGEANA / METACARPOFALANGEANA - TRATAMENTO CIRURGICO	718.53	718.53
30722152	ARTROTOMIA AO NIVEL DA MAO - TRATAMENTO CIRURGICO	151.73	151.73
30722160	BIOPSIA CIRURGICA DOS OSSOS DA MAO	181.99	181.99
30722179	BRIDAS CONGENITAS - TRATAMENTO CIRURGICO	410.23	410.23
30722209	CAPSULECTOMIAS MULTIPLAS MF OU IF	364.99	364.99
30722217	CAPSULECTOMIAS UNICA MF E IF	227.11	227.11
30722225	CENTRALIZACAO DA ULNA (TRATAMENTO DA MAO TORTA RADIAL)	781.74	781.74
30722233	CONTRATURA ISQUEMICA DE MAO - TRATAMENTO CIRURGICO	539.05	539.05
30722241	COTO DE AMPUTACAO DIGITAL - REVISAO	193.58	193.58
30722250	DEDO COLO DE CISNE - TRATAMENTO CIRURGICO	408.24	408.24
30722268	DEDO EM BOTOEIRA - TRATAMENTO CIRURGICO	408.24	408.24
30722276	DEDO EM GATILHO, CAPSULOTOMIA / FASCIOTOMIA - TRATAMENTO CIRURGICO	193.58	193.58
30722284	DEDO EM MARTELO - TRATAMENTO CIRURGICO	320.89	320.89
30722292	DEDO EM MARTELO - TRATAMENTO CONSERVADOR	181.99	181.99
30722306	ENXERTO OSSEO (PERDA DE SUBSTANCIA) - TRATAMENTO CIRURGICO	507.44	507.44
30722314	EXPLORACAO CIRURGICA DE TENDAO DE MAO	139.18	139.18
30722322	FALANGIZACAO	901.72	901.72
30722330	FIXADOR EXTERNO EM CIRURGIA DA MAO	314.00	314.00
30722349	FRATURA DE FALANGES - TRATAMENTO CONSERVADOR	103.68	103.68
30722357	FRATURA DE BENNETT - REDUCAO INCRUENTA	128.28	128.28
30722365	FRATURA DE BENNETT - TRATAMENTO CIRURGICO	322.44	322.44
30722373	FRATURA DE OSSO DA MAO - TRATAMENTO CONSERVADOR	138.37	138.37
30722381	FRATURA DE METACARPIANO - TRATAMENTO CONSERVADOR	100.96	100.96
30722390	FRATURA/ARTRODESE COM FIXADOR EXTERNO	212.36	212.36
30722403	FRATURAS DE FALANGES OU METACARPIANOS - REDUCAO INCRUENTA	128.28	128.28
30722411	FRATURAS DE FALANGES OU METACARPIANOS - TRATAMENTO CIRURGICO C/ FIXACAO	320.90	320.90
30722420	FRATURAS E/OU LUXACOES DE FALANGES (INTERFALANGEANAS) - REDUCAO INCRUENTA	110.80	110.80
30722438	FRATURAS E/OU LUXACOES DE FALANGES (INTERFALANGEANAS) - TRATAMENTO CIRURGICO	338.68	338.68
30722446	FRATURAS E/OU LUXACOES DE METACARPIANOS - REDUCAO INCRUENTA	162.13	162.13
30722454	GIGANTISMO AO NIVEL DA MAO - TRATAMENTO CIRURGICO	863.24	863.24
30722462	LESOES LIGAMENTARES AGUDAS DA MAO - REPARACAO CIRURGICA	373.00	373.00
30722470	LESOES LIGAMENTARES CRONICAS DA MAO - REPARACAO CIRURGICA	373.00	373.00
30722489	LIGAMENTOPLASTIA COM ANCORA	433.71	433.71
30722497	LUXACAO METACARPOFALANGEANA - REDUCAO INCRUENTA	142.37	142.37
30722500	LUXACAO METACARPOFALANGEANA - TRATAMENTO CIRURGICO	229.32	229.32
30722519	OSTEOMIELITE AO NIVEL DA MAO - TRATAMENTO CIRURGICO	206.55	206.55
30722527	OSTEOSSINTESE DE FRATURA DE FALANGE E METACARPEANA COM FIXACAO EXTERNA	329.01	329.01
30722535	OSTEOSSINTESE DE FRATURA DE FALANGE E METACARPEANA COM USO DE MINIPARAFUSO	329.01	329.01
30722543	PERDA DE SUBSTANCIA DA MAO (REPARACAO) - TRATAMENTO CIRURGICO	433.68	433.68
30722551	PLASTICA UNGUEAL	298.32	298.32
30722560	POLICIZACAO OU TRANSFERENCIA DIGITAL	918.79	918.79
30722578	POLIDACTILIA ARTICULADA - TRATAMENTO CIRURGICO	341.93	341.93
30722586	POLIDACTILIA NAO ARTICULADA - TRATAMENTO CIRURGICO	155.85	155.85
30722594	PROTESE (IMPLANTE) PARA OSSOS DO CARPO	593.01	593.01
30722608	PSEUDARTROSE COM PERDA DE SUBSTANCIAS DE METACARPIANO E FALANGES	467.61	467.61
30722616	PSEUDARTROSE DO ESCAFOIDE - TRATAMENTO CIRURGICO	757.49	757.49
30722624	PSEUDARTROSE DOS OSSOS DA MAO - TRATAMENTO CIRURGICO	408.24	408.24
30722632	RECONSTRUCAO DA FALANGE COM RETALHO HOMODIGITAL	874.31	874.31
30722640	RECONSTRUCAO DE LEITO UNGUEAL	324.05	324.05
30722659	RECONSTRUCAO DO POLEGAR COM RETALHO ILHADO OSTEOCUTANEO ANTEBRAQUIAL	1020.02	1020.02
30722667	REIMPLANTE DE DOIS DEDOS DA MAO	2578.54	2578.54
30722675	REIMPLANTE DO MEMBRO SUPERIOR NIVEL TRANSMETACARPIANO ATE O TERCO DISTAL DO ANTEBRACO	2417.85	2417.85
30722683	REIMPLANTE DO POLEGAR	2578.54	2578.54
30722691	REPARACOES CUTANEAS COM RETALHO ILHADO ANTEBRAQUIAL INVERTIDO	874.31	874.31
30722705	RESSECCAO 1A FILEIRA DOS OSSOS DO CARPO	433.68	433.68
30722713	RESSECCAO DE CISTO SINOVIAL	193.60	193.60
30722721	RETRACAO CICATRICIAL DE MAIS DE UM DEDO, SEM COMPROMETIMENTO TENDINOSO - TRATAMENTO CIRURGICO	335.24	335.24
30722730	RETRACAO CICATRICIAL DE UM DEDO SEM COMPROMETIMENTO TENDINOSO - TRATAMENTO CIRURGICO	209.99	209.99
30722748	RETRACAO CICATRICIAL DOS DEDOS COM LESAO TENDINEA - TRATAMENTO CIRURGICO	408.24	408.24
30722756	REVASCULARIZACAO DO POLEGAR OU OUTRO DEDO	2578.54	2578.54
30722764	ROTURAS DO APARELHO EXTENSOR DE DEDO - REDUCAO INCRUENTA	44.33	44.33
30722772	ROTURAS TENDINO-LIGAMENTARES DA MAO (MAIS QUE 1) - TRATAMENTO CIRURGICO	214.56	214.56
30722780	SEQUESTRECTOMIAS	228.22	228.22
30722799	SINDACTILIA DE 2 DIGITOS - TRATAMENTO CIRURGICO	381.82	381.82
30722802	SINDACTILIA MULTIPLA - TRATAMENTO CIRURGICO	794.16	794.16
30722810	SINOVECTOMIA DA MAO (1 ARTICULACAO)	193.60	193.60
30722829	SINOVECTOMIA DA MAO (MULTIPLAS)	380.03	380.03
30722845	TRANSPOSICAO DE DEDO - TRATAMENTO CIRURGICO	909.81	909.81
30722853	TRATAMENTO CIRURGICO DA POLIDACTILIA MULTIPLA E/OU COMPLEXA	986.77	986.77
30722861	TRATAMENTO CIRURGICO DA SINDACTILIA MULTIPLA COM EMPREGO DE EXPANSOR - POR ESTAGIO	757.64	757.64
30722870	TRATAMENTO DA DOENCA DE KIEMBUCK COM TRANSPLANTE VASCULARIZADO	303.88	303.88
30722888	TRATAMENTO DA PSEUDOARTROSE DO ESCAFOIDE COM TRANSPLANTE OSSEO VASCULARIZADO E FIXACAO COM MICRO PARAFUSO	1020.02	1020.02
30722900	ROTURAS DO APARELHO EXTENSOR DE DEDO - TRATAMENTO CONSERVADOR	86.92	86.92
30722918	ROTURA DO APARELHO EXTENSOR DO DEDO - TRATAMENTO CIRURGICO	176.40	176.40
30723019	BIOPSIA CIRURGICA DE CINTURA PELVICA	190.45	190.45
30723027	DESARTICULACAO INTERILIO ABDOMINAL - TRATAMENTO CIRURGICO	1437.31	1437.31
30723035	FRATURA DA CINTURA PELVICA - TRATAMENTO CONSERVADOR	102.46	102.46
30723043	FRATURA/LUXACAO COM FIXADOR EXTERNO - TRATAMENTO CIRURGICO	697.31	697.31
30723051	FRATURAS E/OU LUXACOES DO ANEL PELVICO (COM UMA OU MAIS ABORDAGENS) - TRATAMENTO CIRURGICO	972.88	972.88
30723060	FRATURAS E/OU LUXACOES DO ANEL PELVICO - REDUCAO INCRUENTA	207.55	207.55
30723078	OSTEOMIELITE AO NIVEL DA PELVE - TRATAMENTO CIRURGICO	790.37	790.37
30723086	OSTEOTOMIAS / ARTRODESES - TRATAMENTO CIRURGICO	897.43	897.43
30723094	FRATURA DE PELVE SEM APARELHO PELVE-PODALICO - TRATAMENTO CONSERVADOR	105.01	105.01
30723108	FRATURA E/OU LUXACAO DE ANEL PELVICO - TRATAMENTO CONSERVADOR	168.02	168.02
30723116	FRATURA OU DISJUNCAO AO NIVEL DA PELVE - TRATAMENTO CONSERVADOR COM GESSO	168.02	168.02
30723124	FRATURA OU DISJUNCAO AO NIVEL DA PELVE - TRATAMENTO CONSERVADOR SEM GESSO	105.01	105.01
30724015	ARTRITE SEPTICA - TRATAMENTO CIRURGICO - ARTICULACAO COXO-FEMORAL	572.71	572.71
30724023	ARTRODESE / FRATURA DE ACETABULO (LIGAMENTOTAXIA) COM FIXADOR EXTERNO	718.47	718.47
30724031	ARTRODESE COXO-FEMORAL EM GERAL - TRATAMENTO CIRURGICO	958.94	958.94
30724040	ARTRODIASTASE DE QUADRIL	634.01	634.01
30724058	ARTROPLASTIA (QUALQUER TECNICA OU VERSAO DE QUADRIL) - TRATAMENTO CIRURGICO	1906.81	1906.81
30724066	ARTROPLASTIA DE QUADRIL INFECTADA (RETIRADA DOS COMPONENTES) - TRATAMENTO CIRURGICO	1040.61	1040.61
30724074	ARTROPLASTIA DE RESSECCAO DO QUADRIL (GIRDLESTONE) - TRATAMENTO CIRURGICO	843.82	843.82
30724082	ARTROPLASTIA PARCIAL DO QUADRIL (TIPO THOMPSON OU QUALQUER TECNICA) - TRATAMENTO CIRURGICO	948.67	948.67
30724090	ARTROTOMIA DE QUADRIL INFECTADA (INCISAO E DRENAGEM DE ARTRITE SEPTICA) SEM RETIRADA DE COMPONENTE - TRATAMENTO CIRURGICO	721.51	721.51
30724104	ARTROTOMIA COXO-FEMORAL - TRATAMENTO CIRURGICO	591.32	591.32
30724112	BIOPSIA CIRURGICA COXO-FEMORAL	549.14	549.14
30724120	DESARTICULACAO COXO-FEMORAL - TRATAMENTO CIRURGICO	891.37	891.37
30724139	EPIFISIODESE C/ ABAIXAMENTO DO GRANDE TROCANTER - TRATAMENTO CIRURGICO	580.62	580.62
30724147	EPIFISIOLISTESE PROXIMAL DE FEMUR (FIXACAO "IN SITU") - TRATAMENTO CIRURGICO	784.70	784.70
30724155	FRATURA DE ACETABULO (COM UMA OU MAIS ABORDAGENS) - TRATAMENTO CIRURGICO	1263.60	1263.60
30724163	FRATURA DE ACETABULO - REDUCAO INCRUENTA	343.89	343.89
30724171	FRATURA E/OU LUXACAO E/OU AVULSAO COXO-FEMORAL - REDUCAO INCRUENTA	278.40	278.40
30724180	FRATURA E/OU LUXACAO E/OU AVULSAO COXO-FEMORAL - TRATAMENTO CIRURGICO	991.53	991.53
30724198	LUXACAO CONGENITA DE QUADRIL (REDUCAO CIRURGICA E OSTEOTOMIA) - TRATAMENTO CIRURGICO	1058.92	1058.92
30724201	LUXACAO CONGENITA DE QUADRIL (REDUCAO CIRURGICA SIMPLES) - TRATAMENTO CIRURGICO	863.14	863.14
30724210	LUXACAO CONGENITA DE QUADRIL (REDUCAO INCRUENTA COM OU SEM TENOTOMIA DE ADUTORES)	733.68	733.68
30724228	OSTEOTOMIA - FIXADOR EXTERNO	703.17	703.17
30724236	OSTEOTOMIAS AO NIVEL DO COLO OU REGIAO TROCANTERIANA (SUGIOKA, MARTIN, BOMBELLI ETC) - TRATAMENTO CIRURGICO	1003.45	1003.45
30724244	OSTEOTOMIAS SUPRA-ACETABULARES (CHIARI, PEMBERTON, "DIAL", ETC) - TRATAMENTO CIRURGICO	1008.27	1008.27
30724252	PUNCAO-BIOPSIA COXO-FEMORAL-ARTROCENTESE	189.45	189.45
30724260	RECONSTRUCAO DE QUADRIL COM FIXADOR EXTERNO	609.88	609.88
30724279	REVISAO DE ARTROPLASTIAS DE QUADRIL COM RETIRADA DE COMPONENTES E IMPLANTE DE PROTESE	1889.92	1889.92
30724287	TRATAMENTO DE NECROSE AVASCULAR POR FORAGEM DE ESTAQUEAMENTO ASSOCIADA A NECROSE MICROCIRURGICA DA CABECA FEMORAL - TRATAMENTO CIRURGICO	723.65	723.65
30725011	ALONGAMENTO / TRANSPORTE OSSEO / PSEUDOARTROSE COM FIXADOR EXTERNO - COXA/FEMUR	790.38	790.38
30725020	ALONGAMENTO DE FEMUR - TRATAMENTO CIRURGICO	819.99	819.99
30725038	AMPUTACAO AO NIVEL DA COXA - TRATAMENTO CIRURGICO	824.69	824.69
30725046	BIOPSIA CIRURGICA DE FEMUR	240.44	240.44
30725054	CORRECAO DE DEFORMIDADE ADQUIRIDA DE FEMUR COM FIXADOR EXTERNO	718.47	718.47
30725062	DESCOLAMENTO EPIFISARIO (TRAUMATICO OU NAO) - REDUCAO INCRUENTA	366.74	366.74
30725070	DESCOLAMENTO EPIFISARIO (TRAUMATICO OU NAO) - TRATAMENTO CIRURGICO	901.72	901.72
30725089	ENCURTAMENTO DE FEMUR - TRATAMENTO CIRURGICO	794.15	794.15
30725097	EPIFISIODESE (POR SEGMENTO) - TRATAMENTO CIRURGICO	324.22	324.22
30725100	FRATURA DE FEMUR - TRATAMENTO CONSERVADOR COM GESSO	186.38	186.38
30725119	FRATURAS DE FEMUR - REDUCAO INCRUENTA	321.40	321.40
30725127	FRATURAS DE FEMUR - TRATAMENTO CIRURGICO	1015.05	1015.05
30725135	FRATURAS, PSEUDARTROSES, CORRECAO DE DEFORMIDADES E ALONGAMENTOS COM FIXADOR EXTERNO DINAMICO - TRATAMENTO CIRURGICO	727.12	727.12
30725143	OSTEOMIELITE DE FEMUR - TRATAMENTO CIRURGICO	1068.24	1068.24
30725151	PSEUDARTROSES E/OU OSTEOTOMIAS - TRATAMENTO CIRURGICO	1068.24	1068.24
30725160	TRATAMENTO CIRURGICO DE FRATURAS COM FIXADOR EXTERNO - COXA/FEMUR	700.71	700.71
30725178	FEMUR - DESCOLAMENTO EPIFISARIO DE EXTREMIDADES SUPERIOR - TRATAMENTO CONSERVADOR COM GESSO	158.49	158.49
30725186	FEMUR - DESCOLAMENTO EPIFISARIO DE EXTREMIDADES SUPERIOR - TRATAMENTO CONSERVADOR SEM GESSO	126.78	126.78
30725194	FRATURA DE EXTREMIDADE SUPERIOR DO FEMUR OU CAVIDADE COTILOIDE - TRATAMENTO CONSERVADOR COM GESSO	176.40	176.40
30725208	NECROSE ASSEPTICA DA CABECA FEMORAL - TRATAMENTO CONSERVADOR	190.21	190.21
30726018	ARTRITE SEPTICA - TRATAMENTO CIRURGICO - JOELHO	549.14	549.14
30726026	ARTRODESE DE JOELHO - TRATAMENTO CIRURGICO	751.55	751.55
30726034	ARTROPLASTIA TOTAL DE JOELHO COM IMPLANTES - TRATAMENTO CIRURGICO	1413.81	1413.81
30726042	ARTROTOMIA - TRATAMENTO CIRURGICO - JOELHO	522.96	522.96
30726050	BIOPSIA CIRURGICA DE JOELHO	217.66	217.66
30726069	DESARTICULACAO DE JOELHO - TRATAMENTO CIRURGICO	744.85	744.85
30726077	EPIFISITES E TENDINITES - TRATAMENTO CIRURGICO	761.10	761.10
30726085	FRATURA DE JOELHO - TRATAMENTO CONSERVADOR	151.29	151.29
30726093	FRATURA E/OU LUXACAO DE PATELA (INCLUSIVE OSTEOCONDRAL) - REDUCAO INCRUENTA	128.19	128.19
30726107	FRATURA E/OU LUXACAO DE PATELA - TRATAMENTO CIRURGICO	530.62	530.62
30726115	FRATURAS E/OU LUXACOES AO NIVEL DO JOELHO - REDUCAO INCRUENTA	185.79	185.79
30726123	FRATURAS E/OU LUXACOES AO NIVEL DO JOELHO - TRATAMENTO CIRURGICO	723.65	723.65
30726131	LESAO AGUDA DE LIGAMENTO COLATERAL, ASSOCIADA A LIGAMENTO CRUZADO E MENISCO - TRATAMENTO CIRURGICO	815.43	815.43
30726140	LESOES AGUDAS E/OU LUXACOES DE MENISCOS (1 OU AMBOS) - TRATAMENTO CIRURGICO	757.49	757.49
30726158	LESOES COMPLEXAS DE JOELHO (FRATURA COM LESAO LIGAMENTAR E MENISCAL) - TRATAMENTO CIRURGICO	845.61	845.61
30726166	LESOES INTRINSECAS DE JOELHO (LESOES CONDRAIS, OSTEOCONDRITE DISSECANTE, PLICA PATOLOGICA, CORPOS LIVRES, ARTROFITOSE.) - TRATAMENTO CIRURGICO	790.38	790.38
30726174	LESOES LIGAMENTARES AGUDAS - TRATAMENTO INCRUENTO	91.70	91.70
30726182	LESOES LIGAMENTARES AGUDAS - TRATAMENTO CIRURGICO	757.49	757.49
30726190	LESOES LIGAMENTARES PERIFERICAS CRONICAS - TRATAMENTO CIRURGICO	782.22	782.22
30726204	LIBERACAO LATERAL E FACECTOMIAS - TRATAMENTO CIRURGICO	782.81	782.81
30726212	MENISCORRAFIA - TRATAMENTO CIRURGICO	549.14	549.14
30726220	OSTEOTOMIAS AO NIVEL DO JOELHO - TRATAMENTO CIRURGICO	790.38	790.38
30726239	REALINHAMENTOS DO APARELHO EXTENSOR - TRATAMENTO CIRURGICO	591.32	591.32
30726247	RECONSTRUCOES LIGAMENTARES DO PIVOT CENTRAL - TRATAMENTO CIRURGICO	788.61	788.61
30726255	REVISOES DE ARTROPLASTIA TOTAL - TRATAMENTO CIRURGICO	1123.15	1123.15
30726263	REVISOES DE REALINHAMENTOS DO APARELHO EXTENSOR - TRATAMENTO CIRURGICO	897.43	897.43
30726271	REVISOES DE RECONSTRUCOES INTRA-ARTICULARES - TRATAMENTO CIRURGICO	897.43	897.43
30726280	TOALETE CIRURGICA - CORRECAO DE JOELHO FLEXO - TRATAMENTO CIRURGICO	591.32	591.32
30726301	TRATAMENTO CIRURGICO DE LUXACOES / ARTRODESE / CONTRATURAS COM FIXADOR EXTERNO	697.31	697.31
30726310	BOLSA PRE-PATELAR - RESSECCAO	190.21	190.21
30727014	ALONGAMENTO / TRANSPORTE OSSEO / PSEUDOARTROSE COM FIXADOR EXTERNO - PERNA	623.50	623.50
30727022	ALONGAMENTO COM FIXADOR DINAMICO - TRATAMENTO CIRURGICO	799.79	799.79
30727030	ALONGAMENTO DOS OSSOS DA PERNA - TRATAMENTO CIRURGICO	799.79	799.79
30727049	AMPUTACAO DE PERNA - TRATAMENTO CIRURGICO	679.09	679.09
30727057	BIOPSIA CIRURGICA DE TIBIA OU FIBULA	214.56	214.56
30727065	CORRECAO DE DEFORMIDADE ADQUIRIDA DE TIBIA COM FIXADOR EXTERNO	689.02	689.02
30727073	CORRECAO DE DEFORMIDADES CONGENITAS NA PERNA COM FIXADOR EXTERNO	754.64	754.64
30727081	ENCURTAMENTO DOS OSSOS DA PERNA - TRATAMENTO CIRURGICO	761.10	761.10
30727090	EPIFISIODESE DE TIBIA / FIBULA - TRATAMENTO CIRURGICO	422.38	422.38
30727103	FRATURA DE OSSO DA PERNA - TRATAMENTO CONSERVADOR	145.28	145.28
30727111	FRATURAS DE FIBULA (INCLUI O DESCOLAMENTO EPIFISARIO) - TRATAMENTO CIRURGICO	623.50	623.50
30727120	FRATURAS DE FIBULA - (INCLUI DESCOLAMENTO EPIFISARIO) - REDUCAO INCRUENTA	128.19	128.19
30727138	FRATURAS DE TIBIA ASSOCIADA OU NAO A FIBULA (INCLUI DESCOLAMENTO EPIFISARIO) - TRATAMENTO CIRURGICO	788.61	788.61
30727146	FRATURAS DE TIBIA E FIBULA (INCLUI DESCOLAMENTO EPIFISARIO) - REDUCAO INCRUENTA	183.74	183.74
30727154	OSTEOMIELITE DOS OSSOS DA PERNA - TRATAMENTO CIRURGICO	489.37	489.37
30727162	OSTEOTOMIAS E/OU PSEUDARTROSES - TRATAMENTO CIRURGICO	897.43	897.43
30727170	TRANSPOSICAO DE FIBULA/TIBIA - TRATAMENTO CIRURGICO	872.26	872.26
30727189	TRATAMENTO CIRURGICO DE FRATURAS DE TIBIA COM FIXADOR EXTERNO	374.83	374.83
30727197	FRATURA DE DOIS OSSOS DA PERNA - TRATAMENTO CONSERVADOR	148.17	148.17
30728010	AMPUTACAO AO NIVEL DO TORNOZELO - TRATAMENTO CIRURGICO	711.03	711.03
30728029	ARTRITE OU OSTEOARTRITE - TRATAMENTO CIRURGICO	431.61	431.61
30728037	ARTRODESE (COM OU SEM ALONGAMENTO SIMULTANEO) COM FIXADOR EXTERNO	767.44	767.44
30728045	ARTRODESE AO NIVEL DO TORNOZELO - TRATAMENTO CIRURGICO	876.27	876.27
30728053	ARTROPLASTIA DE TORNOZELO (COM IMPLANTE) - TRATAMENTO CIRURGICO	1063.99	1063.99
30728061	ARTRORRISE DO TORNOZELO - TRATAMENTO CIRURGICO	761.10	761.10
30728070	ARTROTOMIA DE TORNOZELO - TRATAMENTO CIRURGICO	551.77	551.77
30728088	BIOPSIA CIRURGICA DO TORNOZELO	227.11	227.11
30728096	FRATURA DE TORNOZELO - TRATAMENTO CONSERVADOR	138.51	138.51
30728100	FRATURAS / PSEUDARTROSES / ARTROSES AO NIVEL DO TORNOZELO COM FIXADOR EXTERNO DINAMICO - TRATAMENTO CIRURGICO	723.65	723.65
30728118	FRATURAS E/OU LUXACOES AO NIVEL DO TORNOZELO - REDUCAO INCRUENTA	232.68	232.68
30728126	FRATURAS E/OU LUXACOES AO NIVEL DO TORNOZELO - TRATAMENTO CIRURGICO	815.81	815.81
30728134	LESOES LIGAMENTARES AGUDAS AO NIVEL DO TORNOZELO - TRATAMENTO INCRUENTO	129.73	129.73
30728142	LESOES LIGAMENTARES AGUDAS AO NIVEL DO TORNOZELO - TRATAMENTO CIRURGICO	831.76	831.76
30728150	LESOES LIGAMENTARES CRONICAS AO NIVEL DO TORNOZELO - TRATAMENTO CIRURGICO	631.00	631.00
30728169	OSTEOCONDRITE DE TORNOZELO - TRATAMENTO CIRURGICO	601.32	601.32
30728177	PSEUDARTROSES OU OSTEOTOMIAS AO NIVEL DO TORNOZELO - TRATAMENTO CIRURGICO	824.69	824.69
30729017	AMPUTACAO AO NIVEL DO PE - TRATAMENTO CIRURGICO	730.19	730.19
30729025	AMPUTACAO/DESARTICULACAO DE PODODACTILOS (POR SEGMENTO) - TRATAMENTO CIRURGICO	295.49	295.49
30729033	ARTRITE OU OSTEOARTRITE DOS OSSOS DO PE (INCLUI OSTEOMIELITE) - TRATAMENTO CIRURGICO	233.81	233.81
30729041	ARTRODESE DE TARSO E/OU MEDIO PE - TRATAMENTO CIRURGICO	794.22	794.22
30729050	ARTRODESE METATARSO - FALANGICA OU INTERFALANGICA - TRATAMENTO CIRURGICO	431.61	431.61
30729068	BIOPSIA CIRURGICA DOS OSSOS DO PE	193.58	193.58
30729084	CORRECAO DE DEFORMIDADES DO PE COM FIXADOR EXTERNO DINAMICO - TRATAMENTO CIRURGICO	539.56	539.56
30729092	CORRECAO DE PE TORTO CONGENITO COM FIXADOR EXTERNO	370.37	370.37
30729106	DEFORMIDADE DOS DEDOS - TRATAMENTO CIRURGICO	232.68	232.68
30729114	EXERESE UNGUEAL	92.33	92.33
30729122	FASCIOTOMIA OU RESSECCAO DE FASCIA PLANTAR - TRATAMENTO CIRURGICO	319.36	319.36
30729130	FRATURA DE OSSO DO PE - TRATAMENTO CONSERVADOR	116.36	116.36
30729149	FRATURA E/OU LUXACOES DO PE (EXCETO ANTEPE) - REDUCAO INCRUENTA	106.85	106.85
30729157	FRATURA E/OU LUXACOES DO PE (EXCETO ANTEPE) - TRATAMENTO CIRURGICO	429.52	429.52
30729165	FRATURAS E/OU LUXACOES DO ANTEPE - REDUCAO INCRUENTA	164.87	164.87
30729173	FRATURAS E/OU LUXACOES DO ANTEPE - TRATAMENTO CIRURGICO	298.37	298.37
30729181	HALLUX VALGUS (UM PE) - TRATAMENTO CIRURGICO	558.41	558.41
30729190	OSTEOTOMIA OU PSEUDARTROSE DO TARSO E MEDIO PE - TRATAMENTO CIRURGICO	561.13	561.13
30729203	OSTEOTOMIA OU PSEUDARTROSE DOS METATARSOS/FALANGES - TRATAMENTO CIRURGICO	463.12	463.12
30729211	OSTEOTOMIAS / FRATURAS COM FIXADOR EXTERNO	477.01	477.01
30729220	PE PLANO/PE CAVO/COALISAO TARSAL - TRATAMENTO CIRURGICO	794.22	794.22
30729238	PE TORTO CONGENITO (UM PE) - TRATAMENTO CIRURGICO	863.23	863.23
30729246	RESSECCAO DE OSSO DO PE - TRATAMENTO CIRURGICO	406.29	406.29
30729254	RETRACAO CICATRICIAL DOS DEDOS	381.82	381.82
30729262	ROTURA DO TENDAO DE AQUILES - TRATAMENTO INCRUENTO	93.69	93.69
30729270	ROTURA DO TENDAO DE AQUILES - TRATAMENTO CIRURGICO	431.61	431.61
30729289	TRATAMENTO CIRURGICO DA SINDACTILIA COMPLEXA E /OU MULTIPLA	945.44	945.44
30729297	TRATAMENTO CIRURGICO DA SINDACTILIA SIMPLES	443.96	443.96
30729300	TRATAMENTO CIRURGICO DE GIGANTISMO	972.78	972.78
30729319	TRATAMENTO CIRURGICO DE LINFEDEMA AO NIVEL DO PE	940.85	940.85
30729327	TRATAMENTO CIRURGICO DE POLIDACTILIA MULTIPLA E/OU COMPLEXA	1032.17	1032.17
30729335	TRATAMENTO CIRURGICO DE POLIDACTILIA SIMPLES	217.89	217.89
30729343	TRATAMENTO CIRURGICO DO MAL PERFURANTE PLANTAR	874.31	874.31
30730015	ALONGAMENTO	190.36	190.36
30730023	BIOPSIA DE MUSCULO	134.88	134.88
30730031	DESBRIDAMENTO CIRURGICO DE FERIDAS OU EXTREMIDADES	181.99	181.99
30730040	DESINSERCAO OU MIOTOMIA	206.81	206.81
30730058	DISSECCAO MUSCULAR	217.66	217.66
30730066	DRENAGEM CIRURGICA DO PSOAS	318.62	318.62
30730074	FASCIOTOMIA	319.86	319.86
30730082	FASCIOTOMIA - POR COMPARTIMENTO	271.71	271.71
30730090	FASCIOTOMIAS (DESCOMPRESSIVAS)	319.86	319.86
30730104	FASCIOTOMIAS ACIMA DO PUNHO	321.40	321.40
30730112	MIORRAFIAS	214.56	214.56
30730155	TRANSPOSICAO MUSCULAR	312.24	312.24
30730163	LESAO LIGAMENTAR AGUDA - TRATAMENTO CONSERVADOR	143.21	143.21
30730171	LESOES MUSCULO TENDINOSAS - TRATAMENTO INCRUENTO	134.78	134.78
30731011	ABERTURA DE BAINHA TENDINOSA - TRATAMENTO CIRURGICO	206.81	206.81
30731020	BIOPSIAS CIRURGICAS DE TENDOES, BURSAS E SINOVIAS	181.99	181.99
30731038	BURSECTOMIA - TRATAMENTO CIRURGICO	205.82	205.82
30731046	CISTO SINOVIAL - TRATAMENTO CIRURGICO	190.45	190.45
30731054	ENCURTAMENTO DE TENDAO - TRATAMENTO CIRURGICO	217.66	217.66
30731062	SINOVECTOMIA - TRATAMENTO CIRURGICO	363.25	363.25
30731070	TENOARTROPLASTIA PARA OSSOS DO CARPO	507.44	507.44
30731089	TENODESE	399.89	399.89
30731097	TENOLISE NO TUNEL OSTEOFIBROSO	482.04	482.04
30731100	TENOLISE/TENDONESE - TRATAMENTO CIRURGICO	319.86	319.86
30731119	TENOPLASTIA / ENXERTO DE TENDAO - TRATAMENTO CIRURGICO	430.32	430.32
30731127	TENOPLASTIA DE TENDAO EM OUTRAS REGIOES	343.89	343.89
30731135	TENORRAFIA MULTIPLA EM OUTRAS REGIOES	343.89	343.89
30731143	TENORRAFIA NO TUNEL OSTEOFIBROSO - MAIS DE 2 DIGITOS	617.28	617.28
30731151	TENORRAFIA NO TUNEL OSTEOFIBROSO ATE 2 DIGITOS	420.04	420.04
30731160	TENORRAFIA UNICA EM OUTRAS REGIOES	226.97	226.97
30731178	TENOSSINOVECTOMIA DE MAO OU PUNHO	290.55	290.55
30731186	TENOSSINOVITES ESTENOSANTES - TRATAMENTO CIRURGICO	115.45	115.45
30731194	TENOSSINOVITES INFECCIOSAS - DRENAGEM	186.86	186.86
30731208	TENOTOMIA	363.25	363.25
30731216	TRANSPOSICAO DE MAIS DE 1 TENDAO - TRATAMENTO CIRURGICO	489.37	489.37
30731224	TRANSPOSICAO UNICA DE TENDAO	368.52	368.52
30731232	TUMORES DE TENDAO OU SINOVIAL - TRATAMENTO CIRURGICO	271.91	271.91
30731240	ALONGAMENTO DE TENDOES - TRATAMENTO CRUENTO	241.52	241.52
30731259	ROTURA DE TENDAO DE AQUILES - TRATAMENTO CONSERVADOR	113.22	113.22
30732018	CURETAGEM OU RESSECCAO EM BLOCO DE TUMOR COM RECONSTRUCAO E ENXERTO VASCULARIZADO	1325.00	1325.00
30732026	ENXERTO OSSEO	1101.51	1101.51
30732034	RESSECCAO DA LESAO COM CIMENTACAO E OSTEOSINTESE	792.38	792.38
30732042	REVISAO DE ENDOPROTESE	1072.51	1072.51
30732085	TUMOR OSSEO RESSECCAO COM SUBSTITUICAO	1096.21	1096.21
30732093	TUMOR OSSEO RESSECCAO E ARTRODESE	927.81	927.81
30732107	TUMOR OSSEO (RESSECCAO E CIMENTO)	923.31	923.31
30732115	TUMOR OSSEO RESSECCAO E ENXERTO	1471.63	1471.63
30732123	TUMOR OSSEO RESSECCAO SEGMENTAR	704.12	704.12
30732131	TUMOR OSSEO (RESSECCAO SIMPLES)	627.96	627.96
30733014	SINOVECTOMIA TOTAL - PROCEDIMENTO VIDEOARTROSCOPICO DE JOELHO	1169.50	1169.50
30733022	SINOVECTOMIA PARCIAL OU SUBTOTAL - PROCEDIMENTO VIDEOARTROSCOPICO DE JOELHO	910.61	910.61
30733030	CONDROPLASTIA (COM REMOCAO DE CORPOS LIVRES) - PROCEDIMENTO VIDEOARTROSCOPICO DE JOELHO	1169.50	1169.50
30733049	OSTEOCONDROPLASTIA - ESTABILIZACAO, RESSECCAO E/OU PLASTIA # - PROCEDIMENTO VIDEOARTROSCOPICO DE JOELHO	1256.03	1256.03
30733057	MENISCECTOMIA - UM MENISCO - PROCEDIMENTO VIDEOARTROSCOPICO DE JOELHO	1169.50	1169.50
30733065	REPARO OU SUTURA DE UM MENISCO - PROCEDIMENTO VIDEOARTROSCOPICO DE JOELHO	1067.54	1067.54
30733073	RECONSTRUCAO, RETENCIONAMENTO OU REFORCO DO LIGAMENTO CRUZADO ANTERIOR OU POSTERIOR # - PROCEDIMENTO VIDEOARTROSCOPICO DE JOELHO	1604.34	1604.34
30733081	FRATURA COM REDUCAO E/OU ESTABILIZACAO DA SUPERFICIE ARTICULAR - UM COMPARTIMENTO # - PROCEDIMENTO VIDEOARTROSCOPICO DE JOELHO	1195.48	1195.48
30733090	TRATAMENTO CIRURGICO DA ARTROFIBROSE # - PROCEDIMENTO VIDEOARTROSCOPICO DE JOELHO	1356.98	1356.98
30733103	INSTABILIDADE FEMORO-PATELAR, RELEASE LATERAL DA PATELA, RETENCIONAMENTO, REFORCO OU RECONSTRUCAO DO LIGAMENTO PATELO-FEMORAL MEDIAL # - PROCEDIMENTO VIDEOARTROSCOPICO DE JOELHO	1175.21	1175.21
30734010	SINOVECTOMIA TOTAL - PROCEDIMENTO VIDEOARTROSCOPICO DE TORNOZELO	1169.50	1169.50
30734029	SINOVECTOMIA PARCIAL OU SUBTOTAL - PROCEDIMENTO VIDEOARTROSCOPICO DE TORNOZELO	973.10	973.10
30734037	CONDROPLASTIA (COM REMOCAO DE CORPOS LIVRES) - PROCEDIMENTO VIDEOARTROSCOPICO DE TORNOZELO	1214.59	1214.59
30734045	OSTEOCONDROPLASTIA - ESTABILIZACAO, RESSECCAO E OU PLASTIA (ENXERTIA) # - PROCEDIMENTO VIDEOARTROSCOPICO DE TORNOZELO	1356.98	1356.98
30734053	RECONSTRUCAO, RETENCIONAMENTO OU REFORCO DE LIGAMENTO - PROCEDIMENTO VIDEOARTROSCOPICO DE TORNOZELO	1764.75	1764.75
30734061	FRATURAS - REDUCAO E ESTABILIZACAO DE CADA SUPERFICIE - PROCEDIMENTO VIDEOARTROSCOPICO DE TORNOZELO	1466.07	1466.07
30735017	SINOVECTOMIA TOTAL - PROCEDIMENTO VIDEOARTROSCOPICO DE OMBRO	1169.50	1169.50
30735025	SINOVECTOMIA PARCIAL OU SUBTOTAL - PROCEDIMENTO VIDEOARTROSCOPICO DE OMBRO	973.10	973.10
30735033	ACROMIOPLASTIA - PROCEDIMENTO VIDEOARTROSCOPICO DE OMBRO	1062.35	1062.35
30735041	LESAO LABRAL - PROCEDIMENTO VIDEOARTROSCOPICO DE OMBRO	1508.76	1508.76
30735050	LUXACAO GLENO-UMERAL - PROCEDIMENTO VIDEOARTROSCOPICO DE OMBRO	1508.76	1508.76
30735068	RUPTURA DO MANGUITO ROTADOR - PROCEDIMENTO VIDEOARTROSCOPICO DE OMBRO	1067.54	1067.54
30735076	INSTABILIDADE MULTIDIRECIONAL - PROCEDIMENTO VIDEOARTROSCOPICO DE OMBRO	1508.76	1508.76
30735084	RESSECCAO LATERAL DA CLAVICULA - PROCEDIMENTO VIDEOARTROSCOPICO DE OMBRO	1169.50	1169.50
30735092	TENOTOMIA DA PORCAO LONGA DO BICEPS - PROCEDIMENTO VIDEOARTROSCOPICO DE OMBRO	1169.50	1169.50
30736013	SINOVECTOMIA TOTAL - PROCEDIMENTO VIDEOARTROSCOPICO DE COTOVELO	1169.50	1169.50
30736021	SINOVECTOMIA PARCIAL OU SUBTOTAL - PROCEDIMENTO VIDEOARTROSCOPICO DE COTOVELO	1005.87	1005.87
30736030	CONDROPLASTIA (COM REMOCAO DE CORPOS LIVRES) - PROCEDIMENTO VIDEOARTROSCOPICO DE COTOVELO	1005.87	1005.87
30736048	OSTEOCONDROPLASTIA - ESTABILIZACAO, RESSECCAO E/OU PLASTIA (ENXERTIA) # - PROCEDIMENTO VIDEOARTROSCOPICO DE COTOVELO	1067.54	1067.54
30736056	RECONSTRUCAO, RETENCIONAMENTO OU REFORCO DE LIGAMENTO # - PROCEDIMENTO VIDEOARTROSCOPICO DE COTOVELO	1062.35	1062.35
30736064	FRATURAS: REDUCAO E ESTABILIZACAO PARA CADA SUPERFICIE - PROCEDIMENTO VIDEOARTROSCOPICO DE COTOVELO	1062.35	1062.35
30737010	SINOVECTOMIA TOTAL - PROCEDIMENTO VIDEOARTROSCOPICO DE PUNHO E TUNEL DO CARPO	1175.21	1175.21
30737028	SINOVECTOMIA PARCIAL OU SUBTOTAL - PROCEDIMENTO VIDEOARTROSCOPICO DE PUNHO E TUNEL DO CARPO	915.05	915.05
30737036	CONDROPLASTIA (COM REMOCAO DE CORPOS LIVRES) - PROCEDIMENTO VIDEOARTROSCOPICO DE PUNHO E TUNEL DO CARPO	977.76	977.76
30737044	OSTEOCONDROPLASTIA - ESTABILIZACAO, RESSECCAO E/OU PLASTIA (ENXERTIA) - PROCEDIMENTO VIDEOARTROSCOPICO DE PUNHO E TUNEL DO CARPO	1508.76	1508.76
30737052	RECONSTRUCAO, RETENCIONAMENTO OU REFORCO DE LIGAMENTO OU REPARO DE CARTILAGEM TRIANGULAR # - PROCEDIMENTO VIDEOARTROSCOPICO DE PUNHO E TUNEL DO CARPO	1383.33	1383.33
30737060	FRATURAS - REDUCAO E ESTABILIZACAO DE CADA SUPERFICIE - PROCEDIMENTO VIDEOARTROSCOPICO DE PUNHO E TUNEL DO CARPO	1169.50	1169.50
30737079	TUNEL DO CARPO - DESCOMPRESSAO - PROCEDIMENTO VIDEOARTROSCOPICO DE PUNHO E TUNEL DO CARPO	959.61	959.61
30738016	SINOVECTOMIA TOTAL - PROCEDIMENTO VIDEOARTROSCOPICO DE COXOFEMORAL	1508.76	1508.76
30738024	SINOVECTOMIA PARCIAL E/OU REMOCAO DE CORPOS LIVRES - PROCEDIMENTO VIDEOARTROSCOPICO DE COXOFEMORAL	1169.50	1169.50
30738032	DESBRIDAMENTO DO LABRUM OU LIGAMENTO REDONDO COM OU SEM CONDROPLASTIA - PROCEDIMENTO VIDEOARTROSCOPICO DE COXOFEMORAL	1764.75	1764.75
30738040	TRATAMENTO DO IMPACTO FEMORO-ACETABULAR - PROCEDIMENTO VIDEOARTROSCOPICO DE COXOFEMORAL	2142.61	2142.61
30738059	CONDROPLASTIA COM SUTURA LABRAL - PROCEDIMENTO VIDEOARTROSCOPICO DE COXOFEMORAL	1773.36	1773.36
30801010	COLOCACAO DE ORTOSE TRAQUEAL, TRAQUEOBRONQUICA OU BRONQUICA, POR VIA ENDOSCOPICA (TUBO DE SILICONE OU METALICO)	702.26	702.26
30801028	COLOCACAO DE PROTESE TRAQUEAL OU TRAQUEOBRONQUICA (QUALQUER VIA)	1698.17	1698.17
30801036	FECHAMENTO DE FISTULA TRAQUEO-CUTANEA	1184.27	1184.27
30801044	PUNCAO TRAQUEAL	193.58	193.58
30801052	RESSECCAO CARINAL (TRAQUEOBRONQUICA)	1831.91	1831.91
30801060	RESSECCAO DE TUMOR TRAQUEAL	1756.32	1756.32
30801079	TRAQUEOPLASTIA (QUALQUER VIA)	1756.32	1756.32
30801087	TRAQUEORRAFIA (QUALQUER VIA)	371.85	371.85
30801109	TRAQUEOSTOMIA COM COLOCACAO DE ORTESE TRAQUEAL OU TRAQUEOBRONQUICA POR VIA CERVICAL	780.96	780.96
30801117	TRAQUEOSTOMIA MEDIASTINAL	1309.13	1309.13
30801133	PLASTIA DE TRAQUEOSTOMA	314.00	314.00
30801141	TRAQUEOTOMIA OU FECHAMENTO CIRURGICO	224.41	224.41
30801150	TROCA DE PROTESE TRAQUEO-ESOFAGICA	189.45	189.45
30801168	RESSECCAO DE TUMOR TRAQUEAL POR VIDEOTORACOSCOPIA	1931.34	1931.34
30801176	TRAQUEORRAFIA POR VIDEOTORACOSCOPIA	359.36	359.36
30801184	TRAQUEOSTOMIA COM RETIRADA DE CORPO ESTRANHO	288.95	288.95
30802016	BRONCOPLASTIA E/OU ARTERIOPLASTIA	1585.77	1585.77
30802024	BRONCOTOMIA E/OU BRONCORRAFIA	1287.02	1287.02
30802032	COLOCACAO DE MOLDE BRONQUICO POR TORACOTOMIA	1351.73	1351.73
30802040	BRONCOPLASTIA E/OU ARTERIOPLASTIA POR VIDEOTORACOSCOPIA	1781.84	1781.84
30802059	BRONCOTOMIA E/OU BRONCORRAFIA POR VIDEOTORACOSCOPIA	359.36	359.36
30803012	BULECTOMIA UNILATERAL	1451.47	1451.47
30803020	CIRURGIA REDUTORA DO VOLUME PULMONAR UNILATERAL (QUALQUER TECNICA)	1671.10	1671.10
30803039	CISTO PULMONAR CONGENITO - TRATAMENTO CIRURGICO	1486.87	1486.87
30803047	CORRECAO DE FISTULA BRONCO-PLEURAL (QUALQUER TECNICA)	1669.88	1669.88
30803055	DRENAGEM TUBULAR ABERTA DE CAVIDADE PULMONAR	805.99	805.99
30803063	EMBOLECTOMIA PULMONAR	2477.70	2477.70
30803071	LOBECTOMIA POR MALFORMACAO PULMONAR	1411.83	1411.83
30803080	LOBECTOMIA PULMONAR	1585.77	1585.77
30803098	METASTASECTOMIA PULMONAR UNILATERAL (QUALQUER TECNICA)	980.56	980.56
30803101	PNEUMONECTOMIA	1585.77	1585.77
30803110	PNEUMONECTOMIA DE TOTALIZACAO	1679.29	1679.29
30803128	PNEUMORRAFIA	843.82	843.82
30803136	PNEUMOSTOMIA (CAVERNOSTOMIA) COM COSTECTOMIA E ESTOMA CUTANEO-CAVITARIO	1271.19	1271.19
30803144	POSICIONAMENTO DE AGULHAS RADIATIVAS POR TORACOTOMIA (BRAQUITERAPIA)	711.23	711.23
30803152	SEGMENTECTOMIA (QUALQUER TECNICA)	983.33	983.33
30803160	TROMBOENDARTERECTOMIA PULMONAR	3323.28	3323.28
30803179	BULECTOMIA UNILATERAL POR VIDEOTORACOSCOPIA	1619.88	1619.88
30803187	CIRURGIA REDUTORA DO VOLUME PULMONAR UNILATERAL POR VIDEOTORACOSCOPIA	1761.90	1761.90
30803195	CORRECAO DE FISTULA BRONCO-PLEURAL POR VIDEOTORACOSCOPIA	1683.61	1683.61
30803209	DRENAGEM TUBULAR ABERTA DE CAVIDADE PULMONAR POR VIDEOTORACOSCOPIA	890.95	890.95
30803217	LOBECTOMIA PULMONAR POR VIDEOTORACOSCOPIA	1781.84	1781.84
30803225	METASTASECTOMIA PULMONAR UNILATERAL POR VIDEOTORACOSCOPIA	1010.77	1010.77
30803233	SEGMENTECTOMIA POR VIDEOTORACOSCOPIA	1081.69	1081.69
30803241	BIOPSIA TRANSCUTANEA DE PULMAO POR AGULHA	190.21	190.21
30804019	BIOPSIA PERCUTANEA DE PLEURA POR AGULHA	211.33	211.33
30804027	DESCORTICACAO PULMONAR	1251.52	1251.52
30804035	PLEURECTOMIA	978.55	978.55
30804043	PLEURODESE (QUALQUER TECNICA)	481.28	481.28
30804051	PLEUROSCOPIA	872.26	872.26
30804060	PLEUROSTOMIA (ABERTA)	529.96	529.96
30804086	PUNCAO PLEURAL	166.49	166.49
30804094	REPLECAO DE CAVIDADE PLEURAL COM SOLUCAO DE ANTIBIOTICO PARA TRATAMENTO DE EMPIEMA	419.47	419.47
30804108	RESSECCAO DE TUMOR DA PLEURA LOCALIZADO	1245.50	1245.50
30804116	RETIRADA DE DRENO TUBULAR TORACICO (COLOCADO EM OUTRO SERVICO)	85.41	85.41
30804124	TENDA PLEURAL	817.11	817.11
30804132	TORACOSTOMIA COM DRENAGEM PLEURAL FECHADA	480.86	480.86
30804140	TRATAMENTO OPERATORIO DA HEMORRAGIA INTRAPLEURAL	1163.80	1163.80
30804159	DESCORTICACAO PULMONAR POR VIDEOTORACOSCOPIA	1396.72	1396.72
30804167	PLEURECTOMIA POR VIDEOTORACOSCOPIA	1081.69	1081.69
30804175	PLEURODESE POR VIDEO	456.95	456.95
30804183	PLEUROSCOPIA POR VIDEO	964.20	964.20
30804191	RESSECCAO DE TUMOR DA PLEURA LOCALIZADO POR VIDEO	1396.72	1396.72
30804205	TENDA PLEURAL POR VIDEO	866.29	866.29
30804213	TRATAMENTO OPERATORIO DA HEMORRAGIA INTRAPLEURAL POR VIDEO	1256.03	1256.03
30805015	RESSECCAO DE BOCIO INTRATORACICO	794.32	794.32
30805023	BIOPSIA DE LINFONODOS PRE-ESCALENICOS OU DO CONFLUENTE VENOSO	364.99	364.99
30805031	BIOPSIA DE TUMOR DO MEDIASTINO (QUALQUER VIA)	431.61	431.61
30805040	CISTO OU DUPLICACAO BRONQUICA OU ESOFAGICA - TRATAMENTO CIRURGICO	1554.98	1554.98
30805074	LIGADURA DE ARTERIAS BRONQUICAS POR TORACOTOMIA PARA CONTROLE DE HEMOPTISE	1177.01	1177.01
30805082	LIGADURA DO DUCTO-TORACICO (QUALQUER VIA)	1251.52	1251.52
30805090	LINFADENECTOMIA MEDIASTINAL	1141.69	1141.69
30805104	MEDIASTINOSCOPIA, VIA CERVICAL	810.24	810.24
30805112	MEDIASTINOTOMIA (VIA PARAESTERNAL, TRANSESTERNAL, CERVICAL)	970.37	970.37
30805120	MEDIASTINOTOMIA EXTRAPLEURAL POR VIA POSTERIOR	978.55	978.55
30805139	PERICARDIOTOMIA COM ABERTURA PLEURO-PERICARDICA (QUALQUER TECNICA)	1257.48	1257.48
30805147	RESSECCAO DE TUMOR DE MEDIASTINO	1585.77	1585.77
30805155	TIMECTOMIA (QUALQUER VIA)	1451.47	1451.47
30805163	TRATAMENTO DA MEDIASTINITE (QUALQUER VIA)	1169.50	1169.50
30805171	VAGOTOMIA TRONCULAR TERAPEUTICA POR TORACOTOMIA	1131.81	1131.81
30805180	BIOPSIA DE TUMOR DO MEDIASTINO POR VIDEO	852.17	852.17
30805198	CISTO OU DUPLICACAO BRONQUICA OU ESOFAGICA - TRATAMENTO CIRURGICO POR VIDEO	1685.78	1685.78
30805201	LIGADURA DE ARTERIAS BRONQUICAS PARA CONTROLE DE HEMOPTISE POR VIDEO	1294.20	1294.20
30805210	LIGADURA DE DUCTO-TORACICO POR VIDEO	1396.72	1396.72
30805228	LINFADENECTOMIA MEDIASTINAL POR VIDEO	1262.03	1262.03
30805236	MEDIASTINOSCOPIA, VIA CERVICAL POR VIDEO	852.22	852.22
30805244	MEDIASTINOTOMIA EXTRAPLEURAL POR VIA POSTERIOR POR VIDEO	1081.69	1081.69
30805252	PERICARDIOTOMIA COM ABERTURA PLEURO-PERICARDICA POR VIDEO	1363.59	1363.59
30805260	RESSECCAO DE TUMOR DE MEDIASTINO POR VIDEO	1781.84	1781.84
30805279	TIMECTOMIA POR VIDEO	1619.88	1619.88
30805287	TRATAMENTO DA MEDIASTINITE POR VIDEO	1180.83	1180.83
30805295	RETIRADA DE CORPO ESTRANHO DO MEDIASTINO	912.33	912.33
30806011	ABSCESSO SUBFRENICO - TRATAMENTO CIRURGICO	794.16	794.16
30806020	EVENTRACAO DIAFRAGMATICA - TRATAMENTO CIRURGICO	1451.47	1451.47
30806038	HERNIA DIAFRAGMATICA - TRATAMENTO CIRURGICO (QUALQUER TECNICA)	1906.81	1906.81
30806054	HERNIA DIAFRAGMATICA - TRATAMENTO CIRURGICO POR VIDEO	2152.87	2152.87
30806062	HERNIA DIAFRAGMATICA CONGENITA - TRATAMENTO CIRURGICO QUALQUER VIA	1862.85	1862.85
30901014	AMPLIACAO (ANEL VALVAR, GRANDES VASOS, ATRIO, VENTRICULO)	1619.70	1619.70
30901022	CANAL ARTERIAL PERSISTENTE - CORRECAO CIRURGICA	1289.05	1289.05
30901030	COARCTACAO DA AORTA - CORRECAO CIRURGICA	1434.68	1434.68
30901049	CONFECCAO DE BANDAGEM DA ARTERIA PULMONAR	1365.01	1365.01
30901057	CORRECAO CIRURGICA DA COMUNICACAO INTERATRIAL	1888.21	1888.21
30901065	CORRECAO CIRURGICA DA COMUNICACAO INTERVENTRICULAR	2580.20	2580.20
30901073	CORRECAO DE CARDIOPATIA CONGENITA + CIRURGIA VALVAR	3797.37	3797.37
30901081	CORRECAO DE CARDIOPATIA CONGENITA + REVASCULARIZACAO DO MIOCARDIO	3760.25	3760.25
30901090	REDIRECIONAMENTO DO FLUXO SANGUINEO (COM ANASTOMOSE DIRETA, RETALHO, TUBO) - EM DEFEITOS CARDIACOS CONGENITOS	3405.14	3405.14
30901103	RESSECCAO (INFUNDIBULO, SEPTO, MEMBRANAS, BANDAS) -EM DEFEITOS CARDIACOS CONGENITOS	1585.77	1585.77
30901111	TRANSPOSICOES (VASOS, CAMARAS) - EM DEFEITOS CARDIACOS CONGENITOS	3988.19	3988.19
30902010	AMPLIACAO DO ANEL VALVAR	3118.07	3118.07
30902029	CIRURGIA MULTIVALVAR	3405.14	3405.14
30902037	COMISSUROTOMIA VALVAR	2489.44	2489.44
30902045	PLASTIA VALVAR	2847.71	2847.71
30902053	TROCA VALVAR	3057.91	3057.91
30903017	ANEURISMECTOMIA DE VE	3118.07	3118.07
30903025	REVASCULARIZACAO DO MIOCARDIO	3339.58	3339.58
30903033	REVASCULARIZACAO DO MIOCARDIO + CIRURGIA VALVAR	3815.72	3815.72
30903041	VENTRICULECTOMIA PARCIAL - EM CORONARIOPATIAS	2793.06	2793.06
30904013	CARDIO-ESTIMULACAO TRANSESOFAGICA (CETE), TERAPEUTICA OU DIAGNOSTICA	339.14	339.14
30904021	IMPLANTE DE DESFIBRILADOR INTERNO, PLACAS E ELETRODOS	1619.70	1619.70
30904064	IMPLANTE DE ESTIMULADOR CARDIACO ARTIFICIAL MULTISSITIO	1619.70	1619.70
30904080	INSTALACAO DE MARCA-PASSO EPIMIOCARDIO TEMPORARIO	422.38	422.38
30904099	IMPLANTE DE MARCA-PASSO TEMPORARIO A BEIRA DO LEITO	393.73	393.73
30904102	RECOLOCACAO DE ELETRODO / GERADOR COM OU SEM TROCA DE UNIDADES	751.02	751.02
30904110	RETIRADA DO SISTEMA (NAO APLICAVEL NA TROCA DO GERADOR)	761.10	761.10
30904129	TROCA DE GERADOR	489.37	489.37
30904137	IMPLANTE DE MARCA-PASSO MONOCAMERAL (GERADOR + ELETRODO ATRIAL OU VENTRICULAR)	751.02	751.02
30904145	IMPLANTE DE MARCA-PASSO BICAMERAL (GERADOR + ELETRODO ATRIAL E VENTRICULAR)	1122.89	1122.89
30904153	REMOCAO DE CABO-ELETRODO DE MARCAPASSO E/OU CARDIO-DESFIBRILADOR IMPLANTAVEL COM AUXILIO DE DILATADOR MECANICO, LASER OU RADIOFREQUENCIA	1315.31	1315.31
30905010	COLOCACAO DE BALAO INTRA-AORTICO	516.16	516.16
30905028	COLOCACAO DE STENT NA AORTA SEM CEC	1015.09	1015.09
30905036	INSTALACAO DO CIRCUITO DE CIRCULACAO EXTRACORPOREA CONVENCIONAL	721.51	721.51
30905044	INSTALACAO DO CIRCUITO DECIRCULACAO EXTRACORPOREA EM CRIANCAS DE BAIXO PESO(10 KG))	721.51	721.51
30905052	DERIVACAO CAVO-ATRIAL	1296.06	1296.06
30905060	PERFUSIONISTA - EM PROCEDIMENTOS CARDIACOS	687.21	687.21
30905079	INSTALACAO DE DISPOSITIVO DE ASSISTENCIA VENTRICULAR ESQUERDA DAVE POR TORACOTOMIA	1057.31	1057.31
30905087	MANUTENCAO DE DISPOSITIVO DE ASSISTENCIA VENTRICULAR ESQUERDA DAVE	109.37	109.37
30906016	ANEURISMA DE AORTA ABDOMINAL INFRA-RENAL	1773.34	1773.34
30906024	ANEURISMA DE AORTA ABDOMINAL SUPRA-RENAL	2268.45	2268.45
30906032	ANEURISMA DE AORTA-TORACICA	3207.99	3207.99
30906040	ANEURISMA DE ARTERIAS VISCERAIS	1136.67	1136.67
30906059	ANEURISMA DE AXILAR, FEMORAL, POPLITEA	1543.80	1543.80
30906067	ANEURISMA DE CAROTIDA, SUBCLAVIA, ILIACA	1543.80	1543.80
30906075	ANEURISMAS - OUTROS	1543.80	1543.80
30906083	ANEURISMAS TORACICOS OU TORACO-ABDOMINAIS	3270.13	3270.13
30906113	ANGIOPLASTIA TRANSLUMINAL TRANSOPERATORIA - POR ARTERIA	756.38	756.38
30906121	ARTERIA HIPOGASTRICA - UNILATERAL - QUALQUER TECNICA	1305.78	1305.78
30906130	ARTERIA MESENTERICA INFERIOR - QUALQUER TECNICA	1773.34	1773.34
30906148	ARTERIA MESENTERICA SUPERIOR - QUALQUER TECNICA	1785.45	1785.45
30906156	ARTERIA RENAL BILATERAL REVASCULARIZACAO	1619.70	1619.70
30906164	CATETERISMO DA ARTERIA RADIAL - PARA PAM	111.34	111.34
30906172	CORRECAO DAS DISSECCOES DA AORTA	3479.55	3479.55
30906180	ENDARTERECTOMIA AORTO-ILIACA	1130.85	1130.85
30906199	ENDARTERECTOMIA CAROTIDEA - CADA SEGMENTO ARTERIAL TRATADO	1619.70	1619.70
30906202	ENDARTERECTOMIA ILIACO-FEMORAL	923.39	923.39
30906210	LIGADURA DE CAROTIDA OU RAMOS	828.71	828.71
30906229	PONTE AORTO-BIFEMORAL	1785.45	1785.45
30906237	PONTE AORTO-BIILIACA	1706.28	1706.28
30906245	PONTE AORTO-FEMORAL - UNILATERAL	1208.54	1208.54
30906253	PONTE AORTO-ILIACA - UNILATERAL	1208.54	1208.54
30906261	PONTE AXILO-BIFEMORAL	1080.24	1080.24
30906270	PONTE AXILO-FEMORAL	1031.55	1031.55
30906288	PONTE DISTAL	1706.45	1706.45
30906296	PONTE FEMORO POPLITEA PROXIMAL	1125.37	1125.37
30906300	PONTE FEMORO-FEMORAL CRUZADA	1130.75	1130.75
30906318	PONTE FEMORO-FEMORAL IPSILATERAL	986.89	986.89
30906326	PONTE SUBCLAVIO BIFEMORAL	951.96	951.96
30906334	PONTE SUBCLAVIO FEMORAL	926.03	926.03
30906342	PONTES AORTO-CERVICAIS OU ENDARTERECTOMIAS DOS TRONCOS SUPRA-AORTICOS	1809.77	1809.77
30906350	PONTES TRANSCERVICAIS - QUALQUER TIPO	1458.76	1458.76
30906377	PREPARO DE VEIA AUTOLOGA PARA REMENDOS VASCULARES	189.45	189.45
30906385	ARTERIOPLASTIA DA FEMORAL PROFUNDA (PROFUNDOPLASTIA)	820.06	820.06
30906393	REOPERACAO DE AORTA ABDOMINAL	1908.24	1908.24
30906407	RETIRADA DE ENXERTO INFECTADO EM POSICAO NAO AORTICA	1551.32	1551.32
30906415	REVASCULARIZACAO AORTO-FEMORAL - UNILATERAL	1312.01	1312.01
30906423	REVASCULARIZACAO ARTERIAL DE MEMBRO SUPERIOR	1414.95	1414.95
30906431	TRATAMENTO CIRURGICO DA ISQUEMIA CEREBRAL	2347.03	2347.03
30906440	TRATAMENTO CIRURGICO DE SINDROME VERTEBRO BASILAR	1367.64	1367.64
30906458	TRATAMENTO CIRURGICO DE TUMOR CAROTIDEO	1330.66	1330.66
30906466	TRONCO CELIACO - QUALQUER TECNICA	1785.45	1785.45
30907012	CIRURGIA DE RESTAURACAO VENOSA COM PONTES EM CAVIDADES	1619.70	1619.70
30907020	CIRURGIA DE RESTAURACAO VENOSA COM PONTES NOS MEMBROS	1619.70	1619.70
30907039	CURA CIRURGICA DA IMPOTENCIA COEUNDI VENOSA	1063.25	1063.25
30907047	CURA CIRURGICA DE HIPERTENSAO PORTAL - QUALQUER TIPO	1556.37	1556.37
30907063	ESCLEROTERAPIA DE VEIAS - POR SESSAO	49.11	49.11
30907071	FULGURACAO DE TELANGIECTASIAS (POR GRUPO)	64.29	64.29
30907080	IMPLANTE DE FILTRO DE VEIA CAVA	715.05	715.05
30907098	INTERRUPCAO CIRURGICA VEIA CAVA INFERIOR	635.71	635.71
30907101	TRATAMENTO CIRURGICO DE VARIZES COM LIPODERMATOESCLEROSE OU ULCERA (UM MEMBRO)	1051.46	1051.46
30907110	TROMBECTOMIA VENOSA	1585.77	1585.77
30907128	VALVULOPLASTIA OU INTERPOSICAO DE SEGMENTO VALVULADO VENOSO	1411.83	1411.83
30907136	VARIZES - TRATAMENTO CIRURGICO DE DOIS MEMBROS	1141.69	1141.69
30907144	VARIZES - TRATAMENTO CIRURGICO DE UM MEMBRO	699.82	699.82
30907152	VARIZES - RESSECCAO DE COLATERAIS COM ANESTESIA LOCAL EM CONSULTORIO / AMBULATORIO	320.63	320.63
30908019	FISTULA AORTO-CAVA, RENO-CAVA OU ILIO-ILIACA	1730.59	1730.59
30908027	FISTULA ARTERIOVENOSA - COM ENXERTO	880.54	880.54
30908035	FISTULA ARTERIOVENOSA CERVICAL OU CEFALICA EXTRACRANIANA	1408.23	1408.23
30908043	FISTULA ARTERIOVENOSA CONGENITA - REINTERVENCAO	748.63	748.63
30908051	FISTULA ARTERIOVENOSA CONGENITA - CORRECAO CIRURGICA RADICAL	1619.70	1619.70
30908060	FISTULA ARTERIOVENOSA CONGENITA PARA REDUCAO DE FLUXO	1142.12	1142.12
30908078	FISTULA ARTERIOVENOSA DIRETA	312.24	312.24
30908086	FISTULA ARTERIOVENOSA DOS GRANDES VASOS INTRATORACICOS	1695.67	1695.67
30908094	FISTULA ARTERIOVENOSA DOS MEMBROS	1111.98	1111.98
30908108	TROMBOEMBOLECTOMIA DE FISTULA ARTERIOVENOSA	1025.67	1025.67
30909023	HEMODIALISE CONTINUA (12H)	311.64	311.64
30909031	HEMODIALISE CRONICA (POR SESSAO)	200.21	200.21
30909139	HEMODEPURACAO DE CASOS AGUDOS (SESSAO HEMODIALISE, HEMOFILTRACAO, HEMODIAFILTRACAO ISOLADA, PLASMAFERESE OU HEMOPERFUSAO) - ATE 4 HORAS OU FRACAO	307.05	307.05
30909147	HEMODEPURACAO DE CASOS AGUDOS (SESSAO HEMODIALISE, HEMOFILTRACAO, HEMODIAFILTRACAO ISOLADA, PLASMAFERESE OU HEMOPERFUSAO) - ATE 12 HORAS	385.76	385.76
30909155	HEMODIALFILTRACAO ONLINE HDF-OL	186.19	186.19
30910013	ANEURISMA ROTO OU TROMBOSADO DE AORTA ABDOMINAL ABAIXO DA ARTERIA RENAL	1785.45	1785.45
30910021	ANEURISMAS ROTOS OU TROMBOSADOS - OUTROS	1730.83	1730.83
30910030	ANEURISMAS ROTOS OU TROMBOSADOS DE AORTA ABDOMINAL ACIMA DA ARTERIA RENAL	1687.16	1687.16
30910048	ANEURISMAS ROTOS OU TROMBOSADOS DE ARTERIAS VISCERAIS	1705.78	1705.78
30910056	ANEURISMAS ROTOS OU TROMBOSADOS DE AXILAR, FEMORAL, POPLITEA	1730.83	1730.83
30910064	ANEURISMAS ROTOS OU TROMBOSADOS DE CAROTIDA, SUBCLAVIA, ILIACA	1679.20	1679.20
30910072	ANEURISMAS ROTOS OU TROMBOSADOS TORACICOS OU TORACO-ABDOMINAIS	3285.76	3285.76
30910080	EMBOLECTOMIA OU TROMBO - EMBOLECTOMIA ARTERIAL	1068.24	1068.24
30910099	EXPLORACAO VASCULAR EM TRAUMAS DE OUTROS SEGMENTOS	1068.24	1068.24
30910102	EXPLORACAO VASCULAR EM TRAUMAS TORACICOS E ABDOMINAIS	1585.77	1585.77
30910110	LESOES VASCULARES CERVICAIS E CERVICO TORACICAS	1785.45	1785.45
30910129	LESOES VASCULARES DE MEMBRO INFERIOR OU SUPERIOR-UNILATERAL	1111.98	1111.98
30910137	LESOES VASCULARES INTRA-ABDOMINAIS	1619.70	1619.70
30910145	LESOES VASCULARES TRAUMATICAS INTRATORACICAS	1925.21	1925.21
30911028	AVALIACAO FISIOLOGICA DA GRAVIDADE DE OBSTRUCOES (CATETER OU GUIA)	298.37	298.37
30911036	BIOPSIA ENDOMIOCARDICA	324.03	324.03
30911044	CATETERISMO CARDIACO D E/OU E COM OU SEM CINECORONARIOGRAFIA / CINEANGIOGRAFIA COM AVALIACAO DE REATIVIDADE VASCULAR PULMONAR OU TESTE DE SOBRECARGA HEMODINANICA	715.05	715.05
30911052	CATETERISMO CARDIACO D E/OU E COM ESTUDO CINEANGIOGRAFICO E DE REVASCULARIZACAO CIRURGICA DO MIOCARDIO	806.38	806.38
30911060	CATETERISMO CARDIACO DIREITO COM ESTUDO ANGIOGRAFICO DA ARTERIA PULMONAR	319.32	319.32
30911079	CATETERISMO CARDIACO E E/OU D COM CINEANGIOCORONARIOGRAFIA E VENTRICULOGRAFIA	693.55	693.55
30911087	CATETERISMO CARDIACO E E/OU D COM CINEANGIOCORONARIOGRAFIA, VENTRICULOGRAFIA E ESTUDO ANGIOGRAFICO DA AORTA E/OU RAMOS TORACO-ABDOMINAIS E/OU MEMBROS	685.74	685.74
30911095	CATETERISMO E E ESTUDO CINEANGIOGRAFICO DA AORTA E/OU SEUS RAMOS	298.37	298.37
30911109	CATETERIZACAO CARDIACA E POR VIA TRANSEPTAL	765.06	765.06
30911125	ESTUDO HEMODINAMICO DAS CARDIOPATIAS CONGENITAS ESTRUTURALMENTE COMPLEXAS (MENOS: CIA, CIV, PCA, CO, AO, ESTENOSE AORTICA E PULMONAR ISOLADAS)	640.30	640.30
30911133	ESTUDO HEMODINAMICO DE CARDIOPATIAS CONGENITAS E/OU VALVOPATIAS COM OU SEM CINECORONARIOGRAFIA OU OXIMETRIA	537.02	537.02
30911141	ESTUDO ULTRA-SONOGRAFICO INTRAVASCULAR	780.96	780.96
30911150	MAPEAMENTO DE FEIXES ANOMALOS E FOCOS ECTOPICOS POR ELETROFISIOLOGIA INTRACAVITARIA, COM PROVAS	696.60	696.60
30911168	TESTE DE AVALIACAO DO LIMIAR DE FIBRILACAO VENTRICULAR	263.58	263.58
30912016	ABLACAO DE CIRCUITO ARRITMOGENICO POR CATETER DE RADIOFREQUENCIA	1178.31	1178.31
30912024	ANGIOPLASTIA TRANSLUMINAL DA AORTA OU RAMOS OU DA ARTERIA PULMONAR E RAMOS (POR VASO)	1125.37	1125.37
30912032	ANGIOPLASTIA TRANSLUMINAL PERCUTANEA DE MULTIPLOS VASOS, COM IMPLANTE DE STENT	1773.34	1773.34
30912040	ANGIOPLASTIA TRANSLUMINAL PERCUTANEA POR BALAO (1 VASO)	956.43	956.43
30912059	ATRIOSSEPTOSTOMIA POR BALAO	536.95	536.95
30912067	ATRIOSSEPTOSTOMIA POR LAMINA	1026.42	1026.42
30912075	EMBOLOTERAPIA	1122.89	1122.89
30912083	COLOCACAO DE CATETER INTRACAVITARIO PARA MONITORIZACAO HEMODINAMICA	489.37	489.37
30912091	IMPLANTE DE PROTESE INTRAVASCULAR NA AORTA/PULMONAROU RAMOS COM OU SEM ANGIOPLASTIA	1451.82	1451.82
30912105	IMPLANTE DE STENT CORONARIO COM OU SEM ANGIOPLASTIA POR BALAO CONCOMITANTE (1 VASO)	1451.47	1451.47
30912113	INFUSAO SELETIVA INTRAVASCULAR DE ENZIMAS TROMBOLITICAS	872.26	872.26
30912121	OCLUSAO PERCUTANEA DE "SHUNTS" INTRACARDIACOS	1619.70	1619.70
30912130	OCLUSAO PERCUTANEA DE FISTULA E/OU CONEXOES SISTEMICO PULMONARES	1141.83	1141.83
30912148	OCLUSAO PERCUTANEA DO CANAL ARTERIAL	1305.78	1305.78
30912180	RECANALIZACAO ARTERIAL NO IAM - ANGIOPLASTIA PRIMARIA - COM IMPLANTE DE STENT COM OU SEM SUPORTE CIRCULATORIO (BALAO INTRA-ORTICO)	2347.03	2347.03
30912199	RECANALIZACAO MECANICA DO IAM (ANGIOPLASTIA PRIMARIA COM BALAO)	1464.49	1464.49
30912210	RETIRADA PERCUTANEA DE CORPOS ESTRANHOS VASCULARES	730.19	730.19
30912237	TRATAMENTO PERCUTANEO DO ANEURISMA/DISSECCAO DA AORTA	1312.14	1312.14
30912245	VALVOPLASTIA PERCUTANEA POR VIA ARTERIAL OU VENOSA	923.39	923.39
30912253	VALVOPLASTIA PERCUTANEA POR VIA TRANSEPTAL	1305.78	1305.78
30912261	ANGIOPLASTIA TRANSLUMINAL PERCUTANEA DE BIFURCACAO E DE TRONCO COM IMPLANTE DE STENT	1785.45	1785.45
30912288	PROCEDIMENTO TERAPEUTICO NAS CARDIOPATIAS CONGENITAS, EXCETO ATRIOSSEPTOSTOMIA	754.78	754.78
30912296	IMPLANTE TRANSCATETER DE PROTESE VALVAR AORTICO TAVI	1312.14	1312.14
30912300	OCLUSAO DO APENDICE ATRIAL ESQUERDO	1639.19	1639.19
30912318	ANGIOPLASTIA TRANSLUMINAL PERCUTANEA POR BALAO PARA TRATAMENTO DE OCLUSAO CORONARIA CRONICA COM OU SEM STENT	934.44	934.44
30913012	IMPLANTE DE CATETER VENOSO CENTRAL POR PUNCAO, PARA NPP, QT, HEMODEPURACAO OU PARA INFUSAO DE SOROS/DROGAS	244.91	244.91
30913020	INSTALACAO DE CATETER PARA MONITORIZACAO HEMODINAMICA A BEIRA DO LEITO SWAN-GANZ	103.68	103.68
30913047	INSTALACAO DE CIRCUITO PARA ASSISTENCIA MECANICA CIRCULATORIA PROLONGADA TORACOTOMIA	1083.74	1083.74
30913055	MANUTENCAO DE CIRCUITO PARA ASSISTENCIA MECANICA CIRCULATORIA PROLONGADA - PERIODO DE 6 HORAS	112.65	112.65
30913071	DISSECCAO DE VASO UMBILICAL COM COLOCACAO DE CATETER	103.68	103.68
30913080	DISSECCAO DE VEIA EM RN OU LACTENTE	267.99	267.99
30913098	DISSECCAO DE VEIA COM COLOCACAO CATETER VENOSO	127.57	127.57
30913101	IMPLANTE CIRURGICO DE CATETER DE LONGA PERMANENCIA PARA NPP, QT OU PARA HEMODEPURACAO	250.26	250.26
30913128	RETIRADA CIRURGICA DE CATETER DE LONGA PERMANENCIA PARA NPP, QT OU PARA HEMODEPURACAO	237.59	237.59
30913144	CONFECCAO DE FISTULA AV PARA HEMODIALISE	299.81	299.81
30913152	RETIRADA/DESATIVACAO DE FISTULA AV PARA HEMODIALISE	296.93	296.93
30914019	ANASTOMOSE LINFOVENOSA	1068.24	1068.24
30914027	DOENCA DE HODGKIN - ESTADIAMENTO CIRURGICO	729.01	729.01
30914043	LINFADENECTOMIA INGUINAL OU ILIACA	970.37	970.37
30914051	LINFADENECTOMIA CERVICAL	1257.48	1257.48
30914060	LINFADENECTOMIA PELVICA	1141.69	1141.69
30914078	LINFADENECTOMIA RETROPERITONEAL	1376.90	1376.90
30914086	LINFANGIOPLASTIA	1041.36	1041.36
30914094	LINFEDEMA - RESSECCAO TOTAL	1365.07	1365.07
30914108	LINFEDEMA GENITAL - RESSECCAO	719.23	719.23
30914116	MARSUPIALIZACAO DE LINFOCELE	754.64	754.64
30914124	PUNCAO BIOPSIA GANGLIONAR	33.29	33.29
30914132	LINFEDEMA - RESSECCAO PARCIAL	1063.10	1063.10
30914140	LINFADENECTOMIA PELVICA LAPAROSCOPICA	1256.03	1256.03
30914159	LINFADENECTOMIA RETROPERITONEAL LAPAROSCOPICA	1529.33	1529.33
30914167	MARSUPIALIZACAO LAPAROSCOPICA DE LINFOCELE	529.00	529.00
30914175	LINFADENECTOMIA PELVICA ROBOTICA	1370.03	1370.03
30915015	CORRECAO CIRURGICA DAS ARRITMIAS	1227.66	1227.66
30915023	DRENAGEM DO PERICARDIO	489.37	489.37
30915031	PERICARDIOCENTESE	339.56	339.56
30915040	PERICARDIOTOMIA / PERICARDIECTOMIA	1048.44	1048.44
30915058	DRENAGEM DO PERICARDIO POR VIDEO	558.01	558.01
30915066	PERICARDIOTOMIA / PERICARDIECTOMIA POR VIDEO	1201.20	1201.20
30916011	HIPOTERMIA PROFUNDA COM OU SEM PARADA CIRCULATORIA TOTAL	1020.02	1020.02
30917018	BIOPSIA DO MIOCARDIO	761.10	761.10
30917034	CARDIOTOMIA (FERIMENTO, CORPO ESTRANHO, EXPLORACAO)	1227.66	1227.66
30917042	RETIRADA DE TUMORES INTRACARDIACOS	2369.83	2369.83
30918014	ESTUDO ELETROFISIOLOGICO CARDIACO COM OU SEM SENSIBILIZACAO FARMACOLOGICA	561.13	561.13
30918022	MAPEAMENTO DE GATILHOS OU SUBSTRATOS ARRITMOGENICOSPOR TECNICA ELETROFISIOLOGICA COM OU SEM PROVAS FARMACOLOGICAS	561.13	561.13
30918030	MAPEAMENTO ELETROANATOMICO TRIDIMENSIONAL	561.13	561.13
30918057	PUNCAO DO SACO PERICARDICO COM INTRODUCAO DE CATETER MULTIPOLAR NO ESPACO PERICARDICO	413.40	413.40
30918065	PUNCAO TRANSEPTAL COM INTRODUCAO DE CATETER MULTIPOLAR NAS CAMARAS ESQUERDAS E/OU VEIAS PULMONARES	419.50	419.50
30918073	ABLACAO PERCUTANEA POR CATETER PARA TRATAMENTO DE ARRITMIAS CARDIACAS POR ENERGIA DE RADIOFREQUENCIA OU CRIOABLACAO	1380.40	1380.40
30918081	ABLACAO PERCUTANEA P/ CATETER PARA TTO DE ARRITMIASCARDIACAS COMPLEXAS (FA, TAQUICARDIA VENTRICULAR COM MODIFICACAO DE CICATRIZ, TAQUICARDIAS ATRIAIS MACRORRENTRANTES C/ MODIFICACAO DE CICATRIZ), POR 	1387.13	1387.13
31001017	ATRESIA DE ESOFAGO COM FISTULA TRAQUEAL - TRATAMENTO CIRURGICO	1925.21	1925.21
31001025	ATRESIA DE ESOFAGO SEM FISTULA (DUPLA ESTOMIA) - TRATAMENTO CIRURGICO	1178.46	1178.46
31001033	AUTOTRANSPLANTE COM MICROCIRURGIA	1698.89	1698.89
31001041	ESOFAGECTOMIA DISTAL COM TORACOTOMIA	1251.52	1251.52
31001050	ESOFAGECTOMIA DISTAL SEM TORACOTOMIA	1227.66	1227.66
31001068	ESOFAGOPLASTIA COLOPLASTIA	2347.03	2347.03
31001076	ESOFAGOPLASTIA GASTROPLASTIA	1925.21	1925.21
31001084	ESTENOSE DE ESOFAGO - TRATAMENTO CIRURGICO VIA TORACICA	1173.76	1173.76
31001092	FARINGO-LARINGO-ESOFAGECTOMIA TOTAL COM OU SEM TORACOTOMIA	1858.69	1858.69
31001106	FISTULA TRAQUEO ESOFAGICA - TRATAMENTO CIRURGICO VIA CERVICAL	1024.91	1024.91
31001114	FISTULA TRAQUEO ESOFAGICA - TRATAMENTO CIRURGICO VIA TORACICA	1227.66	1227.66
31001149	REINTERVENCAO SOBRE A TRANSICAO ESOFAGO GASTRICA	1020.02	1020.02
31001157	RESSECCAO DO ESOFAGO CERVICAL E/OU TORACICO E TRANSPLANTE COM MICROCIRURGIA	1897.50	1897.50
31001165	SUBSTITUICAO ESOFAGICA - COLON OU TUBO GASTRICO	2347.03	2347.03
31001173	TRATAMENTO CIRURGICO DAS VARIZES ESOFAGICAS	881.95	881.95
31001181	TRATAMENTO CIRURGICO CONSERVADOR DO MEGAESOFAGO	978.55	978.55
31001190	TUNELIZACAO ESOFAGICA	736.21	736.21
31001203	ESOFAGORRAFIA CERVICAL	1024.91	1024.91
31001211	ESOFAGORRAFIA TORACICA	1024.91	1024.91
31001220	ESOFAGOSTOMIA	912.33	912.33
31001238	TRATAMENTO CIRURGICO DO DIVERTICULO ESOFAGICO	1024.91	1024.91
31001246	TRATAMENTO CIRURGICO DO DIVERTICULO FARINGOESOFAGICO	1006.32	1006.32
31001254	ESOFAGECTOMIA SUBTOTAL COM LINFADENECTOMIA COM OU SEM TORACOTOMIA	1619.70	1619.70
31001262	REFLUXO GASTROESOFAGICO - TRATAMENTO CIRURGICO (HERNIA DE HIATO)	948.17	948.17
31001270	RECONSTRUCAO DO ESOFAGO CERVICAL E TORACICO COM TRANSPLANTE SEGMENTAR DE INTESTINO	3323.28	3323.28
31001289	RECONSTRUCAO DO ESOFAGO CERVICAL OU TORACICO, COM TRANSPLANTE DE INTESTINO	3356.12	3356.12
31001297	DISSECCAO DO ESOFAGO TORACICO QUALQUER TECNICA	1207.44	1207.44
31001300	ESOFAGECTOMIA DISTAL COM OU SEM TORACOTOMIA POR VIDEOLAPAROSCOPIA	1396.72	1396.72
31001319	REINTERVENCAO SOBRE A TRANSICAO ESOFAGO GASTRICA POR VIDEOLAPAROSCOPIA	1067.54	1067.54
31001327	TRATAMENTO CIRURGICO DAS VARIZES ESOFAGICAS POR VIDEOLAPAROSCOPIA	893.54	893.54
31001335	TRATAMENTO CIRURGICO CONSERVADOR DO MEGAESOFAGO POR VIDEOLAPAROSCOPIA	1081.69	1081.69
31001343	ESOFAGORRAFIA TORACICA POR VIDEOTORACOSCOPIA	1072.64	1072.64
31001351	TRATAMENTO CIRURGICO DO DIVERTICULO ESOFAGICO POR VIDEOTORACOSCOPIA	1042.00	1042.00
31001360	REFLUXO GASTROESOFAGICO - TRATAMENTO CIRURGICO HERNIA DE HIATO POR VIDEOLAPAROSCOPIA	1028.18	1028.18
31002013	COLOCACAO DE BANDA GASTRICA	904.64	904.64
31002021	CONVERSAO DE ANASTOMOSE GASTROJEJUNAL (QUALQUER TECNICA)	978.55	978.55
31002030	DEGASTROGASTRECTOMIA COM VAGOTOMIA	1227.66	1227.66
31002048	DEGASTROGASTRECTOMIA SEM VAGOTOMIA	1184.27	1184.27
31002056	GASTROSTOMIA CONFECCAO / FECHAMENTO	430.32	430.32
31002064	GASTRECTOMIA PARCIAL COM LINFADENECTOMIA	1251.52	1251.52
31002072	GASTRECTOMIA PARCIAL COM VAGOTOMIA	918.79	918.79
31002080	GASTRECTOMIA PARCIAL SEM VAGOTOMIA	918.79	918.79
31002099	GASTRECTOMIA POLAR SUPERIOR COM RECONSTRUCAO JEJUNAL COM TORACOTOMIA	1199.89	1199.89
31002102	GASTRECTOMIA POLAR SUPERIOR COM RECONSTRUCAO JEJUNAL SEM TORACOTOMIA	1201.55	1201.55
31002110	GASTRECTOMIA TOTAL COM LINFADENECTOMIA	1328.18	1328.18
31002129	GASTRECTOMIA TOTAL VIA ABDOMINAL	1227.66	1227.66
31002137	GASTROENTEROANASTOMOSE	714.48	714.48
31002145	GASTRORRAFIA	422.38	422.38
31002153	GASTROTOMIA COM SUTURA DE VARIZES	1311.39	1311.39
31002161	GASTROTOMIA PARA RETIRADA DE CE OU LESAO ISOLADA	761.10	761.10
31002170	GASTROTOMIA PARA QUALQUER FINALIDADE	439.54	439.54
31002188	MEMBRANA ANTRAL - TRATAMENTO CIRURGICO	646.00	646.00
31002196	PILOROPLASTIA	714.48	714.48
31002218	GASTROPLASTIA PARA OBESIDADE MORBIDA - QUALQUER TECNICA	1400.16	1400.16
31002242	TRATAMENTO CIRURGICO DAS VARIZES GASTRICAS	994.83	994.83
31002250	VAGOTOMIA COM OPERACAO DE DRENAGEM	773.69	773.69
31002269	VAGOTOMIA GASTRICA PROXIMAL OU SUPERSELETIVA COM DUODENOPLASTIA (OPERACAO DE DRENAGEM)	769.15	769.15
31002277	VAGOTOMIA SUPERSELETIVA OU VAGOTOMIA GASTRICA PROXIMAL	777.43	777.43
31002285	COLOCACAO DE BANDA GASTRICA POR VIDEOLAPAROSCOPIA	946.08	946.08
31002293	CONVERSAO DE ANASTOMOSE GASTROJEJUNAL POR VIDEOLAPAROSCOPIA	1081.69	1081.69
31002307	GASTRECTOMIA PARCIAL COM LINFADENECTOMIA POR VIDEOLAPAROSCOPIA	1396.72	1396.72
31002315	GASTRECTOMIA PARCIAL COM VAGOTOMIA POR VIDEOLAPAROSCOPIA	1015.64	1015.64
31002323	GASTRECTOMIA PARCIAL SEM VAGOTOMIA POR VIDEOLAPAROSCOPIA	1015.64	1015.64
31002331	GASTRECTOMIA TOTAL COM LINFADENECTOMIA POR VIDEOLAPAROSCOPIA	1390.08	1390.08
31002340	GASTRECTOMIA TOTAL VIA ABDOMINAL POR VIDEOLAPAROSCOPIA	1370.09	1370.09
31002358	GASTROENTEROANASTOMOSE POR VIDEOLAPAROSCOPIA	789.79	789.79
31002366	GASTROTOMIA PARA RETIRADA DE CE OU LESAO ISOLADA POR VIDEOLAPAROSCOPIA	485.97	485.97
31002374	PILOROPLASTIA POR VIDEOLAPAROSCOPIA	789.79	789.79
31002390	GASTROPLASTIA PARA OBESIDADE MORBIDA POR VIDEOLAPAROSCOPIA	1514.71	1514.71
31002404	VAGOTOMIA GASTRICA PROXIMAL OU SUPERSELETIVA COM DUODENOPLASTIA OPERACAO DE DRENAGEM POR VIDEOLAPAROSCOPIA	821.77	821.77
31002412	VAGOTOMIA SUPERSELETIVA OU VAGOTOMIA GASTRICA PROXIMAL POR VIDEOLAPAROSCOPIA	890.95	890.95
31003010	AMPUTACAO ABDOMINO-PERINEAL DO RETO (COMPLETA)	1406.99	1406.99
31003028	AMPUTACAO DO RETO POR PROCIDENCIA	606.10	606.10
31003036	ANOMALIA ANORRETAL - CORRECAO VIA SAGITAL POSTERIOR	1122.89	1122.89
31003044	ANOMALIA ANORRETAL - TRATAMENTO CIRURGICO VIA ABDOMINO-PERINEAL	1365.01	1365.01
31003052	ANOMALIA ANORRETAL - TRATAMENTO CIRURGICO VIA PERINEAL	1073.38	1073.38
31003060	ANORRETOMIOMECTOMIA	889.06	889.06
31003079	APENDICECTOMIA	742.05	742.05
31003087	APPLE-PEEL - TRATAMENTO CIRURGICO	1364.72	1364.72
31003095	ATRESIA DE COLON - TRATAMENTO CIRURGICO	1075.76	1075.76
31003109	ATRESIA DE DUODENO - TRATAMENTO CIRURGICO	2997.32	2997.32
31003117	ATRESIA JEJUNAL DISTAL OU ILEAL - TRATAMENTO CIRURGICO	1141.69	1141.69
31003125	ATRESIA JEJUNAL PROXIMAL - TRATAMENTO CIRURGICO	2997.32	2997.32
31003133	CIRURGIA DE ABAIXAMENTO (QUALQUER TECNICA)	1458.92	1458.92
31003141	CIRURGIA DE ACESSO POSTERIOR	986.77	986.77
31003150	CISTO MESENTERICO - TRATAMENTO CIRURGICO	809.87	809.87
31003168	COLECTOMIA PARCIAL COM COLOSTOMIA	1121.12	1121.12
31003176	COLECTOMIA PARCIAL SEM COLOSTOMIA	1099.83	1099.83
31003184	COLECTOMIA TOTAL COM ILEO-RETO-ANASTOMOSE	1406.99	1406.99
31003192	COLECTOMIA TOTAL COM ILEOSTOMIA	1278.87	1278.87
31003206	COLOCACAO DE SONDA ENTERAL	87.28	87.28
31003214	COLOSTOMIA OU ENTEROSTOMIA	757.49	757.49
31003230	COLOTOMIA E COLORRAFIA	685.74	685.74
31003249	DISTORCAO DE VOLVO POR LAPAROTOMIA	774.65	774.65
31003257	DISTORCAO DE VOLVO POR VIA ENDOSCOPICA	396.78	396.78
31003265	DIVERTICULO DE MECKEL - EXERESE	768.72	768.72
31003273	DUPLICACAO DO TUBO DIGESTIVO - TRATAMENTO CIRURGICO	832.48	832.48
31003281	ENTERECTOMIA SEGMENTAR	790.38	790.38
31003290	ENTERO-ANASTOMOSE (QUALQUER SEGMENTO)	774.65	774.65
31003303	ENTEROCOLITE NECROTIZANTE - TRATAMENTO CIRURGICO	1160.99	1160.99
31003311	ENTEROPEXIA (QUALQUER SEGMENTO)	774.65	774.65
31003320	ENTEROTOMIA E/OU ENTERORRAFIA DE QUALQUER SEGMENTO (POR SUTURA OU RESSECCAO)	757.49	757.49
31003338	ESPORAO RETAL - RESSECCAO	321.45	321.45
31003346	ESVAZIAMENTO PELVICO ANTERIOR OU POSTERIOR - PROCEDIMENTO CIRURGICO	1166.65	1166.65
31003354	ESVAZIAMENTO PELVICO TOTAL - PROCEDIMENTO CIRURGICO	1556.98	1556.98
31003362	FECALOMA - REMOCAO MANUAL	133.38	133.38
31003370	FECHAMENTO DE COLOSTOMIA OU ENTEROSTOMIA	780.96	780.96
31003389	FIXACAO DO RETO POR VIA ABDOMINAL	787.75	787.75
31003397	ILEO MECONIAL - TRATAMENTO CIRURGICO	1112.97	1112.97
31003427	INVAGINACAO INTESTINAL - RESSECCAO	727.12	727.12
31003435	INVAGINACAO INTESTINAL SEM RESSECCAO - TRATAMENTO CIRURGICO	770.29	770.29
31003451	MA-ROTACAO INTESTINAL - TRATAMENTO CIRURGICO	1141.69	1141.69
31003460	MEGACOLON CONGENITO - TRATAMENTO CIRURGICO	1379.85	1379.85
31003478	MEMBRANA DUODENAL - TRATAMENTO CIRURGICO	1414.96	1414.96
31003486	PANCREAS ANULAR - TRATAMENTO CIRURGICO	1384.75	1384.75
31003494	PERFURACAO DUODENAL OU DELGADO - TRATAMENTO CIRURGICO	831.76	831.76
31003508	PILOROMIOTOMIA	724.29	724.29
31003516	PROCIDENCIA DO RETO - REDUCAO MANUAL	85.00	85.00
31003524	PROCTOCOLECTOMIA TOTAL	1860.86	1860.86
31003532	PROCTOCOLECTOMIA TOTAL COM RESERVATORIO ILEAL	1768.36	1768.36
31003540	RESSECCAO TOTAL DE INTESTINO DELGADO	794.35	794.35
31003559	RETOSSIGMOIDECTOMIA ABDOMINAL	1458.92	1458.92
31003567	TUMOR ANORRETAL - RESSECCAO ENDO-ANAL	429.52	429.52
31003575	AMPUTACAO ABDOMINO-PERINEAL DO RETO COMPLETA POR VIDEOLAPAROSCOPIA	1536.65	1536.65
31003583	APENDICECTOMIA POR VIDEOLAPAROSCOPIA	808.54	808.54
31003591	CIRURGIA DE ABAIXAMENTO POR VIDEOLAPAROSCOPIA	1619.88	1619.88
31003605	CISTO MESENTERICO - TRATAMENTO CIRURGICO POR VIDEOLAPAROSCOPIA	890.95	890.95
31003613	COLECTOMIA PARCIAL COM COLOSTOMIA POR VIDEOLAPAROSCOPIA	1201.31	1201.31
31003621	COLECTOMIA PARCIAL SEM COLOSTOMIA POR VIDEOLAPAROSCOPIA	1207.06	1207.06
31003630	COLECTOMIA TOTAL COM ILEO-RETO-ANASTOMOSE POR VIDEOLAPAROSCOPIA	1536.65	1536.65
31003648	COLECTOMIA TOTAL COM ILEOSTOMIA POR VIDEOLAPAROSCOPIA	1396.72	1396.72
31003656	DISTORCAO DE VOLVO POR VIDEOLAPAROSCOPIA	856.31	856.31
31003664	DIVERTICULO DE MECKEL - EXERESE POR VIDEOLAPAROSCOPIA	808.54	808.54
31003672	ENTERECTOMIA SEGMENTAR POR VIDEOLAPAROSCOPIA	861.21	861.21
31003680	ENTERO-ANASTOMOSE QUALQUER SEGMENTO POR VIDEOLAPAROSCOPIA	856.31	856.31
31003699	ENTEROPEXIA QUALQUER SEGMENTO POR VIDEOLAPAROSCOPIA	856.31	856.31
31003702	ESVAZIAMENTO PELVICO ANTERIOR OU POSTERIOR POR VIDEOLAPAROSCOPIA	1268.16	1268.16
31003710	ESVAZIAMENTO PELVICO TOTAL POR VIDEOLAPAROSCOPIA	1781.84	1781.84
31003729	FIXACAO DO RETO POR VIA ABDOMINAL POR VIDEOLAPAROSCOPIA	856.31	856.31
31003737	MEGACOLON CONGENITO - TRATAMENTO CIRURGICO POR VIDEOLAPAROSCOPIA	1446.61	1446.61
31003745	PANCREAS ANULAR - TRATAMENTO CIRURGICO POR VIDEOLAPAROSCOPIA	1432.29	1432.29
31003753	PERFURACAO DUODENAL OU DELGADO - TRATAMENTO CIRURGICO POR VIDEOLAPAROSCOPIA	919.42	919.42
31003761	PILOROMIOTOMIA POR VIDEOLAPAROSCOPIA	789.21	789.21
31003770	PROCTOCOLECTOMIA TOTAL COM RESERVATORIO ILEAL POR VIDEOLAPAROSCOPIA	1983.08	1983.08
31003788	PROCTOCOLECTOMIA TOTAL POR VIDEOLAPAROSCOPIA	2018.99	2018.99
31003796	RETOSSIGMOIDECTOMIA ABDOMINAL POR VIDEOLAPAROSCOPIA	1619.88	1619.88
31004016	ABSCESSO ANORRETAL - DRENAGEM	185.06	185.06
31004024	ABSCESSO ISQUIO-RETAL - DRENAGEM	295.49	295.49
31004032	CERCLAGEM ANAL	207.87	207.87
31004040	CORPO ESTRANHO DO RETO - RETIRADA	185.06	185.06
31004059	CRIPTECTOMIA (UNICA OU MULTIPLA)	79.30	79.30
31004067	DILATACAO DIGITAL OU INSTRUMENTAL DO ANUS E/OU DO RETO	86.86	86.86
31004075	ESFINCTEROPLASTIA ANAL (QUALQUER TECNICA)	549.14	549.14
31004083	ESTENOSE ANAL - TRATAMENTO CIRURGICO (QUALQUER TECNICA)	429.52	429.52
31004091	EXCISAO DE PLICOMA	98.55	98.55
31004105	FISSURECTOMIA COM OU SEM ESFINCTEROTOMIA	215.82	215.82
31004113	FISTULA RETO-VAGINAL E FISTULA ANAL EM FERRADURA - TRATAMENTO CIRURGICO VIA PERINEAL	874.31	874.31
31004121	FISTULECTOMIA ANAL EM DOIS TEMPOS	424.41	424.41
31004130	FISTULECTOMIA ANAL EM FERRADURA	623.50	623.50
31004148	FISTULECTOMIA ANAL EM UM TEMPO	424.41	424.41
31004156	FISTULECTOMIA ANORRETAL COM ABAIXAMENTO MUCOSO	679.09	679.09
31004164	FISTULECTOMIA PERINEAL	295.49	295.49
31004180	HEMORROIDAS - LIGADURA ELASTICA (POR SESSAO)	86.86	86.86
31004199	HEMORROIDAS - TRATAMENTO ESCLEROSANTE (POR SESSAO)	86.86	86.86
31004202	HEMORROIDECTOMIA ABERTA OU FECHADA, COM OU SEM ESFINCTEROTOMIA	429.52	429.52
31004210	LACERACAO ANORRETAL - TRATAMENTO CIRURGICO POR VIA PERINEAL	431.57	431.57
31004229	LESAO ANAL - ELETROCAUTERIZACAO	109.40	109.40
31004237	PAPILECTOMIA (UNICA OU MULTIPLA)	79.30	79.30
31004245	POLIPO RETAL - RESSECCAO ENDOANAL	294.54	294.54
31004253	PROLAPSO RETAL - ESCLEROSE (POR SESSAO)	75.15	75.15
31004261	PROLAPSO RETAL - TRATAMENTO CIRURGICO	374.83	374.83
31004270	RECONSTITUICAO DE ESFINCTER ANAL POR PLASTICA MUSCULAR (QUALQUER TECNICA)	1365.01	1365.01
31004288	RECONSTRUCAO TOTAL ANOPERINEAL	1288.01	1288.01
31004300	TRATAMENTO CIRURGICO DE RETOCELE (COLPOPERINEOPLASTIA POSTERIOR)	517.91	517.91
31004318	TROMBOSE HEMORROIDARIA - EXERESE	99.71	99.71
31004326	PRURIDO ANAL - TRATAMENTO CIRURGICO	370.34	370.34
31004334	ESFINCTEROTOMIA - ANUS	99.03	99.03
31005012	ABSCESSO HEPATICO - DRENAGEM CIRURGICA (ATE 3 FRAGMENTOS)	617.42	617.42
31005020	ALCOOLIZACAO PERCUTANEA DIRIGIDA DE TUMOR HEPATICO	532.65	532.65
31005039	ANASTOMOSE BILIODIGESTIVA INTRA-HEPATICA	1585.77	1585.77
31005047	ATRESIA DE VIAS BILIARES - TRATAMENTO CIRURGICO	2324.58	2324.58
31005063	BIOPSIA HEPATICA POR LAPAROTOMIA (ATE 3 FRAGMENTOS)	463.12	463.12
31005071	BIOPSIA HEPATICA TRANSPARIETAL ATE 3 FRAGMENTOS	246.61	246.61
31005080	LAPAROTOMIA PARA IMPLANTACAO CIRURGICA DE CATETER ARTERIAL VISCERAL PARA QUIMIOTERAPIA	810.24	810.24
31005098	CISTO DE COLEDOCO - TRATAMENTO CIRURGICO	880.36	880.36
31005101	COLECISTECTOMIA COM COLANGIOGRAFIA	918.79	918.79
31005110	COLECISTECTOMIA COM FISTULA BILIODIGESTIVA	1049.30	1049.30
31005128	COLECISTECTOMIA SEM COLANGIOGRAFIA	903.81	903.81
31005136	COLECISTOJEJUNOSTOMIA	864.07	864.07
31005144	COLECISTOSTOMIA	714.48	714.48
31005152	COLEDOCO OU HEPATICO-JEJUNOSTOMIA (QUALQUER TECNICA)	918.79	918.79
31005160	COLEDOCO OU HEPATICOPLASTIA	1141.69	1141.69
31005179	COLEDOCO-DUODENOSTOMIA	914.38	914.38
31005187	COLEDOCOTOMIA OU COLEDOCOSTOMIA SEM COLECISTECTOMIA	805.99	805.99
31005195	COLEDOCOSCOPIA INTRA-OPERATORIA	204.12	204.12
31005209	DERIVACAO PORTO SISTEMICA	1705.57	1705.57
31005217	DESCONEXAO AZIGOS - PORTAL COM ESPLENECTOMIA	1179.23	1179.23
31005225	DESCONEXAO AZIGOS - PORTAL SEM ESPLENECTOMIA	1148.59	1148.59
31005233	DESVASCULARIZACAO HEPATICA	843.82	843.82
31005241	DRENAGEM BILIAR TRANS-HEPATICA	790.38	790.38
31005250	ENUCLEACAO DE METASTASES HEPATICAS	805.99	805.99
31005268	ENUCLEACAO DE METASTASES, POR METASTASE	677.89	677.89
31005276	HEPATORRAFIA	617.42	617.42
31005284	HEPATORRAFIA COMPLEXA COM LESAO DE ESTRUTURAS VASCULARES BILIARES	1585.77	1585.77
31005292	LOBECTOMIA HEPATICA DIREITA	1329.35	1329.35
31005306	LOBECTOMIA HEPATICA ESQUERDA	1184.27	1184.27
31005314	PAPILOTOMIA TRANSDUODENAL	952.69	952.69
31005322	PUNCAO HEPATICA PARA DRENAGEM DE ABSCESSOS	441.62	441.62
31005330	RADIOABLACAO / TERMOABLACAO DE TUMORES HEPATICOS	732.31	732.31
31005357	RESSECCAO DE CISTO HEPATICO COM HEPATECTOMIA	918.79	918.79
31005365	RESSECCAO DE CISTO HEPATICO SEM HEPATECTOMIA	805.99	805.99
31005373	RESSECCAO DE TUMOR DE VESICULA OU DA VIA BILIAR COM HEPATECTOMIA	1788.91	1788.91
31005381	RESSECCAO DE TUMOR DE VESICULA OU DA VIA BILIAR SEM HEPATECTOMIA	918.79	918.79
31005390	SEGMENTECTOMIA HEPATICA	1365.01	1365.01
31005403	SEQUESTRECTOMIA HEPATICA	1227.66	1227.66
31005420	TRATAMENTO CIRURGICO DE ESTENOSE CICATRICIAL DAS VIAS BILIARES	1141.69	1141.69
31005438	TRISSEGMENTECTOMIAS	1925.21	1925.21
31005446	COLEDOCOTOMIA OU COLEDOCOSTOMIA COM COLECISTECTOMIA	918.79	918.79
31005454	ABSCESSO HEPATICO - DRENAGEM CIRURGICA POR VIDEOLAPAROSCOPIA	655.66	655.66
31005462	ALCOOLIZACAO PERCUTANEA DIRIGIDA DE TUMOR HEPATICO POR VIDEOLAPAROSCOPIA	515.49	515.49
31005470	COLECISTECTOMIA COM COLANGIOGRAFIA POR VIDEOLAPAROSCOPIA	1015.64	1015.64
31005489	COLECISTECTOMIA COM FISTULA BILIODIGESTIVA POR VIDEOLAPAROSCOPIA	1207.06	1207.06
31005497	COLECISTECTOMIA SEM COLANGIOGRAFIA POR VIDEOLAPAROSCOPIA	1015.64	1015.64
31005500	COLECISTOJEJUNOSTOMIA POR VIDEOLAPAROSCOPIA	986.60	986.60
31005519	COLECISTOSTOMIA POR VIDEOLAPAROSCOPIA	789.79	789.79
31005527	COLEDOCO OU HEPATICO-JEJUNOSTOMIA POR VIDEOLAPAROSCOPIA	1015.64	1015.64
31005535	COLEDOCO-DUODENOSTOMIA POR VIDEOLAPAROSCOPIA	957.45	957.45
31005543	COLEDOCOTOMIA OU COLEDOCOSTOMIA COM COLECISTECTOMIA POR VIDEOLAPAROSCOPIA	1015.64	1015.64
31005551	COLEDOCOTOMIA OU COLEDOCOSTOMIA SEM COLECISTECTOMIA POR VIDEOLAPAROSCOPIA	890.95	890.95
31005560	DESCONEXAO AZIGOS - PORTAL COM ESPLENECTOMIA POR VIDEOLAPAROSCOPIA	1275.68	1275.68
31005578	DESCONEXAO AZIGOS - PORTAL SEM ESPLENECTOMIA POR VIDEOLAPAROSCOPIA	1264.95	1264.95
31005586	ENUCLEACAO DE METASTASE HEPATICAS POR VIDEOLAPAROSCOPIA	890.95	890.95
31005594	HEPATORRAFIA COMPLEXA COM LESAO DE ESTRUTURAS VASCULARES BILIARES POR VIDEOLAPAROSCOPIA	1781.84	1781.84
31005608	HEPATORRAFIA POR VIDEOLAPAROSCOPIA	655.66	655.66
31005616	LOBECTOMIA HEPATICA DIREITA POR VIDEOLAPAROSCOPIA	1441.53	1441.53
31005624	LOBECTOMIA HEPATICA ESQUERDA POR VIDEOLAPAROSCOPIA	1370.09	1370.09
31005632	PUNCAO HEPATICA PARA DRENAGEM DE ABCESSOS POR VIDEOLAPAROSCOPIA	475.57	475.57
31005640	RADIOABLACAO / TERMOABLACAO DE TUMORES HEPATICOS POR VIDEOLAPAROSCOPIA	764.90	764.90
31005659	RESSECCAO DE CISTO HEPATICO COM HEPATECTOMIA POR VIDEOLAPAROSCOPIA	1015.64	1015.64
31005667	RESSECCAO DE CISTO HEPATICO SEM HEPATECTOMIA POR VIDEOLAPAROSCOPIA	890.95	890.95
31005675	BIOPSIA HEPATICA POR VIDEOLAPAROSCOPIA	257.55	257.55
31005683	BIOPSIA HEPATICA POR LAPAROTOMIA ACIMA DE 3 FRAGMENTOS	394.91	394.91
31005691	BIOPSIA HEPATICA TRANSPARIETAL (ACIMA DE 3 FRAGMENTOS)	228.04	228.04
31006019	BIOPSIA DE PANCREAS POR LAPAROTOMIA	774.65	774.65
31006027	BIOPSIA DE PANCREAS POR PUNCAO DIRIGIDA	355.75	355.75
31006035	ENUCLEACAO DE TUMORES PANCREATICOS	882.68	882.68
31006043	HIPOGLICEMIA - TRATAMENTO CIRURGICO (PANCREATOTOMIA PARCIAL OU TOTAL)	2453.64	2453.64
31006051	PANCREATECTOMIA CORPO CAUDAL COM PRESERVACAO DO BACO	1411.83	1411.83
31006060	PANCREATECTOMIA PARCIAL OU SEQUESTRECTOMIA	1227.66	1227.66
31006078	PANCREATO-DUODENECTOMIA COM LINFADENECTOMIA	1906.81	1906.81
31006086	PANCREATO-ENTEROSTOMIA	901.72	901.72
31006094	PANCREATORRAFIA	761.10	761.10
31006108	PSEUDOCISTO PANCREAS - DRENAGEM EXTERNA (QUALQUER TECNICA)	765.32	765.32
31006116	PSEUDOCISTO PANCREAS - DRENAGEM INTERNA (QUALQUER TECNICA)	1402.77	1402.77
31006159	BIOPSIA DE PANCREAS POR VIDEOLAPAROSCOPIA	856.31	856.31
31006167	ENUCLEACAO DE TUMORES PANCREATICOS POR VIDEOLAPAROSCOPIA	1015.64	1015.64
31006175	PSEUDOCISTO PANCREAS - DRENAGEM EXTERNA POR VIDEOLAPAROSCOPIA	865.50	865.50
31006183	PSEUDOCISTO PANCREAS - DRENAGEM INTERNA POR VIDEOLAPAROSCOPIA	1691.40	1691.40
31007015	BIOPSIA ESPLENICA	310.97	310.97
31007023	ESPLENECTOMIA PARCIAL	1163.80	1163.80
31007031	ESPLENECTOMIA TOTAL	1080.27	1080.27
31007040	ESPLENORRAFIA	593.16	593.16
31007058	ESPLENECTOMIA PARCIAL POR VIDEOLAPAROSCOPIA	1262.03	1262.03
31007066	ESPLENECTOMIA TOTAL POR VIDEOLAPAROSCOPIA	1255.91	1255.91
31007074	ESPLENORRAFIA POR VIDEOLAPAROSCOPIA	618.10	618.10
31008011	DIALISE PERITONEAL INTERMITENTE - AGUDO OU CRONICO (POR SESSAO)	254.64	254.64
31008020	DIALISE PERITONEAL AMBULATORIAL CONTINUA (CAPD) 9 DIAS - TREINAMENTO	428.46	428.46
31008038	DIALISE PERITONEAL AMBULATORIAL CONTINUA (CAPD) POR MES/PACIENTE	848.09	848.09
31008046	DIALISE PERITONEAL AUTOMATICA APD - TRATAMENTO AGUDO OU CRONICO	442.14	442.14
31008054	EPIPLOPLASTIA	380.03	380.03
31008062	IMPLANTE DE CATETER PERITONEAL	267.99	267.99
31008070	INSTALACAO DE CATETER TENCKHOFF	281.81	281.81
31008097	RETIRADA DE CATETER TENCKHOFF	287.07	287.07
31008100	EPIPLOPLASTIA POR VIDEOLAPAROSCOPIA	424.24	424.24
31008119	DIALISE PERITONEAL AUTOMATICA POR MES AGUDO OU CRONICO	834.03	834.03
31009018	ABSCESSO PERINEAL - DRENAGEM CIRURGICA	163.94	163.94
31009026	BIOPSIA DE PAREDE ABDOMINAL	181.99	181.99
31009042	CISTO SACRO-COCCIGEO - TRATAMENTO CIRURGICO	315.98	315.98
31009050	DIASTASE DOS RETOS-ABDOMINAIS - TRATAMENTO CIRURGICO	352.42	352.42
31009069	HERNIA INGUINAL ENCARCERADA EM RN OU LACTENTE - TRATAMENTO CIRURGICO	790.38	790.38
31009077	HERNIORRAFIA COM RESSECCAO INTESTINAL - ESTRANGULADA	774.65	774.65
31009085	HERNIORRAFIA CRURAL - UNILATERAL	774.65	774.65
31009093	HERNIORRAFIA EPIGASTRICA	370.07	370.07
31009107	HERNIORRAFIA INCISIONAL	554.51	554.51
31009115	HERNIORRAFIA INGUINAL - UNILATERAL	530.05	530.05
31009123	HERNIORRAFIA INGUINAL NO RN OU LACTENTE	623.50	623.50
31009131	HERNIORRAFIA LOMBAR	473.65	473.65
31009140	HERNIORRAFIA RECIDIVANTE	714.48	714.48
31009158	HERNIORRAFIA SEM RESSECCAO INTESTINAL ENCARCERADA	699.82	699.82
31009166	HERNIORRAFIA UMBILICAL	376.43	376.43
31009174	LAPAROTOMIA EXPLORADORA, OU PARA BIOPSIA, OU PARA DRENAGEM DE ABSCESSO, OU PARA LIBERACAO DE BRIDAS EM VIGENCIA DE OCLUSAO	557.70	557.70
31009204	NEUROBLASTOMA ABDOMINAL - EXERESE	1756.32	1756.32
31009220	ONFALOCELE/GASTROSQUISE EM 1 TEMPO OU PRIMEIRO TEMPO OU PROTESE - TRATAMENTO CIRURGICO	2347.03	2347.03
31009239	ONFALOCELE/GASTROSQUISE - SEGUNDO TEMPO - TRATAMENTO CIRURGICO	996.48	996.48
31009247	PARACENTESE ABDOMINAL	181.99	181.99
31009255	RECONSTRUCAO DA PAREDE ABDOMINAL COM RETALHO MUSCULAR OU MIOCUTANEO	1141.69	1141.69
31009263	REPARACAO DE OUTRAS HERNIAS (INCLUI HERNIORRAFIA MUSCULAR)	380.03	380.03
31009271	RESSECCAO DE CISTO OU FISTULA DE URACO	401.42	401.42
31009280	RESSECCAO DE CISTO OU FISTULA OU RESTOS DO DUCTO ONFALOMESENTERICO	689.02	689.02
31009298	RESSUTURA DA PAREDE ABDOMINAL (POR DEISCENCIA TOTAL OU EVISCERACAO)	430.32	430.32
31009301	TERATOMA SACRO-COCCIGEO - EXERESE	1612.57	1612.57
31009310	HERNIORRAFIA COM RESSECCAO INTESTINAL - ESTRANGULADA - POR VIDEOLAPAROSCOPIA	856.31	856.31
31009328	HERNIORRAFIA CRURAL - UNILATERAL POR VIDEOLAPAROSCOPIA	856.31	856.31
31009336	HERNIORRAFIA INGUINAL - UNILATERAL POR VIDEOLAPAROSCOPIA	585.92	585.92
31009344	HERNIORRAFIA RECIDIVANTE POR VIDEOLAPAROSCOPIA	789.79	789.79
31009352	LAPAROTOMIA EXPLORADORA, OU PARA BIOPSIA, OU PARA DRENAGEM DE ABSCESSO, OU PARA LIBERACAO DE BRIDAS EM VIGENCIA DE OCLUSAO POR VIDEOLAPAROSCOPIA	598.08	598.08
31009360	HERNIORRAFIA INGUINAL EM CRIANCA - UNILATERAL	525.48	525.48
31101011	ABSCESSO RENAL OU PERI-RENAL - DRENAGEM CIRURGICA	441.62	441.62
31101020	ABSCESSO RENAL OU PERI-RENAL - DRENAGEM PERCUTANEA	397.59	397.59
31101038	ADRENALECTOMIA UNILATERAL	1640.07	1640.07
31101046	ANGIOPLASTIA RENAL UNILATERAL A CEU ABERTO	792.38	792.38
31101054	ANGIOPLASTIA RENAL UNILATERAL TRANSLUMINAL	626.48	626.48
31101062	AUTOTRANSPLANTE RENAL UNILATERAL	3930.19	3930.19
31101070	BIOPSIA RENAL CIRURGICA UNILATERAL	805.99	805.99
31101089	CISTO RENAL - ESCLEROTERAPIA PERCUTANEA - POR CISTO	281.80	281.80
31101097	ENDOPIELOTOMIA PERCUTANEA UNILATERAL	1249.93	1249.93
31101100	ESTENOSE DE JUNCAO PIELOURETERAL - TRATAMENTO CIRURGICO	843.82	843.82
31101119	FISTULA PIELO-CUTANEA - TRATAMENTO CIRURGICO	422.07	422.07
31101127	LOMBOTOMIA EXPLORADORA	551.76	551.76
31101135	MARSUPIALIZACAO DE CISTOS RENAIS UNILATERAL	805.99	805.99
31101151	NEFRECTOMIA PARCIAL COM URETERECTOMIA	1124.00	1124.00
31101160	NEFRECTOMIA PARCIAL UNILATERAL	1451.47	1451.47
31101178	NEFRECTOMIA PARCIAL UNILATERAL EXTRACORPOREA	3133.14	3133.14
31101186	NEFRECTOMIA RADICAL UNILATERAL	1585.77	1585.77
31101194	NEFRECTOMIA TOTAL UNILATERAL	1336.06	1336.06
31101208	NEFRO OU PIELOENTEROCISTOSTOMIA UNILATERAL	1271.19	1271.19
31101216	NEFROLITOTOMIA ANATROFICA UNILATERAL	1394.46	1394.46
31101224	NEFROLITOTOMIA PERCUTANEA UNILATERAL	1356.98	1356.98
31101232	NEFROLITOTOMIA SIMPLES UNILATERAL	970.37	970.37
31101240	NEFROLITOTRIPSIA EXTRACORPOREA - 1A SESSAO	762.54	762.54
31101259	NEFROLITOTRIPSIA EXTRACORPOREA - REAPLICACOES (ATE 3 MESES)	310.03	310.03
31101275	NEFROLITOTRIPSIA PERCUTANEA (PNEUMATICA OU PNEUMATICO-BALISTICA MEC ELETROHIDRAULICA EH OU ULTRASSOM US)	1612.17	1612.17
31101283	NEFROPEXIA UNILATERAL	805.99	805.99
31101291	NEFRORRAFIA TRAUMA UNILATERAL	843.82	843.82
31101305	NEFROSTOMIA A CEU ABERTO UNILATERAL	843.82	843.82
31101313	NEFROSTOMIA PERCUTANEA UNILATERAL	886.71	886.71
31101321	NEFROURETERECTOMIA COM RESSECCAO VESICAL UNILATERAL	1376.90	1376.90
31101330	PIELOLITOTOMIA COM NEFROLITOTOMIA ANATROFICA UNILATERAL	795.02	795.02
31101348	PIELOLITOTOMIA COM NEFROLITOTOMIA SIMPLES UNILATERAL	875.95	875.95
31101356	PIELOLITOTOMIA UNILATERAL	790.54	790.54
31101364	PIELOPLASTIA	1068.24	1068.24
31101372	PIELOSTOMIA UNILATERAL	399.89	399.89
31101380	PIELOTOMIA EXPLORADORA UNILATERAL	684.45	684.45
31101399	PUNCAO ASPIRATIVA RENAL PARA DIAGNOSTICO DE REJEICAO ATO MEDICO	175.71	175.71
31101402	PUNCAO BIOPSIA RENAL PERCUTANEA	248.17	248.17
31101410	REVASCULARIZACAO RENAL - QUALQUER TECNICA	1756.32	1756.32
31101429	SINFISIOTOMIA (RIM EM FERRADURA)	729.01	729.01
31101437	TRANSURETERO ANASTOMOSE	837.45	837.45
31101445	TRATAMENTO CIRURGICO DA FISTULA PIELO-INTESTINAL	903.58	903.58
31101453	TUMOR RENAL - ENUCLEACAO UNILATERAL	1113.08	1113.08
31101461	TUMOR WILMS - TRATAMENTO CIRURGICO	1747.76	1747.76
31101470	TUMORES RETRO-PERITONEAIS MALIGNOS UNILATERAIS - EXERESE	1788.91	1788.91
31101488	ADRENALECTOMIA LAPAROSCOPICA UNILATERAL	1201.31	1201.31
31101496	MARSUPIALIZACAO LAPAROSCOPICA DE CISTO RENAL UNILATERAL	890.95	890.95
31101500	BIOPSIA RENAL LAPAROSCOPICA UNILATERAL	890.95	890.95
31101518	NEFROPEXIA LAPAROSCOPICA UNILATERAL	886.71	886.71
31101526	PIELOPLASTIA LAPAROSCOPICA UNILATERAL	1175.21	1175.21
31101534	PIELOLITOTOMIA LAPAROSCOPICA UNILATERAL	890.95	890.95
31101542	NEFROURETERECTOMIA COM RESSECCAO VESICAL LAPAROSCOPICA UNILATERAL	1529.33	1529.33
31101550	NEFRECTOMIA RADICAL LAPAROSCOPICA UNILATERAL	1773.36	1773.36
31101569	NEFRECTOMIA PARCIAL LAPAROSCOPICA UNILATERAL	1612.17	1612.17
31101577	NEFROLITOTRIPSIA PERCUTANEA UNILATERAL A LASER	1612.17	1612.17
31101585	NEFRECTOMIA TOTAL UNILATERAL POR VIDEOLAPAROSCOPIA	1523.37	1523.37
31101607	PIELOPLASTIA NA CRIANCA	1021.34	1021.34
31101615	PIELOPLASTIA LAPAROSCOPICA UNILATERAL NA CRIANCA	1104.94	1104.94
31102018	BIOPSIA CIRURGICA DE URETER UNILATERAL	424.41	424.41
31102026	BIOPSIA ENDOSCOPICA DE URETER UNILATERAL	387.60	387.60
31102034	CATETERISMO URETERAL UNILATERAL	201.49	201.49
31102042	COLOCACAO CIRURGICA DE DUPLO J UNILATERAL	399.51	399.51
31102050	COLOCACAO CISTOSCOPICA DE DUPLO J UNILATERAL	424.41	424.41
31102069	COLOCACAO NEFROSCOPICA DE DUPLO J UNILATERAL	483.62	483.62
31102077	COLOCACAO URETEROSCOPICA DE DUPLO J - UNILATERAL	431.61	431.61
31102085	DILATACAO ENDOSCOPICA UNILATERAL	350.24	350.24
31102093	DUPLICACAO PIELOURETERAL - TRATAMENTO CIRURGICO	880.36	880.36
31102107	FISTULA URETERO-CUTANEA UNILATERAL (TRATAMENTO CIRURGICO)	794.16	794.16
31102115	FISTULA URETERO-INTESTINAL UNILATERAL (TRATAMENTO CIRURGICO)	1025.65	1025.65
31102123	FISTULA URETERO-VAGINAL UNILATERAL (TRATAMENTO CIRURGICO)	1068.24	1068.24
31102131	MEATOTOMIA ENDOSCOPICA UNILATERAL	319.32	319.32
31102174	REIMPLANTE URETEROINTESTINAL - UNI OU BILATERAL	942.68	942.68
31102182	REIMPLANTE URETERAL POR VIA EXTRA OU INTRAVESICAL - UNILATERAL	1068.24	1068.24
31102204	REIMPLANTE URETERO-VESICAL UNILATERAL - VIA COMBINADA	1081.55	1081.55
31102220	RETIRADA ENDOSCOPICA DE CALCULO DE URETER - UNILATERAL	509.28	509.28
31102239	TRANSURETEROSTOMIA	1102.33	1102.33
31102247	URETERECTOMIA UNILATERAL	757.49	757.49
31102255	URETEROCELE UNILATERAL - RESSECCAO A CEU ABERTO	761.10	761.10
31102263	URETEROCELES - TRATAMENTO ENDOSCOPICO	721.51	721.51
31102271	URETEROILEOCISTOSTOMIA UNILATERAL	1136.21	1136.21
31102280	URETEROILEOSTOMIA CUTANEA UNILATERAL	1227.66	1227.66
31102298	URETEROLISE UNILATERAL	432.39	432.39
31102301	URETEROLITOTOMIA UNILATERAL	557.70	557.70
31102310	URETEROLITOTRIPSIA EXTRACORPOREA - 1A SESSAO	762.54	762.54
31102328	URETEROLITOTRIPSIA EXTRACORPOREA - REAPLICACOES ATE 3 MESES	292.27	292.27
31102344	URETEROPLASTIA UNILATERAL	1081.55	1081.55
31102352	URETERORRENOLITOTOMIA UNILATERAL	973.10	973.10
31102360	URETERORRENOLITOTRIPSIA FLEXIVEL A LASER UNILATERAL	1458.98	1458.98
31102379	URETERORRENOLITOTRIPSIA RIGIDA UNILATERAL	1596.66	1596.66
31102409	URETEROSSIGMOIDOPLASTIA UNILATERAL	912.55	912.55
31102417	URETEROSSIGMOIDOSTOMIA UNILATERAL	975.21	975.21
31102425	URETEROSTOMIA CUTANEA UNILATERAL	761.10	761.10
31102433	URETEROTOMIA INTERNA PERCUTANEA UNILATERAL	982.53	982.53
31102441	URETEROTOMIA INTERNA URETEROSCOPICA FLEXIVEL UNILATERAL	558.05	558.05
31102450	URETEROTOMIA INTERNA URETEROSCOPICA RIGIDA UNILATERAL	448.56	448.56
31102468	URETEROURETEROCISTONEOSTOMIA	1141.69	1141.69
31102476	URETEROURETEROSTOMIA UNILATERAL	978.55	978.55
31102492	URETEROLITOTOMIA LAPAROSCOPICA UNILATERAL	600.95	600.95
31102506	URETEROLISE LAPAROSCOPICA UNILATERAL	456.95	456.95
31102514	URETEROURETEROSTOMIA LAPAROSCOPICA UNILATERAL	1081.69	1081.69
31102522	URETEROPLASTIA LAPAROSCOPICA UNILATERAL	1201.31	1201.31
31102530	CORRECAO LAPAROSCOPICA DE REFLUXO VESICO-URETERAL UNILATERAL	1140.17	1140.17
31102549	REIMPLANTE URETERO-VESICAL LAPAROSCOPICO UNILATERAL	1201.31	1201.31
31102557	REIMPLANTE URETEROINTESTINAL LAPAROSCOPICO UNILATERAL	1180.83	1180.83
31102565	URETERORRENOLITOTRIPSIA RIGIDA UNILATERAL A LASER	1175.21	1175.21
31103014	AMPLIACAO VESICAL	1414.96	1414.96
31103022	BEXIGA PSOICA - TRATAMENTO CIRURGICO	843.82	843.82
31103030	BIOPSIA ENDOSCOPICA DE BEXIGA INCLUI CISTOSCOPIA	228.25	228.25
31103049	BIOPSIA VESICAL A CEU ABERTO	364.99	364.99
31103057	CALCULO VESICAL - EXTRACAO ENDOSCOPICA	533.20	533.20
31103065	CISTECTOMIA PARCIAL	1068.24	1068.24
31103073	CISTECTOMIA RADICAL (INCLUI PROSTATA OU UTERO)	1619.70	1619.70
31103081	CISTECTOMIA TOTAL	1196.78	1196.78
31103090	CISTOLITOTOMIA	441.62	441.62
31103103	CISTOLITOTRIPSIA EXTRACORPOREA - 1A SESSAO	720.95	720.95
31103111	CISTOLITOTRIPSIA EXTRACORPOREA - REAPLICACOES (ATE 3 MESES)	272.77	272.77
31103138	CISTOLITOTRIPSIA PERCUTANEA (U.S., E.H., E.C.)	1330.66	1330.66
31103146	CISTOLITOTRIPSIA TRANSURETRAL U.S., E.H., E.C.	420.18	420.18
31103154	CISTOPLASTIA REDUTORA	952.69	952.69
31103162	CISTORRAFIA (TRAUMA)	757.49	757.49
31103170	CISTOSTOMIA CIRURGICA	363.25	363.25
31103189	CISTOSTOMIA COM PROCEDIMENTO ENDOSCOPICO	401.42	401.42
31103197	CISTOSTOMIA POR PUNCAO COM TROCATER	364.99	364.99
31103200	COLO DE DIVERTICULO - RESSECCAO ENDOSCOPICA	726.22	726.22
31103219	COLO VESICAL - RESSECCAO ENDOSCOPICA	520.47	520.47
31103227	CORPO ESTRANHO - EXTRACAO CIRURGICA	347.60	347.60
31103235	CORPO ESTRANHO - EXTRACAO ENDOSCOPICA	379.32	379.32
31103243	DIVERTICULECTOMIA VESICAL	805.99	805.99
31103251	ENTEROCISTOPLASTIA (AMPLIACAO VESICAL)	1309.13	1309.13
31103260	EXTROFIA EM CLOACA - TRATAMENTO CIRURGICO	2952.58	2952.58
31103278	EXTROFIA VESICAL - TRATAMENTO CIRURGICO	2553.86	2553.86
31103286	FISTULA VESICO-CUTANEA - TRATAMENTO CIRURGICO	843.82	843.82
31103294	FISTULA VESICO-ENTERICA - TRATAMENTO CIRURGICO	1068.24	1068.24
31103308	FISTULA VESICO-RETAL - TRATAMENTO CIRURGICO	1068.24	1068.24
31103316	FISTULA VESICO-UTERINA - TRATAMENTO CIRURGICO	1026.28	1026.28
31103324	FISTULA VESICO-VAGINAL - TRATAMENTO CIRURGICO	1068.24	1068.24
31103332	INCONTINENCIA URINARIA - SLING VAGINAL OU ABDOMINAL	734.95	734.95
31103340	INCONTINENCIA URINARIA - SUSPENSAO ENDOSCOPICA DE COLO	554.41	554.41
31103359	INCONTINENCIA URINARIA - TRATAMENTO CIRURGICO SUPRA-PUBICO	790.38	790.38
31103367	INCONTINENCIA URINARIA - TRATAMENTO ENDOSCOPICO (INJECAO)	548.08	548.08
31103375	INCONTINENCIA URINARIA COM COLPOPLASTIA ANTERIOR - TRATAMENTO CIRURGICO (COM OU SEM USO DE PROTESE)	839.00	839.00
31103383	POLIPOS VESICAIS - RESSECCAO CIRURGICA	740.16	740.16
31103391	POLIPOS VESICAIS - RESSECCAO ENDOSCOPICA	689.33	689.33
31103405	PUNCAO E ASPIRACAO VESICAL	102.66	102.66
31103413	REIMPLANTE URETERO-VESICAL A BOARI	970.42	970.42
31103430	RETENCAO POR COAGULO - ASPIRACAO VESICAL	85.41	85.41
31103448	TUMOR VESICAL - FOTOCOAGULACAO A LASER	374.78	374.78
31103456	TUMOR VESICAL - RESSECCAO ENDOSCOPICA	648.58	648.58
31103464	VESICOSTOMIA CUTANEA	506.44	506.44
31103472	RETIRADA ENDOSCOPICA DE DUPLO J	169.67	169.67
31103480	NEOBEXIGA CUTANEA CONTINENTE	1451.47	1451.47
31103499	NEOBEXIGA RETAL CONTINENTE	2268.45	2268.45
31103502	NEOBEXIGA URETRAL CONTINENTE	1341.94	1341.94
31103510	CORRECAO LAPAROSCOPICA DE INCONTINENCIA URINARIA	861.21	861.21
31103529	CISTECTOMIA PARCIAL LAPAROSCOPICA	1175.21	1175.21
31103537	CISTECTOMIA RADICAL LAPAROSCOPICA INCLUI PROSTATA OU UTERO	1773.36	1773.36
31103545	NEOBEXIGA LAPAROSCOPICA	2570.25	2570.25
31103553	DIVERTICULECTOMIA VESICAL LAPAROSCOPICA	864.38	864.38
31103561	CISTOLITOTRIPSIA A LASER	717.69	717.69
31103570	COLO VESICAL - RESSECCAO CIRURGICA	412.12	412.12
31104010	ABSCESSO PERIURETRAL - TRATAMENTO CIRURGICO	145.09	145.09
31104029	BIOPSIA ENDOSCOPICA DE URETRA	217.66	217.66
31104037	CORPO ESTRANHO OU CALCULO - EXTRACAO CIRURGICA	364.99	364.99
31104045	CORPO ESTRANHO OU CALCULO - EXTRACAO ENDOSCOPICA	331.85	331.85
31104053	DIVERTICULO URETRAL - TRATAMENTO CIRURGICO	757.49	757.49
31104061	ELETROCOAGULACAO ENDOSCOPICA	320.92	320.92
31104070	ESFINCTEROTOMIA - URETRA	273.74	273.74
31104088	FISTULA URETRO-CUTANEA - CORRECAO CIRURGICA	757.49	757.49
31104096	FISTULA URETRO-RETAL - CORRECAO CIRURGICA	1063.10	1063.10
31104100	FISTULA URETRO-VAGINAL - CORRECAO CIRURGICA	933.66	933.66
31104118	INCONTINENCIA URINARIA MASCULINA - TRATAMENTO CIRURGICO (EXCLUI IMPLANTE DE ESFINCTER ARTIFICIAL)	1068.24	1068.24
31104126	INJECOES PERIURETRAIS INCLUINDO URETROCISTOCOPIA POR TRATAMENTO	213.60	213.60
31104134	MEATOPLASTIA (RETALHO CUTANEO)	422.38	422.38
31104142	MEATOTOMIA URETRAL	181.99	181.99
31104150	NEOURETRA PROXIMAL (CISTOURETROPLASTIA)	1068.24	1068.24
31104169	RESSECCAO DE CARUNCULA	190.45	190.45
31104177	RESSECCAO DE VALVULA URETRAL POSTERIOR	1032.30	1032.30
31104185	TUMOR URETRAL - EXCISAO	424.15	424.15
31104193	URETROPLASTIA ANTERIOR	757.49	757.49
31104207	URETROPLASTIA POSTERIOR	1068.24	1068.24
31104215	URETROSTOMIA	364.99	364.99
31104223	URETROTOMIA INTERNA	290.55	290.55
31104231	URETROTOMIA INTERNA COM PROTESE ENDOURETRAL	697.31	697.31
31104240	URETRECTOMIA TOTAL	689.02	689.02
31104274	INCONTINENCIA URINARIA MASCULINA - SLING	1068.24	1068.24
31104282	INCONTINENCIA URINARIA MASCULINA - ESFINCTER ARTIFICIAL	919.71	919.71
31201016	ABLACAO PROSTATICA A LASER POR VIA ENDOSCOPICA	1067.54	1067.54
31201024	ABSCESSO DE PROSTATA - DRENAGEM	420.03	420.03
31201032	BIOPSIA PROSTATICA - ATE 8 FRAGMENTOS	190.45	190.45
31201040	BIOPSIA PROSTATICA - MAIS DE 8 FRAGMENTOS	214.56	214.56
31201059	ELETROVAPORIZACAO DE PROSTATA	973.10	973.10
31201067	HEMORRAGIA DA LOJA PROSTATICA - EVACUACAO E IRRIGACAO	189.45	189.45
31201075	HEMORRAGIA DA LOJA PROSTATICA - REVISAO ENDOSCOPICA	490.97	490.97
31201091	HIPERTROFIA PROSTATICA - IMPLANTE DE PROTESE	344.00	344.00
31201105	HIPERTROFIA PROSTATICA - TRATAMENTO POR DILATACAO	191.74	191.74
31201113	PROSTATAVESICULECTOMIA RADICAL	1451.47	1451.47
31201121	PROSTATECTOMIA A CEU ABERTO	1141.69	1141.69
31201130	RESSECCAO ENDOSCOPICA DA PROSTATA	1062.35	1062.35
31201148	PROSTATAVESICULECTOMIA RADICAL LAPAROSCOPICA	1612.17	1612.17
31201180	PROTATAVESICULECTOMIA RADICAL ROBOTICA	4836.51	4836.51
31202012	BIOPSIA ESCROTAL	157.48	157.48
31202020	DRENAGEM DE ABSCESSO - ESCROTO	95.50	95.50
31202039	ELEFANTIASE PENO-ESCROTAL - TRATAMENTO CIRURGICO	874.83	874.83
31202047	EXERESE DE CISTO ESCROTAL	181.99	181.99
31202055	PLASTICA ESCROTAL	332.10	332.10
31202063	RECONSTRUCAO DA BOLSA ESCROTAL COM RETALHO INGUINAL PEDICULADO - POR ESTAGIO	874.31	874.31
31202071	RESSECCAO PARCIAL DA BOLSA ESCROTAL	422.38	422.38
31203019	AUTOTRANSPLANTE DE UM TESTICULO	2429.70	2429.70
31203027	BIOPSIA UNILATERAL DE TESTICULO	181.99	181.99
31203035	ESCROTO AGUDO - EXPLORACAO CIRURGICA	757.49	757.49
31203043	HIDROCELE UNILATERAL - CORRECAO CIRURGICA	214.56	214.56
31203051	IMPLANTE DE PROTESE TESTICULAR UNILATERAL	363.25	363.25
31203060	ORQUIDOPEXIA UNILATERAL	774.65	774.65
31203078	ORQUIECTOMIA UNILATERAL	439.54	439.54
31203086	PUNCAO DA VAGINAL	85.41	85.41
31203094	REPARACAO PLASTICA (TRAUMA)	703.17	703.17
31203108	TORCAO DE TESTICULO - CURA CIRURGICA	757.49	757.49
31203116	TUMOR DE TESTICULO - RESSECCAO	422.38	422.38
31203124	VARICOCELE UNILATERAL - CORRECAO CIRURGICA	443.85	443.85
31203132	ORQUIDOPEXIA LAPAROSCOPICA UNILATERAL	852.22	852.22
31203140	ORQUIECTOMIA INTRA-ABDOMINAL LAPAROSCOPICA UNILATERAL	485.94	485.94
31203167	TUMOR TESTICULAR NA CRIANCA	403.84	403.84
31204015	BIOPSIA DE EPIDIDIMO	181.99	181.99
31204023	DRENAGEM DE ABSCESSO - EPIDIDIMO	174.54	174.54
31204031	EPIDIDIMECTOMIA UNILATERAL	267.99	267.99
31204040	EPIDIDIMOVASOPLASTIA UNILATERAL	617.42	617.42
31204058	EPIDIDIMOVASOPLASTIA UNILATERAL MICROCIRURGICA	745.61	745.61
31204066	EXERESE DE CISTO UNILATERAL	205.82	205.82
31205011	ESPERMATOCELECTOMIA UNILATERAL	214.56	214.56
31205020	EXPLORACAO CIRURGICA DO DEFERENTE UNILATERAL	214.56	214.56
31205038	RECANALIZACAO DOS DUCTUS DEFERENTES	498.30	498.30
31205046	VASECTOMIA UNILATERAL	214.56	214.56
31205070	CIRURGIA ESTERILIZADORA MASCULINA	406.29	406.29
31206018	AMPUTACAO PARCIAL	794.16	794.16
31206026	AMPUTACAO TOTAL	734.27	734.27
31206034	BIOPSIA PENIANA	173.72	173.72
31206042	DOENCA DE PEYRONIE - TRATAMENTO CIRURGICO	790.38	790.38
31206050	ELETROCOAGULACAO DE LESOES CUTANEAS	86.83	86.83
31206069	EMASCULACAO	1063.25	1063.25
31206077	EPISPADIA - RECONSTRUCAO POR ETAPA	1160.05	1160.05
31206085	EPISPADIA COM INCONTINENCIA - TRATAMENTO CIRURGICO	1335.98	1335.98
31206093	FRATURA DE PENIS - TRATAMENTO CIRURGICO	430.32	430.32
31206107	HIPOSPADIA - POR ESTAGIO - TRATAMENTO CIRURGICO	897.43	897.43
31206115	HIPOSPADIA DISTAL - TRATAMENTO EM 1 TEMPO - TRATAMENTO CIRURGICO	970.37	970.37
31206123	HIPOSPADIA PROXIMAL - TRATAMENTO EM 1 TEMPO - TRATAMENTO CIRURGICO	1158.27	1158.27
31206140	IMPLANTE DE PROTESE SEMI-RIGIDA EXCLUI PROTESES INFLAVEIS	439.54	439.54
31206158	NEOFALOPLASTIA - POR ESTAGIO	878.50	878.50
31206166	NEOFALOPLASTIA COM RETALHO INGUINAL PEDICULADO COM RECONSTRUCAO URETRAL - POR ESTAGIO	940.47	940.47
31206174	PARAFIMOSE - REDUCAO MANUAL OU CIRURGICA	181.99	181.99
31206182	PENIS CURVO CONGENITO - TRATAMENTO CIRURGICO	970.37	970.37
31206190	PLASTICA - RETALHO CUTANEO A DISTANCIA	790.38	790.38
31206204	PLASTICA DE CORPO CAVERNOSO	757.49	757.49
31206212	PLASTICA DO FREIO BALANO-PREPUCIAL	181.99	181.99
31206220	POSTECTOMIA	319.86	319.86
31206239	PRIAPISMO - TRATAMENTO CIRURGICO	761.10	761.10
31206247	RECONSTRUCAO DE PENIS COM ENXERTO - PLASTICA TOTAL	1025.67	1025.67
31206255	REIMPLANTE DO PENIS	3323.35	3323.35
31206263	REVASCULARIZACAO PENIANA	1227.66	1227.66
31301010	BARTOLINECTOMIA UNILATERAL	257.70	257.70
31301029	BIOPSIA DE VULVA	86.45	86.45
31301037	CAUTERIZACAO QUIMICA, OU ELETROCAUTERIZACAO, OU CRIOCAUTERIZACAO DE LESOES DA VULVA (POR GRUPO DE ATE 5 LESOES)	86.86	86.86
31301045	CLITORECTOMIA (PARCIAL OU TOTAL)	421.28	421.28
31301053	CLITOROPLASTIA	502.31	502.31
31301061	EXCISAO RADICAL LOCAL DA VULVA (NAO INCLUI A LINFADENECTOMIA)	859.04	859.04
31301070	EXERESE DE GLANDULA DE SKENE	185.96	185.96
31301088	EXERESE DE LESAO DA VULVA E/OU DO PERINEO POR GRUPO DE ATE 5 LESOES	105.95	105.95
31301096	HIPERTROFIA DOS PEQUENOS LABIOS - CORRECAO CIRURGICA	317.80	317.80
31301100	INCISAO E DRENAGEM DA GLANDULA DE BARTHOLIN OU SKENE	91.91	91.91
31301118	MARSUPIALIZACAO DA GLANDULA DE BARTHOLIN	210.32	210.32
31301126	VULVECTOMIA AMPLIADA (NAO INCLUI A LINFADENECTOMIA)	1593.40	1593.40
31301134	VULVECTOMIA SIMPLES	1227.66	1227.66
31302017	BIOPSIA DE VAGINA	86.86	86.86
31302025	COLPECTOMIA	1068.24	1068.24
31302033	COLPOCLEISE (LEFORT)	794.16	794.16
31302041	COLPOPLASTIA ANTERIOR	699.82	699.82
31302050	COLPOPLASTIA POSTERIOR COM PERINEORRAFIA	624.89	624.89
31302068	COLPORRAFIA OU COLPOPERINEOPLASTIA INCLUINDO RESSECCAO DE SEPTO OU RESSUTURA DE PAREDE VAGINAL	757.49	757.49
31302076	COLPOTOMIA OU CULDOCENTESE	181.99	181.99
31302084	EXERESE DE CISTO VAGINAL	464.58	464.58
31302092	EXTRACAO DE CORPO ESTRANHO COM ANESTESIA GERAL OU BLOQUEIO	205.82	205.82
31302106	FISTULA GINECOLOGICA - TRATAMENTO CIRURGICO	1000.28	1000.28
31302114	HIMENOTOMIA	181.99	181.99
31302122	NEOVAGINA (COLON, DELGADO, TUBO DE PELE)	1147.40	1147.40
31302130	CAUTERIZACAO QUIMICA, OU ELETROCAUTERIZACAO, OU CRIOCAUTERIZACAO DE LESOES DA VAGINA (POR GRUPO DE ATE 5 LESOES)	86.86	86.86
31303013	ASPIRACAO MANUAL INTRA-UTERINA AMIU	271.91	271.91
31303021	BIOPSIA DO COLO UTERINO	86.86	86.86
31303030	BIOPSIA DO ENDOMETRIO	98.55	98.55
31303056	CURETAGEM GINECOLOGICA SEMIOTICA E/OU TERAPEUTICA COM OU SEM DILATACAO DE COLO UTERINO	277.26	277.26
31303064	DILATACAO DO COLO UTERINO	94.75	94.75
31303072	EXCISAO DE POLIPO CERVICAL	151.73	151.73
31303080	HISTERECTOMIA SUBTOTAL COM OU SEM ANEXECTOMIA, UNI OU BILATERAL - QUALQUER VIA	1081.55	1081.55
31303102	HISTERECTOMIA TOTAL (QUALQUER VIA)	1141.69	1141.69
31303110	HISTERECTOMIA TOTAL AMPLIADA - QUALQUER VIA - (NAO INCLUI A LINFADENECTOMIA PELVICA)	1490.19	1490.19
31303129	HISTERECTOMIA TOTAL COM ANEXECTOMIA UNI OU BILATERAL (QUALQUER VIA)	1289.05	1289.05
31303137	METROPLASTIA (STRASSMANN OU OUTRA TECNICA)	884.90	884.90
31303145	MIOMECTOMIA UTERINA	897.43	897.43
31303153	TRAQUELECTOMIA - AMPUTACAO, CONIZACAO - (COM OU SEM CIRURGIA DE ALTA FREQUENCIA / CAF)	466.81	466.81
31303161	TRAQUELECTOMIA RADICAL (NAO INCLUI A LINFADENECTOMIA)	1257.48	1257.48
31303170	HISTEROSCOPIA CIRURGICA COM BIOPSIA E/OU CURETAGEM UTERINA, LISE DE SINEQUIAS, RETIRADA DE CORPO ESTRANHO	583.13	583.13
31303188	HISTEROSCOPIA COM RESSECTOSCOPIO PARA POLIPECTOMIA,METROPLASTIA, ENDOMETRECTOMIA E RESSECCAO DE SINEQUIAS	627.96	627.96
31303196	CAUTERIZACAO QUIMICA, OU ELETROCAUTERIZACAO, OU CRIOCAUTERIZACAO DE LESOES DE COLO UTERINO POR SESSAO	83.85	83.85
31303200	HISTERECTOMIA SUBTOTAL LAPAROSCOPICA COM OU SEM ANEXECTOMIA, UNI OU BILATERAL VIA ALTA	1201.31	1201.31
31303218	HISTERECTOMIA TOTAL LAPAROSCOPICA	1256.03	1256.03
31303226	HISTERECTOMIA TOTAL LAPAROSCOPICA AMPLIADA	1612.17	1612.17
31303234	HISTERECTOMIA TOTAL LAPAROSCOPICA COM ANEXECTOMIA UNI OU BILATERAL	1516.12	1516.12
31303242	METROPLASTIA LAPAROSCOPICA	959.61	959.61
31303250	MIOMECTOMIA UTERINA LAPAROSCOPICA	977.85	977.85
31303269	IMPLANTE DE DISPOSITIVO INTRA-UTERINO DIU NAO HORMONAL	223.35	223.35
31303285	HISTERECTOMIA PUERPERAL	539.12	539.12
31303293	IMPLANTE DISPOSITIVO INTRA-UTERINO DIU HORMONAL	223.35	223.35
31303307	RETIRADA DE DIU POR HISTEROSCOPIA	173.36	173.36
31303315	CURETAGEM UTERINA POS-PARTO	262.45	262.45
31303323	HISTERECTOMIA POS-PARTO	612.79	612.79
31303331	IMPLANTE SUBDERMICO HORMONAL PARA CONTRACEPCAO INSERCAO	100.18	100.18
31303340	IMPLANTE SUBDERMICO HORMONAL PARA CONTRACEPCAO REMOCAO	100.18	100.18
31303358	HISTERECTOMIA TOTAL - VIA VAGINAL	1149.67	1149.67
31303366	HISTEROSCOPIA COM RESSECTOSCOPIO PARA MIOMECTOMIA	621.82	621.82
31304010	CIRURGIA DE ESTERILIZACAO FEMININA LAQUEADURA TUBARICA CONVENCIONAL	515.40	515.40
31304028	NEOSSALPINGOSTOMIA DISTAL	918.79	918.79
31304036	RECANALIZACAO TUBARIA (QUALQUER TECNICA), UNI OU BILATERAL (COM MICROSCOPIO OU LUPA)	884.90	884.90
31304044	SALPINGECTOMIA UNI OU BILATERAL	703.18	703.18
31304052	CIRURGIA DE ESTERILIZACAO FEMININA LAQUEADURA TUBARICA LAPAROSCOPICA	538.26	538.26
31304060	NEOSSALPINGOSTOMIA DISTAL LAPAROSCOPICA	1010.77	1010.77
31304079	RECANALIZACAO TUBARIA LAPAROSCOPICA UNI OU BILATERAL	959.61	959.61
31304087	SALPINGECTOMIA UNI OU BILATERAL LAPAROSCOPICA	762.54	762.54
31305016	OOFORECTOMIA UNI OU BILATERAL OU OOFOROPLASTIA UNI OU BILATERAL	699.82	699.82
31305024	TRANSLOCACAO DE OVARIOS	839.81	839.81
31305032	OOFORECTOMIA LAPAROSCOPICA UNI OU BILATERAL OU OOFOROPLASTIA UNI OU BILATERAL	762.54	762.54
31306012	CORRECAO DE DEFEITO LATERAL	965.77	965.77
31306020	CORRECAO DE ENTEROCELE	1018.64	1018.64
31306039	CORRECAO DE ROTURA PERINEAL DE III GRAU (COM LESAO DO ESFINCTER) E RECONSTITUICAO POR PLASTICA - QUALQUER TECNICA	1227.66	1227.66
31306047	PERINEORRAFIA (NAO OBSTETRICA) E/OU EPISIOTOMIA E/OU EPISIORRAFIA	364.99	364.99
31306055	RECONSTRUCAO PERINEAL COM RETALHOS MIOCUTANEOS	970.37	970.37
31306063	RESSECCAO DE TUMOR DO SEPTO RETO-VAGINAL	1068.24	1068.24
31306071	SEIO UROGENITAL - PLASTICA	822.59	822.59
31307019	CANCER DE OVARIO (DEBULKING)	1939.02	1939.02
31307027	CIRURGIA (VIA ALTA OU BAIXA) DO PROLAPSO DE CUPULA VAGINAL (FIXACAO SACRAL OU NO LIGAMENTO SACRO-ESPINHOSO) QUALQUER TECNICA	1099.83	1099.83
31307035	CULDOPLASTIA (MAC CALL, MOSCHOWICZ, ETC.)	970.42	970.42
31307043	ENDOMETRIOSE PERITONIAL - TRATAMENTO CIRURGICO	761.14	761.14
31307051	EPIPLOPLASTIA OU APLICACAO DE MEMBRANAS ANTIADERENTES	634.01	634.01
31307060	LAPAROSCOPIA GINECOLOGICA COM OU SEM BIOPSIA INCLUI A CROMOTUBAGEM	490.97	490.97
31307078	LIBERACAO DE ADERENCIAS PELVICAS COM OU SEM RESSECCAO DE CISTOS PERITONIAIS OU SALPINGOLISE	373.01	373.01
31307086	LIGADURA DE VEIA OVARIANA	343.39	343.39
31307094	LIGAMENTOPEXIA PELVICA	715.05	715.05
31307108	NEURECTOMIA PRE-SACRAL OU DO NERVO GENITO-FEMORAL	340.28	340.28
31307116	OMENTECTOMIA	726.56	726.56
31307124	RESSECCAO DE TUMOR DE PAREDE ABDOMINAL PELVICA	785.90	785.90
31307132	RESSECCAO OU LIGADURA DE VARIZES PELVICAS	774.65	774.65
31307140	SECCAO DE LIGAMENTOS UTERO-SACROS	439.80	439.80
31307159	CANCER DE OVARIO DEBULKING LAPAROSCOPICA	2153.07	2153.07
31307167	CIRURGIA LAPAROSCOPICA DO PROLAPSO DE CUPULA VAGINAL FIXACAO SACRAL OU NO LIGAMENTO SACRO-ESPINHOSO	1201.31	1201.31
31307175	CULDOPLASTIA LAPAROSCOPICA MAC CALL, MOSCHOWICZ, ETC	964.20	964.20
31307183	ENDOMETRIOSE PERITONEAL - TRATAMENTO CIRURGICO VIA LAPAROSCOPICA	915.05	915.05
31307191	EPIPLOPLASTIA OU APLICACAO DE MEMBRANAS ANTIADERENTES VIA LAPAROSCOPICA	424.29	424.29
31307205	LIBERACAO LAPAROSCOPICA DE ADERENCIAS PELVICAS COM OU SEM RESSECCAO DE CISTOS PERITONEAIS OU SALPINGOLISE	780.42	780.42
31307213	LIGADURA DE VEIA OVARIANA LAPAROSCOPICA	357.30	357.30
31307221	LIGAMENTOPEXIA PELVICA LAPAROSCOPICA	759.37	759.37
31307230	NEURECTOMIA LAPAROSCOPICA PRE-SACRAL OU DO NERVO GENITO-FEMORAL	355.36	355.36
31307248	OMENTECTOMIA LAPAROSCOPICA	786.04	786.04
31307256	RESSECCAO LAPAROSCOPICA DE TUMOR DE PAREDE ABDOMINAL	852.22	852.22
31307264	RESSECCAO OU LIGADURA LAPAROSCOPICA DE VARIZES PELVICAS	856.31	856.31
31307272	SECCAO LAPAROSCOPICA DE LIGAMENTOS UTERO-SACROS	483.62	483.62
31307280	ENDOMETRIOSE - TRATAMENTO CIRURGICO VIA LAPAROSCOPICA	588.38	588.38
31307299	ENDOMETRIOSE PROFUNDA - TRATAMENTO CIRURGICO NAO INCLUI URETEROLISE E ABORDAGEM DE OUTROS ORGAOS PELVICOS	774.04	774.04
31309011	AMNIORREDUCAO OU AMNIOINFUSAO	185.06	185.06
31309020	ASPIRACAO MANUAL INTRA-UTERINA AMIU POS-ABORTAMENTO	275.91	275.91
31309038	ASSISTENCIA AO TRABALHO DE PARTO, POR HORA (ATE O LIMITE DE 6 HORAS). NAO DEVERA SER CONSIDERADO SE O PARTO OCORRER NA PRIMEIRA HORA APOS O INICIO DA ASSISTENCIA. APOS A PRIMEIRA HORA, ALEM DA ASSISTE	170.51	170.51
31309046	CERCLAGEM DO COLO UTERINO (QUALQUER TECNICA)	323.02	323.02
31309054	CESARIANA	879.07	879.07
31309062	CURETAGEM POS-ABORTAMENTO	275.91	275.91
31309089	GRAVIDEZ ECTOPICA - CIRURGIA	757.49	757.49
31309097	MATURACAO CERVICAL PARA INDUCAO DE ABORTAMENTO OU DE TRABALHO DE PARTO	319.86	319.86
31309100	INVERSAO UTERINA AGUDA - REDUCAO MANUAL	174.79	174.79
31309119	INVERSAO UTERINA - TRATAMENTO CIRURGICO	911.32	911.32
31309127	PARTO (VIA VAGINAL)	1060.93	1060.93
31309135	PARTO MULTIPLO (CADA UM SUBSEQUENTE AO INICIAL)	670.85	670.85
31309143	PUNCAO ESCALPOFETAL PARA AVALIACAO PH FETAL	59.16	59.16
31309151	REVISAO OBSTETRICA DE PARTO OCORRIDO FORA DO HOSPITAL INCLUI EXAME, DEQUITACAO E SUTURA DE LACERACOES ATE DE 2 GRAU	366.74	366.74
31309178	VERSAO CEFALICA EXTERNA	295.44	295.44
31309186	GRAVIDEZ ECTOPICA - CIRURGIA LAPAROSCOPICA	825.35	825.35
31309194	INVERSAO UTERINA - TRATAMENTO CIRURGICO LAPAROSCOPICO	951.66	951.66
31309208	CESARIANA COM HISTERECTOMIA	1108.50	1108.50
31309240	CORDOCENTESE GUIADA POR ULTRASSONOGRAFIA	93.02	93.02
31309267	TAMPONAMENTO UTERINO PARA HEMORRAGIA POS-PARTO POS-CESAREA OU PARTO VAGINAL - QUALQUER TIPO DE BALAO INTRAUTERINO	252.12	252.12
31309283	CERCLAGEM DO COLO UTERINO VIA ABDOMINAL	550.22	550.22
31401015	BIOPSIA ESTEREOTAXICA DE ENCEFALO	1037.24	1037.24
31401031	CIRURGIA INTRACRANIANA POR VIA ENDOSCOPICA	1597.07	1597.07
31401040	CRANIOTOMIA PARA REMOCAO DE CORPO ESTRANHO	1312.01	1312.01
31401058	DERIVACAO VENTRICULAR EXTERNA	341.98	341.98
31401066	DRENAGEM ESTEREOTAXICA - CISTOS, HEMATOMAS OU ABSCESSOS	1160.99	1160.99
31401074	HIPOFISECTOMIA POR QUALQUER METODO	1490.19	1490.19
31401082	IMPLANTE DE CATETER INTRACRANIANO	723.65	723.65
31401090	IMPLANTE DE ELETRODO CEREBRAL PROFUNDO	700.75	700.75
31401104	IMPLANTE DE ELETRODOS CEREBRAL OU MEDULAR	1245.99	1245.99
31401112	IMPLANTE ESTEREOTAXICO DE CATETER PARA BRAQUITERAPIA	1178.46	1178.46
31401120	IMPLANTE INTRATECAL DE BOMBAS PARA INFUSAO DE FARMACOS	854.00	854.00
31401139	LOCALIZACAO ESTEREOTAXICA DE CORPO ESTRANHO INTRACRANIANO COM REMOCAO	1102.13	1102.13
31401147	LOCALIZACAO ESTEREOTAXICA DE LESOES INTRACRANIANAS COM REMOCAO	1166.65	1166.65
31401155	MICROCIRURGIA PARA TUMORES INTRACRANIANOS	2774.76	2774.76
31401163	MICROCIRURGIA POR VIA TRANSESFENOIDAL	3210.50	3210.50
31401171	MICROCIRURGIA VASCULAR INTRACRANIANA	2774.76	2774.76
31401198	PUNCAO SUBDURAL OU VENTRICULAR TRANSFONTANELA	84.25	84.25
31401201	RESSECCAO DE MUCOCELE FRONTAL	794.16	794.16
31401228	REVISAO DE SISTEMA DE NEUROESTIMULACAO	194.52	194.52
31401236	SISTEMA DE DERIVACAO VENTRICULAR INTERNA COM VALVULAS OU REVISOES	1136.67	1136.67
31401244	TERCEIRO VENTRICULOSTOMIA	1068.24	1068.24
31401252	TRATAMENTO CIRURGICO DA EPILEPSIA	1387.13	1387.13
31401260	TRATAMENTO CIRURGICO DA FISTULA LIQUORICA	1202.77	1202.77
31401279	TRATAMENTO CIRURGICO DA MENINGOENCEFALOCELE	1227.66	1227.66
31401287	TRATAMENTO CIRURGICO DE TUMORES CEREBRAIS SEM MICROSCOPIA	1141.83	1141.83
31401295	TRATAMENTO CIRURGICO DO ABSCESSO ENCEFALICO	1305.78	1305.78
31401309	TRATAMENTO CIRURGICO DO HEMATOMA INTRACRANIANO	1136.40	1136.40
31401333	TRATAMENTO PRE-NATAL DAS HIDROCEFALIAS E CISTOS CEREBRAIS	882.78	882.78
31401341	ACESSO ENDOSCOPICO AO TRATAMENTO CIRURGICO DOS TUMORES DA REGIAO SELAR	700.71	700.71
31401350	IMPLANTACAO DE HALO PARA RADIOCIRURGIA	1141.69	1141.69
31401368	CRANIECTOMIA PARA TUMORES CEREBELARES	808.71	808.71
31401376	CRANIOTOMIA EXPLORADORA COM OU SEM BIOPSIA	1072.51	1072.51
31401384	TRAUMATISMO CRANIOENCEFALICO - TRATAMENTO CIRURGICO	1192.49	1192.49
31401392	TREPANACAO PARA PROPEDEUTICA NEUROCIRURGICA	332.10	332.10
31401406	TUMORES EXTRACRANIANOS - TRATAMENTO CIRURGICO	1072.51	1072.51
31401430	IMPLANTE INTRACEREBROVENTRICULAR DE BOMBA DE INFUSAO DE FARMACOS	286.50	286.50
31402011	CORDOTOMIA-MIELOTOMIAS POR RADIOFREQUENCIA	1149.76	1149.76
31402020	LESAO DE SUBSTANCIA GELATINOSA MEDULAR (DREZ) POR RADIOFREQUENCIA	1589.29	1589.29
31402038	TAMPAO SANGUINEO PERIDURAL PARA TRATAMENTO DE CEFALEIA APOS PUNCAO (NAO INDICADA NA PROFILAXIA DA CEFALEIA)	214.56	214.56
31403018	BIOPSIA DE NERVO	215.60	215.60
31403026	BLOQUEIO DE NERVO PERIFERICO - NERVOS PERIFERICOS	143.25	143.25
31403034	DENERVACAO PERCUTANEA DE FACETA ARTICULAR - POR SEGMENTO	919.78	919.78
31403042	ENXERTO DE NERVO	890.72	890.72
31403050	ENXERTO DE NERVO INTERFASCICULAR, PEDICULADO (1 ESTAGIO)	1451.47	1451.47
31403069	ENXERTO DE NERVO INTERFASCICULAR, PEDICULADO (2 ESTAGIO)	1427.44	1427.44
31403077	ENXERTO INTERFASCICULAR DE NERVO VASCULARIZADO	2347.03	2347.03
31403085	ENXERTO INTERFASCICULAR	934.24	934.24
31403093	ENXERTO PARA REPARO DE 2 OU MAIS NERVOS	1000.28	1000.28
31403107	EXCISAO DE TUMORES DE NERVOS PERIFERICOS COM ENXERTO INTERFASCICULAR	1000.28	1000.28
31403115	EXCISAO DE TUMORES DOS NERVOS PERIFERICOS	695.48	695.48
31403123	EXPLORACAO CIRURGICA DE NERVO (NEUROLISE EXTERNA)	399.89	399.89
31403131	EXTIRPACAO DE NEUROMA	271.91	271.91
31403140	IMPLANTE DE GERADOR PARA NEUROESTIMULACAO	774.04	774.04
31403158	LESAO DE NERVOS ASSOCIADA A LESAO OSSEA - TRATAMENTO CIRURGICO	839.81	839.81
31403166	LESAO ESTEREOTAXICA DE ESTRUTURAS PROFUNDAS PARA TRATAMENTO DA DOR OU MOVIMENTO ANORMAL	1254.48	1254.48
31403174	MICROCIRURGIA DO PLEXO BRAQUIAL COM A EXPLORACAO, NEUROLISE E ENXERTOS INTERFASCICULARES PARA REPARO DAS LESOES	2369.83	2369.83
31403182	MICROCIRURGIA DO PLEXO BRAQUIAL COM EXPLORACAO E NEUROLISE	2347.03	2347.03
31403204	MICRONEUROLISE INTRANEURAL OU INTRAFASCICULAR DE UM NERVO	699.82	699.82
31403212	MICRONEUROLISE INTRANEURAL OU INTRAFASCICULAR DE DOIS OU MAIS NERVOS	815.43	815.43
31403220	MICRONEUROLISE MULTIPLAS	790.38	790.38
31403239	MICRONEUROLISE UNICA	467.12	467.12
31403255	MICRONEURORRAFIA DE DEDOS DA MAO	865.88	865.88
31403263	MICRONEURORRAFIA MULTIPLA (PLEXO NERVOSO)	1785.45	1785.45
31403271	MICRONEURORRAFIA UNICA	774.65	774.65
31403280	NEUROLISE DAS SINDROMES COMPRESSIVAS	529.96	529.96
31403298	NEUROTRIPSIA (CADA EXTREMIDADE)	271.71	271.71
31403301	REPOSICAO DE FARMACO(S) EM BOMBAS IMPLANTADAS	32.68	32.68
31403310	RESSECCAO DE NEUROMA	271.91	271.91
31403328	REVISAO DE SISTEMA IMPLANTADOS PARA INFUSAO DE FARMACOS	399.51	399.51
31403336	RIZOTOMIA PERCUTANEA POR SEGMENTO - QUALQUER METODO	1316.63	1316.63
31403344	SIMPATECTOMIA	970.37	970.37
31403352	TRANSPOSICAO DE NERVO	1020.02	1020.02
31403360	TRATAMENTO MICROCIRURGICO DAS NEUROPATIAS COMPRESSIVAS (TUMORAL, INFLAMATORIO, ETC)	715.05	715.05
31403379	SIMPATECTOMIA POR VIDEOTORACOSCOPIA	1072.64	1072.64
31403387	NEUROTOMIA	276.82	276.82
31404014	DESCOMPRESSAO VASCULAR DE NERVOS CRANIANOS	1475.99	1475.99
31404022	NEUROTOMIA SELETIVA DO TRIGEMIO	1121.12	1121.12
31404030	TRATAMENTO DE NEVRALGIA DO TRIGEMIO POR TECNICA CIRURGICA PERCUTANEA - QUALQUER METODO QUANDO ORIENTADO POR IMAGEM, COBRAR CODIGO CORRESPONDENTE	1056.05	1056.05
31405010	BLOQUEIO DO SISTEMA NERVOSO AUTONOMO	422.38	422.38
31405029	TRATAMENTO CIRURGICO DE LESAO DO SISTEMA NERVOSO AUTONOMO - QUALQUER METODO	205.03	205.03
31405037	TRATAMENTO CIRURGICO DA SINDROME DO DESFILADEIRO CERVICO TORACICO	991.58	991.58
31501010	TRANSPLANTE DE CORNEA	1227.66	1227.66
31501028	RETIRADA PARA TRANSPLANTE - CORNEA	596.12	596.12
31502024	TRANSPLANTE CARDIACO (RECEPTOR)	3405.14	3405.14
31503020	TRANSPLANTE CARDIOPULMONAR (RECEPTOR)	3949.55	3949.55
31504019	TRANSPLANTE PULMONAR (DOADOR)	1486.87	1486.87
31504027	TRANSPLANTE PULMONAR UNILATERAL (RECEPTOR)	3339.66	3339.66
31505015	TRANSPLANTE HEPATICO RECEPTOR	4066.47	4066.47
31505023	TRANSPLANTE HEPATICO DOADOR	3579.39	3579.39
31506011	TRANSPLANTE RENAL (RECEPTOR E DOADOR VIVO OU DOADORFALECIDO)	3405.14	3405.14
31506038	NEFRECTOMIA EM DOADOR VIVO - PARA TRANSPLANTE	1451.47	1451.47
31506046	NEFRECTOMIA LAPAROSCOPICA EM DOADOR VIVO - PARA TRANSPLANTE	1619.88	1619.88
31507018	TRANSPLANTE PANCREATICO (RECEPTOR)	3010.60	3010.60
31507026	TRANSPLANTE PANCREATICO (DOADOR)	3087.02	3087.02
31601014	ACUPUNTURA POR SESSAO	54.56	54.56
31602029	ANALGESIA POR DIA SUBSEQUENTE. ACOMPANHAMENTO DE ANALGESIA POR CATETER PERIDURAL	132.78	132.78
31602037	ANESTESIA GERAL OU CONDUTIVA PARA REALIZACAO DE BLOQUEIO NEUROLITICO	327.19	327.19
31602045	BLOQUEIO ANESTESICO DE NERVOS CRANIANOS	217.66	217.66
31602053	BLOQUEIO ANESTESICO DE PLEXO CELIACO	217.66	217.66
31602061	BLOQUEIO ANESTESICO DE SIMPATICO LOMBAR	267.99	267.99
31602070	BLOQUEIO ANESTESICO SIMPATICO	290.55	290.55
31602088	BLOQUEIO DE ARTICULACAO TEMPORO-MANDIBULAR	206.81	206.81
31602096	BLOQUEIO DE GANGLIO ESTRELADO COM ANESTESICO LOCAL	190.35	190.35
31602100	BLOQUEIO DE GANGLIO ESTRELADO COM NEUROLITICO	457.61	457.61
31602118	BLOQUEIO DE NERVO PERIFERICO - BLOQUEIOS ANESTESICOS DE NERVOS E ESTIMULOS NEUROVASCULARES	159.68	159.68
31602126	BLOQUEIO FACETARIO PARA-ESPINHOSO	319.86	319.86
31602134	BLOQUEIO NEUROLITICO DE NERVOS CRANIANOS OU CERVICO-TORACICO	476.17	476.17
31602142	BLOQUEIO NEUROLITICO DO PLEXO CELIACO, SIMPATICO LOMBAR OU TORACICO	476.17	476.17
31602150	BLOQUEIO NEUROLITICO PERIDURAL OU SUBARACNOIDEO	476.17	476.17
31602169	BLOQUEIO PERIDURAL OU SUBARACNOIDEO COM CORTICOIDE	217.66	217.66
31602177	BLOQUEIO SIMPATICO POR VIA VENOSA	145.09	145.09
31602185	ESTIMULACAO ELETRICA TRANSCUTANEA	145.09	145.09
31602207	INSTALACAO DE BOMBA DE INFUSAO PARA ANALGESIA EM DOR AGUDA OU CRONICA, POR QUALQUER VIA	272.74	272.74
31602223	PASSAGEM DE CATETER PERIDURAL OU SUBARACNOIDEO COM BLOQUEIO DE PROVA	217.66	217.66
31602339	BLOQUEIO ANESTESICO DE PLEXOS NERVOSOS LOMBOSSACRO, BRAQUIAL, CERVICAL PARA TRATAMENTO DE DOR	206.18	206.18
40101010	ECG CONVENCIONAL DE ATE 12 DERIVACOES	22.91	22.91
40101029	ECG DE ALTA RESOLUCAO	57.52	57.52
40101037	TESTE ERGOMETRICO COMPUTADORIZADO (INCLUI ECG BASAL CONVENCIONAL)	96.43	96.43
40101045	TESTE ERGOMETRICO CONVENCIONAL - 3 OU MAIS DERIVACOES SIMULTANEAS (INCLUI ECG BASAL CONVENCIONAL)	84.35	84.35
40101053	VARIABILIDADE DA FREQUENCIA CARDIACA	8.58	8.58
40101061	ERGOESPIROMETRIA OU TESTE CARDIOPULMONAR DE EXERCICIO COMPLETO (ESPIROMETRIA FORCADA, CONSUMO DE O2, PRODUCAO DE CO2 E DERIVADOS, ECG, OXIMETRIA)	191.75	191.75
40102025	MANOMETRIA COMPUTADORIZADA ANORRETAL	201.34	201.34
40102033	MANOMETRIA COMPUTADORIZADA ANORRETAL PARA BIOFEEDBACK - 1A SESSAO	171.83	171.83
40102041	MANOMETRIA COMPUTADORIZADA ANORRETAL PARA BIOFEEDBACK - DEMAIS SESSOES	158.96	158.96
40102050	MANOMETRIA ESOFAGICA COMPUTADORIZADA COM TESTE PROVOCATIVO	281.91	281.91
40102068	MANOMETRIA ESOFAGICA COMPUTADORIZADA SEM TESTE PROVOCATIVO	281.91	281.91
40102076	MANOMETRIA ESOFAGICA PARA LOCALIZACAO DOS ESFINCTERES PRE-PH-METRIA	89.47	89.47
40102084	PH-METRIA ESOFAGICA COMPUTADORIZADA COM UM CANAL	281.90	281.90
40102092	PH-METRIA ESOFAGICA COMPUTADORIZADA COM DOIS CANAIS	281.90	281.90
40102106	PH-METRIA ESOFAGICA COMPUTADORIZADA COM TRES CANAIS	281.90	281.90
40103013	ANALISE COMPUTADORIZADA DA VOZ	34.36	34.36
40103021	ANALISE COMPUTADORIZADA DE PAPILA E/OU FIBRAS NERVOSAS - MONOCULAR (GDX)	114.83	114.83
40103048	AUDIOMETRIA (TIPO VON BEKESY)	38.33	38.33
40103064	AUDIOMETRIA DE TRONCO CEREBRAL (PEA) BERA	95.88	95.88
40103072	AUDIOMETRIA TONAL LIMIAR COM TESTES DE DISCRIMINACAO	26.57	26.57
40103080	AUDIOMETRIA TONAL LIMIAR INFANTIL CONDICIONADA (QUALQUER TECNICA) - PEEP-SHOW	46.01	46.01
40103099	AUDIOMETRIA VOCAL - PESQUISA DE LIMIAR DE DISCRIMINACAO	13.28	13.28
40103102	AUDIOMETRIA VOCAL - PESQUISA DE LIMIAR DE INTELIGIBILIDADE	13.28	13.28
40103110	AUDIOMETRIA VOCAL COM MENSAGEM COMPETITIVA (SSI, SSW)	153.40	153.40
40103137	CAMPIMETRIA COMPUTADORIZADA - MONOCULAR	31.72	31.72
40103161	DECAY DO REFLEXO ESTAPEDICO	19.95	19.95
40103170	EEG DE ROTINA	50.09	50.09
40103188	EEG INTRA-OPERATORIO PARA MONITORIZACAO CIRURGICA (EEG/IO) - POR HORA DE MONITORIZACAO	174.60	174.60
40103196	EEGQ QUANTITATIVO MAPEAMENTO CEREBRAL	178.97	178.97
40103200	ELETRENCEFALOGRAMA ESPECIAL TERAPIA INTENSIVA, MORTE ENCEFALICA, EEG PROLONGADO ATE 2 HORAS	474.29	474.29
40103234	ELETRENCEFALOGRAMA EM VIGILIA, E SONO ESPONTANEO OU INDUZIDO	92.02	92.02
40103242	ELETRO-OCULOGRAFIA - MONOCULAR	59.51	59.51
40103250	ELETRO-RETINOGRAFIA - MONOCULAR	66.66	66.66
40103269	ELETROCOCLEOGRAFIA (ECOCHG)	115.03	115.03
40103277	ELETROCORTICOGRAFIA INTRA-OPERATORIA (ECOG) - POR HORA DE MONITORIZACAO	345.06	345.06
40103285	ELETROGLOTOGRAFIA	83.07	83.07
40103307	ELETRONEUROMIOGRAFIA (VELOCIDADE DE CONDUCAO) TESTES DE ESTIMULOS PARA PARALISIA FACIAL	76.71	76.71
40103315	ELETRONEUROMIOGRAFIA DE MMII	199.51	199.51
40103323	ELETRONEUROMIOGRAFIA DE MMSS	199.51	199.51
40103331	ELETRONEUROMIOGRAFIA DE MMSS E MMII	399.03	399.03
40103340	ELETRONEUROMIOGRAFIA DE SEGMENTO COMPLEMENTAR	191.99	191.99
40103358	ELETRONEUROMIOGRAFIA DE SEGMENTO ESPECIAL	191.99	191.99
40103366	ELETRONEUROMIOGRAFIA GENITOPERINEAL	286.20	286.20
40103374	EMG COM REGISTRO DE MOVIMENTO INVOLUNTARIO TESTE DINAMICO DE ESCRITA, ESTUDO FUNCIONAL DE TREMORES	218.89	218.89
40103382	EMG PARA MONITORACAO DE QUIMODENERVACAO POR SESSAO	157.59	157.59
40103390	EMG QUANTITATIVA OU EMG DE FIBRA UNICA	326.05	326.05
40103404	ESPECTROGRAFIA VOCAL	76.71	76.71
40103412	GUSTOMETRIA	13.28	13.28
40103420	IMITANCIOMETRIA DE ALTA FREQUENCIA	38.24	38.24
40103439	IMPEDANCIOMETRIA	34.87	34.87
40103447	METODO DE PROETZ (POR SESSAO)	13.28	13.28
40103455	OTOEMISSOES ACUSTICAS PRODUTO DE DISTORCAO	51.76	51.76
40103463	OTOEMISSOES EVOCADAS TRANSIENTES	51.76	51.76
40103480	PESQUISA DE PARES CRANIANOS RELACIONADOS COM O VIII PAR	30.67	30.67
40103498	POTENCIAL EVOCADO AUDITIVO DE TRONCO CEREBRAL PEA-TC	95.88	95.88
40103501	PESQUISA DO FENOMENO DE TULLIO	13.28	13.28
40103510	POLIGRAFIA DE RECEM-NASCIDO (MAIOR OU IGUAL 2 HORAS) (PG/RN)	122.25	122.25
40103528	POLISSONOGRAFIA DE NOITE INTEIRA (PSG) (INCLUI POLISSONOGRAMAS)	345.20	345.20
40103536	POLISSONOGRAMA COM EEG DE NOITE INTEIRA	383.49	383.49
40103544	POLISSONOGRAMA COM TESTE DE CPAP NASAL	383.50	383.50
40103560	POTENCIAL EVOCADO - P300	95.88	95.88
40103579	POTENCIAL EVOCADO AUDITIVO DE MEDIA LATENCIA PEA-ML BILATERAL	95.88	95.88
40103587	POTENCIAL SOMATO-SENSITIVO PARA LOCALIZACAO FUNCIONAL DA AREA CENTRAL (MONITORIZACAO POR HORA) ATE 3 HORAS	94.50	94.50
40103595	POTENCIAL EVOCADO GENITO-CORTICAL PEGC	95.88	95.88
40103609	POTENCIAL EVOCADO MOTOR - PEM BILATERAL	95.88	95.88
40103617	POTENCIAL EVOCADO SOMATO-SENSITIVO - MEMBROS INFERIORES PESS	95.88	95.88
40103625	POTENCIAL EVOCADO SOMATO-SENSITIVO - MEMBROS SUPERIORES PESS	95.88	95.88
40103633	POTENCIAL EVOCADO VISUAL PEV	107.38	107.38
40103641	PROVAS DE FUNCAO TUBARIA	17.17	17.17
40103650	REGISTRO DO NISTAGMO PENDULAR E OPTOCINETICO	95.88	95.88
40103668	RINOMANOMETRIA COMPUTADORIZADA	41.55	41.55
40103684	REFLEXO CUTANEO-SIMPATICO	34.36	34.36
40103714	TESTE DE ESTIMULACAO REPETITIVA (UM OU MAIS MUSCULOS)	34.36	34.36
40103722	TESTE DE FISTULA PERILINFATICA COM ELETRONISTAGMOGRAFIA	74.10	74.10
40103730	TESTE DE LATENCIAS MULTIPLAS DE SONO (TLMS) DIURNO POS PSG	95.88	95.88
40103749	VECTOELETRONISTAGMOGRAFIA - COMPUTADORIZADA	74.10	74.10
40103757	VIDEO-ELETRENCEFALOGRAFIA CONTINUA NAO INVASIVA - 12 HORAS (VIDEO EEG/NT)	377.73	377.73
40103803	AVALIACAO DA FUNCAO AUDITIVA CENTRAL	153.40	153.40
40103820	PESQUISA DO NISTAGMO OPTOCINETICO	12.08	12.08
40103862	ELETROENCEFALOGRAMA COM ELETRODOS ESPECIAIS	443.06	443.06
40103870	POTENCIAL EVOCADO DO NERVO TRIGEMEO	95.88	95.88
40103889	PROCESSAMENTO AUDITIVO CENTRAL INFANTIL DE 3 A 7 ANOS	153.39	153.39
40103897	PROCESSAMENTO AUDITIVO CENTRAL (A PARTIR DOS 7 ANOSE ADULTO)	153.39	153.39
40104010	AVALIACAO MUSCULAR POR DINAMOMETRIA COMPUTADORIZADA (ISOCINETICA) - POR ARTICULACAO	92.93	92.93
40104028	CRONAXIMETRIA	15.92	15.92
40104036	CURVA I/T - MEDIDA DE LATENCIA DE NERVO PERIFERICO	17.88	17.88
40104044	ERGOTONOMETRIA MUSCULO-ESQUELETICO (TETRA, PARAPARESIA E HEMIPARESIA)	11.57	11.57
40104125	SISTEMA TRIDIMENSIONAL DE AVALIACAO DO MOVIMENTO QUE INCLUI VIDEO ACOPLADO A PLATAFORMA DA FORCA E ELETROMIOGRAFIA	309.27	309.27
40105016	DETERMINACAO DAS PRESSOES RESPIRATORIAS MAXIMAS	23.01	23.01
40105024	DETERMINACAO DOS VOLUMES PULMONARES POR DILUICAO DE GASES	17.25	17.25
40105032	DETERMINACAO DOS VOLUMES PULMONARES POR PLETISMOGRAFIA	17.25	17.25
40105040	MEDIDA DA DIFUSAO DO MONOXIDO DE CARBONO	26.82	26.82
40105059	MEDIDA DE PICO DE FLUXO EXPIRATORIO	8.58	8.58
40105067	MEDIDA SERIADA POR 3 SEMANAS DO PICO DE FLUXO EXPIRATORIO	8.58	8.58
40105075	PROVA DE FUNCAO PULMONAR COMPLETA (OU ESPIROMETRIA)	103.52	103.52
40105083	RESISTENCIA DAS VIAS AEREAS POR OSCILOMETRIA	76.71	76.71
40105091	RESISTENCIA DAS VIAS AEREAS POR PLETISMOGRAFIA	76.71	76.71
40105105	ESPIROGRAFIA SIMPLES - CAPACIDADE VITAL LENTA	26.82	26.82
40105113	REGULACAO VENTILATORIA - 1) MEDIDA DE VENTILACAO E DO PADRAO VENTILATORIO	24.15	24.15
40105121	REGULACAO VENTILATORIA - 2) DETERMINACAO DA PRESSAO DE OCLUSAO	24.15	24.15
40105130	REGULACAO VENTILATORIA - 3) RESPOSTA A HIPOXIA E HIPERCAPNIA	36.24	36.24
40105148	ESPIROMETRIA	100.51	100.51
40201015	AMNIOSCOPIA	13.94	13.94
40201023	ANUSCOPIA (INTERNA E EXTERNA)	31.64	31.64
40201031	BRONCOSCOPIA COM BIOPSIA TRANSBRONQUICA	343.66	343.66
40201058	BRONCOSCOPIA COM OU SEM ASPIRADO OU LAVADO BRONQUICO BILATERAL	211.45	211.45
40201066	CISTOSCOPIA E/OU URETROSCOPIA	188.71	188.71
40201074	COLANGIOPANCREATOGRAFIA RETROGRADA ENDOSCOPICA	554.54	554.54
40201082	COLONOSCOPIA INCLUI A RETOSSIGMOIDOSCOPIA	311.88	311.88
40201104	ECOENDOSCOPIA ALTA	554.54	554.54
40201112	ECOENDOSCOPIA BAIXA	554.54	554.54
40201120	ENDOSCOPIA DIGESTIVA ALTA	187.13	187.13
40201147	ENTEROSCOPIA PUSH ENTEROSCOPIA	405.44	405.44
40201155	HISTEROSCOPIA DIAGNOSTICA COM BIOPSIA	193.60	193.60
40201163	LAPAROSCOPIA	338.59	338.59
40201171	RETOSSIGMOIDOSCOPIA FLEXIVEL	137.23	137.23
40201180	RETOSSIGMOIDOSCOPIA RIGIDA	85.06	85.06
40201198	VIDEO-ENDOSCOPIA DO ESFINCTER VELO-PALATINO COM OTICA FLEXIVEL	149.83	149.83
40201201	VIDEO-ENDOSCOPIA DO ESFINCTER VELO-PALATINO COM OTICA RIGIDA	139.27	139.27
40201210	VIDEO-ENDOSCOPIA NASO-SINUSAL COM OTICA FLEXIVEL	111.04	111.04
40201228	VIDEO-ENDOSCOPIA NASO-SINUSAL COM OTICA RIGIDA	105.73	105.73
40201236	VIDEO-LARINGO-ESTROBOSCOPIA COM ENDOSCOPIO FLEXIVEL	161.97	161.97
40201244	VIDEO-LARINGO-ESTROBOSCOPIA COM ENDOSCOPIO RIGIDO	149.83	149.83
40201252	VIDEO-FARINGO-LARINGOSCOPIA COM ENDOSCOPIO FLEXIVEL	149.83	149.83
40201260	VIDEO-FARINGO-LARINGOSCOPIA COM ENDOSCOPIO RIGIDO	125.87	125.87
40201279	URETEROSCOPIA FLEXIVEL UNILATERAL	333.50	333.50
40201287	URETEROSCOPIA RIGIDA UNILATERAL	269.13	269.13
40201341	ENTEROSCOPIA DO INTESTINO DELGADO COM CAPSULA ENDO	405.43	405.43
40201368	BRONCOSCOPIA COM CROMOSCOPIA	190.99	190.99
40202011	ARITENOIDECTOMIA MICROCIRURGICA ENDOSCOPICA	598.02	598.02
40202038	ENDOSCOPIA DIGESTIVA ALTA COM BIOPSIA E/OU CITOLOGIA	205.82	205.82
40202046	BIOPSIAS POR LAPAROSCOPIA	340.20	340.20
40202054	BRONCOSCOPIA COM BIOPSIA TRANSBRONQUICA COM ACOMPANHAMENTO RADIOSCOPICO	393.00	393.00
40202062	CECOSTOMIA	619.52	619.52
40202097	COLOCACAO DE CANULA SOB ORIENTACAO ENDOSCOPICA	307.05	307.05
40202100	COLOCACAO DE CATETER PARA BRAQUITERAPIA ENDOBRONQUICA	332.94	332.94
40202119	COLOCACAO DE PROTESE COLEDOCIANA POR VIA ENDOSCOPICA	1249.93	1249.93
40202127	COLOCACAO DE PROTESE TRAQUEAL OU BRONQUICA	704.12	704.12
40202143	DESCOMPRESSAO COLONICA POR COLONOSCOPIA	954.95	954.95
40202151	DESOBSTRUCAO BRONQUICA COM LASER OU ELETROCAUTERIO	585.92	585.92
40202160	DESOBSTRUCAO BRONQUICA POR BRONCOASPIRACAO	569.33	569.33
40202178	DILATACAO DE ESTENOSE LARINGO-TRAQUEO-BRONQUICA	351.95	351.95
40202186	DILATACAO INSTRUMENTAL DO ESOFAGO, ESTOMAGO OU DUODENO	351.95	351.95
40202194	DILATACAO INSTRUMENTAL E INJECAO DE SUBSTANCIA MEDICAMENTOSA POR ENDOSCOPIA	389.48	389.48
40202208	DIVERTICULOTOMIA - APARELHO DIGESTIVO	932.35	932.35
40202216	DRENAGEM CAVITARIA POR LAPAROSCOPIA	450.68	450.68
40202240	ECOENDOSCOPIA COM PUNCAO POR AGULHA	861.10	861.10
40202259	ESCLEROSE OU HEMOSTASIA QUIMICA DE VARIZES OU OUTRAS PATOLOGIAS HEMORRAGICAS DE ESOFAGO, ESTOMAGO OU DUODENO	449.01	449.01
40202267	ESTENOSTOMIA ENDOSCOPICA	927.93	927.93
40202283	GASTROSTOMIA ENDOSCOPICA	495.79	495.79
40202291	HEMOSTASIA MECANICA DO ESOFAGO, ESTOMAGO OU DUODENO	833.42	833.42
40202305	HEMOSTASIA TERMICA DO ESOFAGO, ESTOMAGO OU DUODENO	923.39	923.39
40202313	HEMOSTASIAS DE COLON	954.95	954.95
40202330	INJECAO DE SUBSTANCIA MEDICAMENTOSA POR ENDOSCOPIA	353.66	353.66
40202348	INTRODUCAO DE PROTESE NO ESOFAGO	932.35	932.35
40202356	JEJUNOSTOMIA ENDOSCOPICA	685.20	685.20
40202364	LARINGOSCOPIA COM MICROSCOPIA PARA EXERESE DE POLIPO/NODULO/PAPILOMA	353.64	353.64
40202372	LARINGOSCOPIA COM RETIRADA DE CORPO ESTRANHO DE LARINGE/FARINGE (TUBO FLEXIVEL)	224.13	224.13
40202399	LARINGOSCOPIA/TRAQUEOSCOPIA COM EXERESE DE POLIPO/NODULO/PAPILOMA	353.66	353.66
40202410	LARINGOSCOPIA/TRAQUEOSCOPIA COM RETIRADA DE CORPO ESTRANHO (TUBO RIGIDO)	189.14	189.14
40202429	LARINGOSCOPIA/TRAQUEOSCOPIA PARA DIAGNOSTICO E BIOPSIA (TUBO RIGIDO)	161.97	161.97
40202437	LARINGOSCOPIA/TRAQUEOSCOPIA PARA DIAGNOSTICO E BIOPSIA COM APARELHO FLEXIVEL	140.95	140.95
40202445	LARINGOSCOPIA/TRAQUEOSCOPIA PARA INTUBACAO ORO OU NASOTRAQUEAL	270.41	270.41
40202453	LIGADURA ELASTICA DO ESOFAGO, ESTOMAGO OU DUODENO	658.94	658.94
40202470	MUCOSECTOMIA	954.95	954.95
40202488	NASOFIBROLARINGOSCOPIA PARA DIGNOSTICO E/OU BIOPSIA	69.16	69.16
40202496	PAPILOTOMIA BIOPSIA E/OU CITOLOGIA BILIAR E PANCREATICA	959.52	959.52
40202500	PAPILOTOMIA E DILATACAO BILIAR OU PANCREATICA	959.52	959.52
40202518	PAPILOTOMIA ENDOSCOPICA (PARA RETIRADA DE CALCULOS COLEDOCIANOS OU DRENAGEM BILIAR)	975.67	975.67
40202526	PAPILOTOMIA, DILATACAO E COLOCACAO DE PROTESE OU DRENO BILIAR OU PANCREATICO	1249.93	1249.93
40202534	PASSAGEM DE SONDA NASO-ENTERAL	330.74	330.74
40202542	POLIPECTOMIA DE COLON INDEPENDENTE DO NUMERO DE POLIPOS	881.99	881.99
40202550	POLIPECTOMIA DO ESOFAGO, ESTOMAGO OU DUODENO INDEPENDENTE DO NUMERO DE POLIPOS	658.94	658.94
40202569	RETIRADA DE CORPO ESTRANHO DO COLON	585.92	585.92
40202577	RETIRADA DE CORPO ESTRANHO DO ESOFAGO, ESTOMAGO OU DUODENO	422.23	422.23
40202585	RETIRADA DE CORPO ESTRANHO NO BRONQUIO OU BRONQUICO	426.30	426.30
40202593	RETIRADA DE TUMOR OU PAPILOMA POR BRONCOSCOPIA	630.96	630.96
40202607	TAMPONAMENTO DE VARIZES DO ESOFAGO E ESTOMAGO	370.35	370.35
40202615	ENDOSCOPIA DIGESTIVA ALTA COM BIOPSIA E TESTE DE UREASE PESQUISA HELICOBACTER PYLORI	230.78	230.78
40202623	TRAQUEOSTOMIA POR PUNCAO PERCUTANEA	318.62	318.62
40202631	TRATAMENTO ENDOSCOPICO DE HEMOPTISE	721.12	721.12
40202640	URETROTOMIA ENDOSCOPICA	256.30	256.30
40202666	COLONOSCOPIA COM BIOPSIA E/OU CITOLOGIA	375.67	375.67
40202674	COLONOSCOPIA COM DILATACAO SEGMENTAR	521.40	521.40
40202682	RETOSSIGMOIDOSCOPIA FLEXIVEL COM POLIPECTOMIA	269.09	269.09
40202690	RETOSSIGMOIDOSCOPIA FLEXIVEL COM BIOPSIA E/OU CITOLOGIA	197.70	197.70
40202704	COLONOSCOPIA COM ESTENOSTOMIA	1324.87	1324.87
40202712	COLONOSCOPIA COM MUCOSECTOMIA	1095.12	1095.12
40202720	RETOSSIGMOIDOSCOPIA RIGIDA COM BIOPSIA E/OU CITOLOGIA	135.00	135.00
40202739	RETOSSIGMOIDOSCOPIA RIGIDA COM POLIPECTOMIA	200.20	200.20
40202763	LARINGOSCOPIA/TRAQUEOSCOPIA COM LASER PARA EXERESE DE PAPILOMA/TUMOR	585.92	585.92
40202780	BIOPSIA ENDOSCOPICA POR ORGAO	195.76	195.76
40202798	ECOBRONCOSCOPIA COM PUNCAO ASPIRATIVA COM AGULHA FINA	343.66	343.66
40301010	3-METIL HISTIDINA, PESQUISA E/OU DOSAGEM NO SORO	24.27	24.27
40301028	5-NUCLEOTIDASE - PESQUISA E/OU DOSAGEM	7.40	7.40
40301036	ACETAMINOFEN - PESQUISA E/OU DOSAGEM	24.27	24.27
40301044	ACETILCOLINESTERASE, EM ERITROCITOS - PESQUISA E/OU DOSAGEM	23.82	23.82
40301052	ACETONA, PESQUISA E/OU DOSAGEM NO SORO	3.73	3.73
40301060	ACIDO ASCORBICO (VITAMINA C) - PESQUISA E/OU DOSAGEM	5.20	5.20
40301079	ACIDO BETA HIDROXI BUTIRICO - PESQUISA E/OU DOSAGEM	13.54	13.54
40301087	ACIDO FOLICO, PESQUISA E/OU DOSAGEM NOS ERITROCITOS	22.28	22.28
40301095	ACIDO GLIOXILICO - PESQUISA E/OU DOSAGEM	11.12	11.12
40301109	ACIDO LACTICO (LACTATO) - PESQUISA E/OU DOSAGEM	11.16	11.16
40301117	ACIDO OROTICO - PESQUISA E/OU DOSAGEM	377.87	377.87
40301125	ACIDO OXALICO - PESQUISA E/OU DOSAGEM	11.12	11.12
40301133	ACIDO PIRUVICO - PESQUISA E/OU DOSAGEM	11.12	11.12
40301141	ACIDO SIALICO - PESQUISA E/OU DOSAGEM	11.16	11.16
40301150	ACIDO URICO - PESQUISA E/OU DOSAGEM	5.20	5.20
40301168	ACIDO VALPROICO - PESQUISA E/OU DOSAGEM	29.74	29.74
40301176	ACIDOS BILIARES - PESQUISA E/OU DOSAGEM	34.55	34.55
40301184	ACIDOS GRAXOS LIVRES - PESQUISA E/OU DOSAGEM	5.54	5.54
40301192	ACIDOS ORGANICOS (PERFIL QUANTITATIVO)	256.87	256.87
40301206	ACILCARNITINAS (PERFIL QUALITATIVO)	221.01	221.01
40301214	ACILCARNITINAS (PERFIL QUANTITATIVO)	327.81	327.81
40301222	ALBUMINA - PESQUISA E/OU DOSAGEM	3.73	3.73
40301230	ALDOLASE - PESQUISA E/OU DOSAGEM	10.05	10.05
40301249	ALFA-1-ANTITRIPSINA, PESQUISA E/OU DOSAGEM NO SORO	14.87	14.87
40301257	ALFA-1-GLICOPROTEINA ACIDA - PESQUISA E/OU DOSAGEM	14.87	14.87
40301265	ALFA-2-MACROGLOBULINA - PESQUISA E/OU DOSAGEM	14.87	14.87
40301273	ALUMINIO, PESQUISA E/OU DOSAGEM NO SORO	55.77	55.77
40301281	AMILASE - PESQUISA E/OU DOSAGEM	5.20	5.20
40301290	AMINOACIDOS, FRACIONAMENTO E QUANTIFICACAO	11.12	11.12
40301303	AMIODARONA - PESQUISA E/OU DOSAGEM	98.38	98.38
40301311	AMITRIPTILINA, NORTRIPTILINA (CADA) - PESQUISA E/OU DOSAGEM	24.27	24.27
40301320	AMONIA - PESQUISA E/OU DOSAGEM	7.40	7.40
40301338	ANFETAMINAS, PESQUISA E/OU DOSAGEM	37.17	37.17
40301346	ANTIBIOTICOS, PESQUISA E/OU DOSAGEM NO SORO, CADA	22.28	22.28
40301354	APOLIPOPROTEINA A (APO A) - PESQUISA E/OU DOSAGEM	37.17	37.17
40301362	APOLIPOPROTEINA B (APO B) - PESQUISA E/OU DOSAGEM	37.17	37.17
40301370	BARBITURICOS, ANTIDEPRESSIVOS TRICICLICOS (CADA) - PESQUISA E/OU DOSAGEM	29.74	29.74
40301389	BETA-GLICURONIDASE - PESQUISA E/OU DOSAGEM	6.29	6.29
40301397	BILIRRUBINAS (DIRETA, INDIRETA E TOTAL) - PESQUISA E/OU DOSAGEM	5.58	5.58
40301400	CALCIO - PESQUISA E/OU DOSAGEM	5.20	5.20
40301419	CALCIO IONICO - PESQUISA E/OU DOSAGEM	7.40	7.40
40301427	CAPACIDADE DE FIXACAO DE FERRO - PESQUISA E/OU DOSAGEM	5.20	5.20
40301435	CARBAMAZEPINA - PESQUISA E/OU DOSAGEM	37.17	37.17
40301443	CARNITINA LIVRE - PESQUISA E/OU DOSAGEM	34.19	34.19
40301451	CARNITINA TOTAL E FRACOES - PESQUISA E/OU DOSAGEM	221.01	221.01
40301460	CAROTENO - PESQUISA E/OU DOSAGEM	7.43	7.43
40301478	CERULOPLASMINA - PESQUISA E/OU DOSAGEM	14.87	14.87
40301486	CICLOSPORINA, METHOTREXATE - CADA - PESQUISA E/OU DOSAGEM	38.27	38.27
40301494	CLEARANCE DE ACIDO URICO	9.30	9.30
40301508	CLEARANCE DE CREATININA	9.30	9.30
40301516	CLEARANCE DE FOSFATO	9.30	9.30
40301524	CLEARANCE DE UREIA	9.30	9.30
40301532	CLEARANCE OSMOLAR	7.40	7.40
40301540	CLOMIPRAMINA - PESQUISA E/OU DOSAGEM	24.27	24.27
40301559	CLORO - PESQUISA E/OU DOSAGEM	5.20	5.20
40301567	COBRE - PESQUISA E/OU DOSAGEM	29.74	29.74
40301575	COCAINA, PESQUISA E/OU DOSAGEM	37.17	37.17
40301583	COLESTEROL (HDL) - PESQUISA E/OU DOSAGEM	9.30	9.30
40301591	COLESTEROL (LDL) - PESQUISA E/OU DOSAGEM	11.16	11.16
40301605	COLESTEROL TOTAL - PESQUISA E/OU DOSAGEM	5.20	5.20
40301621	CREATINA - PESQUISA E/OU DOSAGEM	7.43	7.43
40301630	CREATININA - PESQUISA E/OU DOSAGEM	5.20	5.20
40301648	CREATINO FOSFOQUINASE TOTAL (CK) - PESQUISA E/OU DOSAGEM	18.60	18.60
40301656	CREATINO FOSFOQUINASE - FRACAO MB - MASSA - PESQUISA E/OU DOSAGEM	37.17	37.17
40301664	CREATINO FOSFOQUINASE - FRACAO MB - ATIVIDADE - PESQUISA E/OU DOSAGEM	37.17	37.17
40301672	CROMATOGRAFIA DE AMINOACIDOS (PERFIL QUALITATITIVO) - PESQUISA E/OU DOSAGEM	24.91	24.91
40301680	CURVA GLICEMICA (4 DOSAGENS) VIA ORAL OU ENDOVENOSA	18.60	18.60
40301699	DESIDROGENASE ALFA-HIDROXIBUTIRICA - PESQUISA E/OU DOSAGEM	10.05	10.05
40301702	DESIDROGENASE GLUTAMICA - PESQUISA E/OU DOSAGEM	10.05	10.05
40301710	DESIDROGENASE ISOCITRICA - PESQUISA E/OU DOSAGEM	10.05	10.05
40301729	DESIDROGENASE LACTICA - PESQUISA E/OU DOSAGEM	11.16	11.16
40301737	DESIDROGENASE LACTICA - ISOENZIMAS FRACIONADAS - PESQUISA E/OU DOSAGEM	20.45	20.45
40301745	BENZODIAZEPINICOS E SIMILARES (CADA) - PESQUISA E/OU DOSAGEM	37.17	37.17
40301753	DIGITOXINA OU DIGOXINA - PESQUISA E/OU DOSAGEM	26.01	26.01
40301761	ELETROFERESE DE PROTEINAS	14.87	14.87
40301770	ELETROFORESE DE GLICOPROTEINAS	14.87	14.87
40301788	ELETROFORESE DE LIPOPROTEINAS	14.87	14.87
40301796	ENOLASE - PESQUISA E/OU DOSAGEM	59.48	59.48
40301800	ETOSSUXIMIDA - PESQUISA E/OU DOSAGEM	22.28	22.28
40301818	FENILALANINA, PESQUISA E/OU DOSAGEM	18.60	18.60
40301826	FENITOINA - PESQUISA E/OU DOSAGEM	29.74	29.74
40301834	FENOBARBITAL - PESQUISA E/OU DOSAGEM	29.74	29.74
40301842	FERRO SERICO - PESQUISA E/OU DOSAGEM	6.69	6.69
40301850	FORMALDEIDO - PESQUISA E/OU DOSAGEM	7.40	7.40
40301869	FOSFATASE ACIDA FRACAO PROSTATICA - PESQUISA E/OU DOSAGEM	18.60	18.60
40301877	FOSFATASE ACIDA TOTAL - PESQUISA E/OU DOSAGEM	6.69	6.69
40301885	FOSFATASE ALCALINA - PESQUISA E/OU DOSAGEM	6.69	6.69
40301893	FOSFATASE ALCALINA COM FRACIONAMENTO DE ISOENZIMAS - PESQUISA E/OU DOSAGEM	20.45	20.45
40301907	FOSFATASE ALCALINA FRACAO OSSEA - ELISA - PESQUISA E/OU DOSAGEM	39.01	39.01
40301915	FOSFATASE ALCALINA TERMO-ESTAVEL - PESQUISA E/OU DOSAGEM	7.43	7.43
40301923	FOSFOLIPIDIOS - PESQUISA E/OU DOSAGEM	5.58	5.58
40301931	FOSFORO - PESQUISA E/OU DOSAGEM	5.20	5.20
40301940	FOSFORO, PROVA DE REABSORCAO TUBULAR	7.43	7.43
40301958	FRUTOSAMINAS (PROTEINAS GLICOSILADAS) - PESQUISA E/OU DOSAGEM	16.71	16.71
40301966	FRUTOSE - PESQUISA E/OU DOSAGEM	5.20	5.20
40301974	GALACTOSE - PESQUISA E/OU DOSAGEM	14.87	14.87
40301982	GALACTOSE 1-FOSFATOURIDIL TRANSFERASE, PESQUISA E/OU DOSAGEM	155.34	155.34
40301990	GAMA-GLUTAMIL TRANSFERASE - PESQUISA E/OU DOSAGEM	7.43	7.43
40302016	GASOMETRIA (PH, PCO2, SA, O2, EXCESSO BASE) - PESQUISA E/OU DOSAGEM	24.91	24.91
40302024	GASOMETRIA + HB + HT + NA + K + CL + CA + GLICOSE + LACTATO (QUANDO EFETUADO NO GASOMETRO) - PESQUISA E/OU DOSAGEM	27.77	27.77
40302032	GLICEMIA APOS SOBRECARGA COM DEXTROSOL OU GLICOSE - PESQUISA E/OU DOSAGEM	7.43	7.43
40302040	GLICOSE - PESQUISA E/OU DOSAGEM	5.20	5.20
40302059	GLICOSE-6-FOSFATO DEIDROGENASE (G6FD) - PESQUISA E/OU DOSAGEM	11.16	11.16
40302067	HAPTOGLOBINA - PESQUISA E/OU DOSAGEM	14.87	14.87
40302075	HEMOGLOBINA GLICADA (A1 TOTAL) - PESQUISA E/OU DOSAGEM	16.71	16.71
40302083	HEMOGLOBINA PLASMATICA LIVRE - PESQUISA E/OU DOSAGEM	7.40	7.40
40302091	HEXOSAMINIDASE A - PESQUISA E/OU DOSAGEM	219.40	219.40
40302105	HIDROXIPROLINA - PESQUISA E/OU DOSAGEM	14.87	14.87
40302113	HOMOCISTEINA - PESQUISA E/OU DOSAGEM	55.77	55.77
40302121	IMIPRAMINA - DESIPRAMINA - PESQUISA E/OU DOSAGEM	24.27	24.27
40302130	AMILASE OU ALFA-AMILASE, ISOENZIMAS - PESQUISA E/OU DOSAGEM	31.58	31.58
40302148	ISOMERASE FOSFOHEXOSE - PESQUISA E/OU DOSAGEM	10.05	10.05
40302156	ISONIAZIDA - PESQUISA E/OU DOSAGEM	24.27	24.27
40302164	LACTOSE, TESTE DE TOLERANCIA	29.74	29.74
40302172	LEUCINO AMINOPEPTIDASE - PESQUISA E/OU DOSAGEM	7.43	7.43
40302180	LIDOCAINA - PESQUISA E/OU DOSAGEM	22.28	22.28
40302199	LIPASE - PESQUISA E/OU DOSAGEM	5.54	5.54
40302202	LIPASE LIPOPROTEICA - PESQUISA E/OU DOSAGEM	13.54	13.54
40302210	LIPOPROTEINA (A) - LP (A) - PESQUISA E/OU DOSAGEM	29.74	29.74
40302229	LITIO - PESQUISA E/OU DOSAGEM	5.58	5.58
40302237	MAGNESIO - PESQUISA E/OU DOSAGEM	5.94	5.94
40302245	MIOGLOBINA, PESQUISA E/OU DOSAGEM	18.57	18.57
40302253	NITROGENIO AMONIACAL - PESQUISA E/OU DOSAGEM	7.40	7.40
40302261	NITROGENIO TOTAL - PESQUISA E/OU DOSAGEM	10.05	10.05
40302270	OSMOLALIDADE - PESQUISA E/OU DOSAGEM	7.40	7.40
40302288	OXCARBAZEPINA, PESQUISA E/OU DOSAGEM	37.17	37.17
40302296	PIRUVATO QUINASE - PESQUISA E/OU DOSAGEM	64.17	64.17
40302300	PORFIRINAS QUANTITATIVAS (CADA) - PESQUISA E/OU DOSAGEM	6.67	6.67
40302318	POTASSIO - PESQUISA E/OU DOSAGEM	5.20	5.20
40302326	PRE-ALBUMINA - PESQUISA E/OU DOSAGEM	15.93	15.93
40302334	PRIMIDONA - PESQUISA E/OU DOSAGEM	22.28	22.28
40302342	PROCAINAMIDA - PESQUISA E/OU DOSAGEM	22.28	22.28
40302350	PROPANOLOL - PESQUISA E/OU DOSAGEM	24.27	24.27
40302369	PROTEINA LIGADORA DO RETINOL - PESQUISA E/OU DOSAGEM	29.82	29.82
40302377	PROTEINAS TOTAIS - PESQUISA E/OU DOSAGEM	3.73	3.73
40302385	PROTEINAS TOTAIS ALBUMINA E GLOBULINA - PESQUISA E/OU DOSAGEM	5.58	5.58
40302393	QUINIDINA - PESQUISA E/OU DOSAGEM	22.28	22.28
40302407	RESERVA ALCALINA (BICARBONATO) - PESQUISA E/OU DOSAGEM	5.20	5.20
40302415	SACAROSE, TESTE DE TOLERANCIA	29.74	29.74
40302423	SODIO - PESQUISA E/OU DOSAGEM	5.20	5.20
40302431	SUCCINIL ACETONA - PESQUISA E/OU DOSAGEM	210.37	210.37
40302440	SULFONAMIDAS LIVRE E ACETILADA (% DE ACETILACAO) - PESQUISA E/OU DOSAGEM	6.67	6.67
40302458	TACROLIMUS - PESQUISA E/OU DOSAGEM	133.85	133.85
40302466	TALIO, PESQUISA E/OU DOSAGEM	37.17	37.17
40302474	TEOFILINA - PESQUISA E/OU DOSAGEM	22.28	22.28
40302482	TESTE DE TOLERANCIA A INSULINA OU HIPOGLICEMIANTES ORAIS (ATE 6 DOSAGENS)	27.89	27.89
40302490	TIROSINA - PESQUISA E/OU DOSAGEM	27.80	27.80
40302504	TRANSAMINASE OXALACETICA (AMINO TRANSFERASE ASPARTATO) - PESQUISA E/OU DOSAGEM	5.20	5.20
40302512	TRANSAMINASE PIRUVICA (AMINO TRANSFERASE DE ALANINA) - PESQUISA E/OU DOSAGEM	5.20	5.20
40302520	TRANSFERRINA - PESQUISA E/OU DOSAGEM	14.87	14.87
40302539	TRIAZOLAM - PESQUISA E/OU DOSAGEM	36.67	36.67
40302547	TRIGLICERIDEOS - PESQUISA E/OU DOSAGEM	7.43	7.43
40302555	TRIMIPRAMINA - PESQUISA E/OU DOSAGEM	24.27	24.27
40302563	TRIPSINA IMUNO REATIVA (IRT) - PESQUISA E/OU DOSAGEM	14.87	14.87
40302571	TROPONINA - PESQUISA E/OU DOSAGEM	24.16	24.16
40302580	UREIA - PESQUISA E/OU DOSAGEM	5.20	5.20
40302598	UROBILINOGENIO - PESQUISA E/OU DOSAGEM	3.73	3.73
40302601	VITAMINA A, PESQUISA E/OU DOSAGEM	37.19	37.19
40302610	VITAMINA E - PESQUISA E/OU DOSAGEM	37.19	37.19
40302628	XILOSE, TESTE DE ABSORCAO A	14.87	14.87
40302636	LIPIDIOS TOTAIS - PESQUISA E/OU DOSAGEM	3.73	3.73
40302644	MALTOSE, TESTE DE TOLERANCIA	29.74	29.74
40302652	MUCOPOLISSACARIDOSE, PESQUISA E/OU DOSAGEM	7.43	7.43
40302660	MUCOPROTEINAS - PESQUISA E/OU DOSAGEM	5.58	5.58
40302679	OCITOCINASE, PESQUISA E/OU DOSAGEM	11.16	11.16
40302687	PROCALCITONINA - PESQUISA E/OU DOSAGEM	55.77	55.77
40302695	COLESTEROL (VLDL) - PESQUISA E/OU DOSAGEM	14.87	14.87
40302709	TESTE ORAL DE TOLERANCIA A GLICOSE - 2 DOSAGENS	20.37	20.37
40302717	ELETROFORESE DE PROTEINAS DE ALTA RESOLUCAO	44.69	44.69
40302725	IMUNOFIXACAO - CADA FRACAO	44.69	44.69
40302733	HEMOGLOBINA GLICADA (FRACAO A1C) - PESQUISA E/OU DOSAGEM	42.79	42.79
40302741	LAMOTRIGINA - PESQUISA E/OU DOSAGEM	37.17	37.17
40302750	PERFIL LIPIDICO / LIPIDOGRAMA (LIPIDIOS TOTAIS, COLESTEROL, TRIGLICERIDIOS E ELETROFORESE LIPOPROTEINAS) - PESQUISA E/OU DOSAGEM	26.01	26.01
40302768	PAPP-A - PESQUISA E/OU DOSAGEM	122.16	122.16
40302776	PEPTIDEO NATRIURETICO BNP/PROBNP - PESQUISA E/OU DOSAGEM	74.35	74.35
40302784	VITAMINA B1, PESQUISA E/OU DOSAGEM	37.19	37.19
40302792	VITAMINA B2, PESQUISA E/OU DOSAGEM	37.19	37.19
40302806	VITAMINA B3, PESQUISA E/OU DOSAGEM	37.19	37.19
40302814	VITAMINA B6, PESQUISA E/OU DOSAGEM	37.19	37.19
40302822	VITAMINA D2, PESQUISA E/OU DOSAGEM	37.19	37.19
40302849	VITAMINA K,- PESQUISA E/OU DOSAGEM	37.19	37.19
40302881	ACIDO MICOFENOLICO, DOSAGEM SORO	133.85	133.85
40302890	ACIDOS GRAXOS CADEIA LONGA	323.03	323.03
40302903	ACIDOS GRAXOS CADEIA MUITO LONGA	323.03	323.03
40302946	BILIRRUBINA TRANSCUTANEA [LABO]	5.42	5.42
40303012	ALFA -1-ANTITRIPSINA, (FEZES) - PESQUISA E/OU DOSAGEM	22.28	22.28
40303020	ANAL SWAB, PESQUISA DE OXIURUS	3.73	3.73
40303039	COPROLOGICO FUNCIONAL (CARACTERES, PH, DIGESTIBILIDADE, AMONIA, ACIDOS ORGANICOS E INTERPRETACAO)	12.25	12.25
40303047	EOSINOFILOS, PESQUISA NAS FEZES	3.73	3.73
40303055	GORDURA FECAL, DOSAGEM	7.40	7.40
40303063	HEMATOXILINA FERRICA, PESQUISA DE PROTOZOARIOS - NAS FEZES	5.20	5.20
40303071	IDENTIFICACAO DE HELMINTOS, EXAME DE FRAGMENTOS - NAS FEZES	3.73	3.73
40303080	LARVAS (FEZES), PESQUISA	3.73	3.73
40303098	LEUCOCITOS E HEMACIAS, PESQUISA NAS FEZES	3.73	3.73
40303101	LEVEDURAS, PESQUISA - NAS FEZES	3.73	3.73
40303110	PARASITOLOGICO - NAS FEZES	5.20	5.20
40303128	PARASITOLOGICO, COLHEITA MULTIPLA COM FORNECIMENTO DO LIQUIDO CONSERVANTE - NAS FEZES	5.54	5.54
40303136	SANGUE OCULTO, PESQUISA - NAS FEZES	3.73	3.73
40303144	SHISTOSSOMA, PESQUISA OVOS EM FRAGMENTOS MUCOSA APOS BIOPSIA RETAL	9.30	9.30
40303152	SUBSTANCIAS REDUTORAS NAS FEZES- PESQUISA E/OU DOSAGEM	3.73	3.73
40303160	TRIPSINA, PROVA DE (DIGESTAO DA GELATINA)	5.20	5.20
40303179	ESTEATOCRITO, TRIAGEM PARA GORDURA FECAL	19.81	19.81
40303187	ESTERCOBILINOGENIO FECAL, DOSAGEM	5.20	5.20
40303195	GORDURA FECAL, PESQUISA DE	3.73	3.73
40303225	NITROGENIO FECAL, DOSAGEM	7.43	7.43
40303250	SANGUE OCULTO NAS FEZES, PESQUISA IMUNOLOGICA	3.62	3.62
40303268	OOGRAMA NAS FEZES	7.22	7.22
40303284	ELASTASE PANCREATICA FECAL	103.02	103.02
40303306	HEMOGLOBINA A2, CROMATOGRAFIA	20.08	20.08
40304019	ANTICOAGULANTE LUPICO, PESQUISA	22.28	22.28
40304027	ANTICORPO ANTI A E B- PESQUISA E/OU DOSAGEM	14.87	14.87
40304035	ANTICORPOS ANTIPLAQUETARIOS, CITOMETRIA DE FLUXO	37.17	37.17
40304043	ANTICORPOS IRREGULARES - PESQUISA E/OU DOSAGEM	50.19	50.19
40304051	ANTICORPOS IRREGULARES, PESQUISA (MEIO SALINO A TEMPERATURA AMBIENTE E 37 E TESTE INDIRETO DE COOMBS)	14.87	14.87
40304060	ANTITROMBINA III, DOSAGEM	14.87	14.87
40304078	ATIVADOR TISSULAR DE PLASMINOGENIO (TPA) - PESQUISA E/OU DOSAGEM	37.17	37.17
40304086	CD... (ANTIGENO DE DIF. CELULAR, CADA DETERMINACAO) - PESQUISA E/OU DOSAGEM	96.27	96.27
40304094	CITOQUIMICA PARA CLASSIFICAR LEUCEMIA: ESTERASE, FOSFATASE LEUCOCITARIA, PAS, PEROXIDASE OU SB, ETC - CADA	22.28	22.28
40304108	COOMBS DIRETO	7.43	7.43
40304116	ENZIMAS ERITROCITARIAS, (ADENILATOQUINASE, DESIDROG LACTICA, FOSFOFRUCTOQUINASE, FOSFOGLICERATO QUINASE, GLICERALDEIDO, 3 - FOSFATO DESIDROGENASE, GLIC FOSFATO ISOMERASE, GLIC 6 - FOSFATO DESIDROGENAS	10.05	10.05
40304132	FALCIZACAO, TESTE DE	3.73	3.73
40304140	FATOR 4 PLAQUETARIO, DOSAGENS	19.72	19.72
40304159	FATOR II, DOSAGEM	11.12	11.12
40304167	FATOR IX, DOSAGEM	14.87	14.87
40304175	FATOR V, DOSAGEM	11.12	11.12
40304183	FATOR VIII, DOSAGEM	14.87	14.87
40304191	FATOR VIII, DOSAGEM DO ANTIGENO (VON WILLEBRAND)	130.13	130.13
40304205	FATOR VIII, DOSAGEM DO INIBIDOR	31.58	31.58
40304213	FATOR X, DOSAGEM	19.72	19.72
40304221	FATOR XI, DOSAGEM	14.87	14.87
40304230	FATOR XII, DOSAGEM	14.87	14.87
40304248	FATOR XIII, PESQUISA	14.87	14.87
40304256	FENOTIPAGEM DO SISTEMA RH-HR (ANTI RHO(D) + ANTI RH(C) + ANTI RH(E)	42.02	42.02
40304264	FIBRINOGENIO, TESTE FUNCIONAL, DOSAGEM	7.43	7.43
40304272	FILARIA, PESQUISA	5.20	5.20
40304280	GRUPO ABO, CLASSIFICACAO REVERSA - DETERMINACAO	11.16	11.16
40304299	GRUPO SANGUINEO ABO, E FATOR RHO (INCLUI DU) - DETERMINACAO	6.69	6.69
40304302	HAM, TESTE DE (HEMOLISE ACIDA)	7.43	7.43
40304310	HEINZ, CORPUSCULOS, PESQUISA	3.73	3.73
40304329	HEMACIAS FETAIS, PESQUISA	5.20	5.20
40304337	HEMATOCRITO, DETERMINACAO DO	3.73	3.73
40304345	HEMOGLOBINA, DOSAGEM	3.73	3.73
40304353	HEMOGLOBINA (ELETROFORESE) - PESQUISA E/OU DOSAGEM	10.05	10.05
40304361	HEMOGRAMA COM CONTAGEM DE PLAQUETAS OU FRACOES (ERITROGRAMA, LEUCOGRAMA, PLAQUETAS)	11.16	11.16
40304370	HEMOSSEDIMENTACAO, (VHS) - PESQUISA E/OU DOSAGEM	3.73	3.73
40304388	HEMOSSIDERINA (SIDEROCITOS), SANGUE OU URINA - PESQUISA E/OU DOSAGEM	3.73	3.73
40304396	HEPARINA, DOSAGEM	19.72	19.72
40304400	INIBIDOR DO TPA (PAI) - PESQUISA E/OU DOSAGEM	37.17	37.17
40304418	LEUCOCITOS, CONTAGEM	3.73	3.73
40304434	META-HEMOGLOBINA, DETERMINACAO DA	11.16	11.16
40304450	PLAQUETAS, TESTE DE AGREGACAO (POR AGENTE AGREGANTE), CADA	24.54	24.54
40304469	PLASMINOGENIO, DOSAGEM	10.05	10.05
40304477	PLASMODIO, PESQUISA	5.20	5.20
40304485	MEDULA OSSEA, ASPIRACAO PARA MIELOGRAMA OU MICROBIOLOGICO	47.32	47.32
40304493	PRODUTOS DE DEGRADACAO DA FIBRINA, QUALITATIVO - PESQUISA E/OU DOSAGEM	18.57	18.57
40304507	PROTEINA C - PESQUISA E/OU DOSAGEM	49.82	49.82
40304515	PROTEINA S, TESTE FUNCIONAL	49.82	49.82
40304523	PROTOPORFIRINA ERITROCITARIA LIVRE - ZINCO - PESQUISA E/OU DOSAGEM	22.28	22.28
40304531	PROVA DO LACO	3.73	3.73
40304540	RESISTENCIA GLOBULAR, CURVA DE	5.20	5.20
40304558	RETICULOCITOS, CONTAGEM	3.73	3.73
40304566	RETRACAO DO COAGULO - PESQUISA	3.73	3.73
40304574	RISTOCETINA, CO-FATOR, TESTE FUNCIONAL, DOSAGEM	26.42	26.42
40304582	TEMPO DE COAGULACAO - DETERMINACAO	3.73	3.73
40304590	TEMPO DE PROTROMBINA - DETERMINACAO	5.58	5.58
40304604	TEMPO DE REPTILASE - DETERMINACAO	7.43	7.43
40304612	TEMPO DE SANGRAMENTO DE IVY - DETEMINACAO	7.40	7.40
40304620	TEMPO DE TROMBINA - DETERMINACAO	7.43	7.43
40304639	TEMPO DE TROMBOPLASTINA PARCIAL ATIVADA - DETERMINACAO	5.58	5.58
40304647	TRIPANOSSOMA, PESQUISA	5.20	5.20
40304655	TROMBOELASTOGRAMA - PESQUISA E/OU DOSAGEM	34.55	34.55
40304663	ALFA-2ANTIPLASMINA, TESTE FUNCIONAL	75.07	75.07
40304671	ANTICORPO ANTIMIELOPEROXIDASE, MPO - PESQUISA E/OU DOSAGEM	99.49	99.49
40304680	FATOR VII - PESQUISA E/OU DOSAGEM	19.72	19.72
40304698	FATOR XIII, DOSAGEM, TESTE FUNCIONAL	36.64	36.64
40304701	IMUNOFENOTIPAGEM PARA DOENCA RESIDUAL MINIMA (*)	178.93	178.93
40304710	IMUNOFENOTIPAGEM PARA HEMOGLOBINURIA PAROXISTICA NOTURNA (*)	156.56	156.56
40304728	IMUNOFENOTIPAGEM PARA LEUCEMIAS AGUDAS OU SINDROME MIELODISPLASICA (*)	353.03	353.03
40304736	IMUNOFENOTIPAGEM PARA LINFOMA NAO HODGKIN / SINDROME LINFOPROLIFERATIVA CRONICA (*)	114.52	114.52
40304744	IMUNOFENOTIPAGEM PARA PERFIL IMUNE (*)	114.52	114.52
40304752	FATOR IX, DOSAGEM DO INIBIDOR	86.06	86.06
40304760	INIBIDOR DOS FATORES DA HEMOSTASIA, TRIAGEM	85.12	85.12
40304779	PRODUTOS DE DEGRADACAO DA FIBRINA, QUANTITATIVO - PESQUISA E/OU DOSAGEM	18.57	18.57
40304787	PROTEINA S LIVRE, DOSAGEM	49.82	49.82
40304795	CELULAS LE - PESQUISA E/OU DOSAGEM	5.20	5.20
40304809	CONSUMO DE PROTROMBINA - PESQUISA E/OU DOSAGEM	7.43	7.43
40304817	ENZIMAS ERITROCITARIAS, RASTREIO PARA DEFICIENCIA	10.05	10.05
40304825	ESPLENOGRAMA (CITOLOGIA)	22.28	22.28
40304833	HEMOGLOBINA INSTABILIDADE A 37 GRAUS C - PESQUISA E/OU DOSAGEM	3.73	3.73
40304841	HEMOGLOBINA, SOLUBILIDADE (HBS E HBD) - PESQUISA E/OU DOSAGEM	3.73	3.73
40304850	HEMOGLOBINOPATIA - TRIAGEM (EL.HB., HEMOGLOB. FETAL. RETICULOCITOS, CORPOS DE H, T. FALCIZACAO HEMACIAS, RESIST. OSMOTICA, TERMO ESTABILIDADE)	25.27	25.27
40304868	ESTREPTOZIMA - PESQUISA E/OU DOSAGEM	18.60	18.60
40304876	SULFO-HEMOGLOBINA, DETERMINACAO DA	5.20	5.20
40304884	COOMBS INDIRETO	11.03	11.03
40304892	MIELOGRAMA	22.28	22.28
40304906	DIMERO D - PESQUISA E/OU DOSAGEM	55.77	55.77
40304914	TEMPO DE SANGRAMENTO (DUKE) - DETERMINACAO	3.73	3.73
40304922	COAGULOGRAMA (TS, TC, PROVA DO LACO, RETRACAO DO COAGULO, CONTAGEM DE PLAQUETAS, TEMPO DE PROTOMBINA, TEMPO DE TROMBOPLASTINA, PARCIAL ATIVADO) - PESQUISA E/OU DOSAGEM	12.99	12.99
40304930	BACO, EXAME DE ESFREGACO DE ASPIRADO	65.82	65.82
40304949	LINFONODO, EXAME DE ESFREGACO DE ASPIRADO	65.82	65.82
40304957	ADENOGRAMA (INCLUI HEMOGRAMA)	19.72	19.72
40305015	1,25-DIHIDROXI VITAMINA D - PESQUISA E/OU DOSAGEM	49.09	49.09
40305040	17-CETOGENICOS (17-CGS) - PESQUISA E/OU DOSAGEM	11.89	11.89
40305058	17-CETOGENICOS CROMATOGRAFIA - PESQUISA E/OU DOSAGEM	19.72	19.72
40305066	17-CETOSTEROIDES (17-CTS) - CROMATOGRAFIA - PESQUISA E/OU DOSAGEM	19.72	19.72
40305074	17-CETOSTEROIDES RELACAO ALFA/BETA - PESQUISA E/OU DOSAGEM	12.99	12.99
40305082	17-CETOSTEROIDES TOTAIS (17-CTS) - PESQUISA E/OU DOSAGEM	10.05	10.05
40305090	17-HIDROXIPREGNENOLONA - PESQUISA E/OU DOSAGEM	79.30	79.30
40305112	ACIDO 5 HIDROXI INDOL ACETICO, DOSAGEM NA URINA	12.25	12.25
40305120	ACIDO HOMO VANILICO - PESQUISA E/OU DOSAGEM	16.97	16.97
40305163	AMP CICLICO - PESQUISA E/OU DOSAGEM	18.57	18.57
40305210	CORTISOL LIVRE - PESQUISA E/OU DOSAGEM	16.69	16.69
40305228	CURVA GLICEMICA (6 DOSAGENS) - PESQUISA E/OU DOSAGEM	31.15	31.15
40305236	CURVA INSULINICA (6 DOSAGENS) - PESQUISA E/OU DOSAGEM	133.85	133.85
40305279	DOSAGEM DE RECEPTOR DE PROGESTERONA OU DE ESTROGENIO	148.74	148.74
40305287	ENZIMA CONVERSORA DA ANGIOTENSINA (ECA) - PESQUISA E/OU DOSAGEM	33.44	33.44
40305295	ERITROPOIETINA - PESQUISA E/OU DOSAGEM	74.35	74.35
40305341	GAD-AB-ANTIDESCARBOXILASE DO ACIDO - PESQUISA E/OU DOSAGEM	55.77	55.77
40305368	GLUCAGON, DOSAGEM	55.77	55.77
40305384	HORMONIO ANTIDIURETICO (VASOPRESSINA) - PESQUISA E/OU DOSAGEM	27.87	27.87
40305406	IGF BP3 (PROTEINA LIGADORA DOS FATORES DE CRESCIMENTO "INSULIN-LIKE") - PESQUISA E/OU DOSAGEM	63.21	63.21
40305422	LEPTINA - PESQUISA E/OU DOSAGEM	26.01	26.01
40305449	N-TELOPEPTIDEO - PESQUISA E/OU DOSAGEM	40.89	40.89
40305465	PARATORMONIO - PTH OU FRACAO (CADA) - PESQUISA E/OU DOSAGEM	73.63	73.63
40305490	PIRIDINOLINA - PESQUISA E/OU DOSAGEM	44.62	44.62
40305503	PREGNANDIOL - PESQUISA E/OU DOSAGEM	12.25	12.25
40305511	PREGNANTRIOL - PESQUISA E/OU DOSAGEM	12.25	12.25
40305546	PROVA DO LH-RH, DOSAGEM DO FSH SEM FORNECIMENTO DE MEDICAMENTO (CADA)	24.16	24.16
40305554	PROVA DO LH-RH, DOSAGEM DO LH SEM FORNECIMENTO DE MEDICAMENTO (CADA)	24.16	24.16
40305562	PROVA DO TRH-HPR, DOSAGEM DO HPR SEM FORNECIMENTO DO MATERIAL (CADA)	31.58	31.58
40305570	PROVA DO TRH-TSH, DOSAGEM DO TSH SEM FORNECIMENTO DO MATERIAL (CADA)	31.58	31.58
40305589	PROVA PARA DIABETE INSIPIDO (RESTRICAO HIDRICA NACL 3% VASOPRESSINA)	24.91	24.91
40305597	ESTROGENIOS TOTAIS (FENOLESTEROIDES) - PESQUISA E/OU DOSAGEM	14.87	14.87
40305600	IODO PROTEICO (PBI) - PESQUISA E/OU DOSAGEM	7.43	7.43
40305619	LACTOGENICO PLACENTARIO HORMONIO - PESQUISA E/OU DOSAGEM	46.48	46.48
40305627	PROVAS DE FUNCAO TIREOIDEANA (T3, T4, INDICES E TSH)	92.96	92.96
40305740	11-DESOXICORTICOSTERONA - PESQUISA E/OU DOSAGEM	64.48	64.48
40305759	HORMONIO GONODOTROFICO CORIONICO QUALITATIVO (HCG-BETA-HCG) - PESQUISA	24.18	24.18
40305767	HORMONIO GONODOTROFICO CORIONICO QUANTITATIVO (HCG-BETA-HCG) - DOSAGEM	24.18	24.18
40305775	MACROPROLACTINA - PESQUISA E/OU DOSAGEM	63.32	63.32
40305783	17-HIDROXICORTICOSTEROIDES (17-OHS) - PESQUISA E/OU DOSAGEM	78.82	78.82
40306011	ADENOVIRUS, IGG - PESQUISA E/OU DOSAGEM	24.91	24.91
40306020	ADENOVIRUS, IGM - PESQUISA E/OU DOSAGEM	26.01	26.01
40306046	ANTICANDIDA - IGG E IGM (CADA) - PESQUISA E/OU DOSAGEM	25.64	25.64
40306054	ANTI-ACTINA - PESQUISA E/OU DOSAGEM	26.42	26.42
40306062	ANTI-DNA - PESQUISA E/OU DOSAGEM	14.87	14.87
40306070	ANTI-JO1 - PESQUISA E/OU DOSAGEM	22.28	22.28
40306089	ANTI-LA/SSB - PESQUISA E/OU DOSAGEM	14.87	14.87
40306097	ANTI-LKM-1 - PESQUISA E/OU DOSAGEM	12.99	12.99
40306100	ANTI-RNP - PESQUISA E/OU DOSAGEM	14.87	14.87
40306119	ANTI-RO/SSA - PESQUISA E/OU DOSAGEM	14.87	14.87
40306127	ANTI-SM - PESQUISA E/OU DOSAGEM	14.87	14.87
40306135	ANTICARDIOLIPINA - IGA - PESQUISA E/OU DOSAGEM	18.08	18.08
40306143	ANTICARDIOLIPINA - IGG - PESQUISA E/OU DOSAGEM	22.28	22.28
40306151	ANTICARDIOLIPINA - IGM - PESQUISA E/OU DOSAGEM	22.28	22.28
40306160	ANTICENTROMERO - PESQUISA E/OU DOSAGEM	50.57	50.57
40306178	ANTICORPO ANTI-DNASE B - PESQUISA E/OU DOSAGEM	14.87	14.87
40306186	ANTICORPO ANTI-HORMONIO DO CRESCIMENTO - PESQUISA E/OU DOSAGEM	74.35	74.35
40306194	ANTICORPO ANTIVIRUS DA HEPATITE E (TOTAL) - PESQUISA E/OU DOSAGEM	89.24	89.24
40306208	ANTICORPOS ANTI-ILHOTA DE LANGHERANS - PESQUISA E/OU DOSAGEM	29.74	29.74
40306216	ANTICORPOS ANTI-INFLUENZA A, IGG - PESQUISA E/OU DOSAGEM	13.19	13.19
40306224	ANTICORPOS ANTI-INFLUENZA A, IGM - PESQUISA E/OU DOSAGEM	18.08	18.08
40306232	ANTICORPOS ANTI-INFLUENZA B, IGG - PESQUISA E/OU DOSAGEM	13.19	13.19
40306240	ANTICORPOS ANTI-INFLUENZA B, IGM - PESQUISA E/OU DOSAGEM	18.08	18.08
40306259	ANTICORPOS ANTIENDOMISIO - IGG, IGM, IGA (CADA) - PESQUISA E/OU DOSAGEM	48.32	48.32
40306267	ANTICORPOS NATURAIS - ISOAGLUTININAS, PESQUISAS	14.87	14.87
40306275	ANTICORPOS NATURAIS - ISOAGLUTININAS, TITULAGEM	26.01	26.01
40306283	ANTICORTEX SUPRA-RENAL - PESQUISA E/OU DOSAGEM	26.01	26.01
40306291	ANTIESCLERODERMA (SCL 70) - PESQUISA E/OU DOSAGEM	14.87	14.87
40306305	ANTIGLIADINA (GLUTEN) - IGA - PESQUISA E/OU DOSAGEM	18.08	18.08
40306313	ANTIGLIADINA (GLUTEN) - IGG - PESQUISA E/OU DOSAGEM	29.74	29.74
40306321	ANTIGLIADINA (GLUTEN) - IGM - PESQUISA E/OU DOSAGEM	29.74	29.74
40306330	ANTIMEMBRANA BASAL - PESQUISA E/OU DOSAGEM	26.01	26.01
40306348	ANTIMICROSSOMAL - PESQUISA E/OU DOSAGEM	39.01	39.01
40306356	ANTIMITOCONDRIA - PESQUISA E/OU DOSAGEM	14.87	14.87
40306364	ANTIMITOCONDRIA, M2 - PESQUISA E/OU DOSAGEM	28.98	28.98
40306372	ANTIMUSCULO CARDIACO - PESQUISA E/OU DOSAGEM	37.17	37.17
40306380	ANTIMUSCULO ESTRIADO - PESQUISA E/OU DOSAGEM	14.87	14.87
40306399	ANTIMUSCULO LISO - PESQUISA E/OU DOSAGEM	14.87	14.87
40306402	ANTINEUTROFILOS (ANCA) C - PESQUISA E/OU DOSAGEM	22.28	22.28
40306410	ANTINEUTROFILOS (ANCA) P - PESQUISA E/OU DOSAGEM	22.28	22.28
40306429	ANTIPARIETAL - PESQUISA E/OU DOSAGEM	14.87	14.87
40306437	ANTIPEROXIDASE TIREOIDEANA - PESQUISA E/OU DOSAGEM	29.74	29.74
40306445	ASLO - PESQUISA E/OU DOSAGEM	5.58	5.58
40306453	ASPERGILUS, REACAO SOROLOGICA	29.74	29.74
40306461	AVIDEZ DE IGG PARA TOXOPLASMOSE, CITOMEGALIA, RUBELOA, EB E OUTROS, CADA - PESQUISA E/OU DOSAGEM	44.62	44.62
40306470	BETA-2-MICROGLOBULINA - PESQUISA E/OU DOSAGEM	111.54	111.54
40306488	BIOTINIDASE ATIVIDADE DA, QUALITATIVO - PESQUISA E/OU DOSAGEM	14.87	14.87
40306496	BLASTOMICOSE, REACAO SOROLOGICA	10.05	10.05
40306500	BRUCELA - IGG - PESQUISA E/OU DOSAGEM	13.19	13.19
40306518	BRUCELA - IGM - PESQUISA E/OU DOSAGEM	15.96	15.96
40306526	BRUCELA, PROVA RAPIDA	7.43	7.43
40306534	C1Q - PESQUISA E/OU DOSAGEM	20.08	20.08
40306542	C3 PROATIVADOR - PESQUISA E/OU DOSAGEM	24.43	24.43
40306550	C3A (FATOR B) - PESQUISA E/OU DOSAGEM	16.71	16.71
40306569	CA 50 - PESQUISA E/OU DOSAGEM	55.77	55.77
40306577	CA-242 - PESQUISA E/OU DOSAGEM	55.77	55.77
40306585	CA-27-29 - PESQUISA E/OU DOSAGEM	99.45	99.45
40306593	CAXUMBA, IGG - PESQUISA E/OU DOSAGEM	24.91	24.91
40306607	CAXUMBA, IGM - PESQUISA E/OU DOSAGEM	24.91	24.91
40306615	CHAGAS IGG - PESQUISA E/OU DOSAGEM	11.12	11.12
40306623	CHAGAS IGM - PESQUISA E/OU DOSAGEM	11.12	11.12
40306631	CHLAMYDIA - IGG - PESQUISA E/OU DOSAGEM	24.91	24.91
40306640	CHLAMYDIA - IGM - PESQUISA E/OU DOSAGEM	29.74	29.74
40306658	CISTICERCOSE, AC - PESQUISA E/OU DOSAGEM	8.16	8.16
40306666	CITOMEGALOVIRUS IGG - PESQUISA E/OU DOSAGEM	24.91	24.91
40306674	CITOMEGALOVIRUS IGM - PESQUISA E/OU DOSAGEM	29.74	29.74
40306682	CLOSTRIDIUM DIFFICILE, TOXINA A - PESQUISA E/OU DOSAGEM	46.48	46.48
40306690	COMPLEMENTO C2 - PESQUISA E/OU DOSAGEM	18.57	18.57
40306704	COMPLEMENTO C3 - PESQUISA E/OU DOSAGEM	18.60	18.60
40306712	COMPLEMENTO C4 - PESQUISA E/OU DOSAGEM	18.60	18.60
40306720	COMPLEMENTO C5 - PESQUISA E/OU DOSAGEM	18.57	18.57
40306739	COMPLEMENTO CH-100 - PESQUISA E/OU DOSAGEM	11.18	11.18
40306747	COMPLEMENTO CH-50 - PESQUISA E/OU DOSAGEM	14.87	14.87
40306755	CRIO-AGLUTININA, GLOBULINA, DOSAGEM, CADA	18.60	18.60
40306763	CRIO-AGLUTININA, GLOBULINA, PESQUISA, CADA	5.20	5.20
40306771	CROSS MATCH (PROVA CRUZADA DE HISTOCOMPATIBILIDADE PARA TRANSPLANTE RENAL)	55.77	55.77
40306780	CULTURA OU ESTIMULACAO DOS LINFOCITOS "IN VITRO" POR CONCANAVALINA, PHA OU POKWEED	52.06	52.06
40306798	DENGUE - IGG E IGM (CADA) - PESQUISA E/OU DOSAGEM	39.38	39.38
40306801	ECHOVIRUS (PAINEL) SOROLOGIA PARA	111.54	111.54
40306810	EQUINOCOCOSE (HIDATIDOSE), REACAO SOROLOGICA	10.05	10.05
40306828	EQUINOCOCOSE, IDR - PESQUISA E/OU DOSAGEM	5.20	5.20
40306836	ESPOROTRICOSE, REACAO SOROLOGICA	19.72	19.72
40306844	ESPOROTRIQUINA, IDR - PESQUISA E/OU DOSAGEM	5.20	5.20
40306852	FATOR ANTINUCLEO, (FAN) - PESQUISA E/OU DOSAGEM	11.16	11.16
40306860	FATOR REUMATOIDE, QUANTITATIVO - PESQUISA E/OU DOSAGEM	26.01	26.01
40306879	FILARIA SOROLOGIA - PESQUISA E/OU DOSAGEM	26.75	26.75
40306887	GENOTIPAGEM DO SISTEMA HLA	111.54	111.54
40306895	GIARDIA, REACAO SOROLOGICA	33.46	33.46
40306909	HELICOBACTER PYLORI - IGA - PESQUISA E/OU DOSAGEM	44.18	44.18
40306917	HELICOBACTER PYLORI - IGG - PESQUISA E/OU DOSAGEM	37.17	37.17
40306925	HELICOBACTER PYLORI - IGM - PESQUISA E/OU DOSAGEM	37.17	37.17
40306933	HEPATITE A - HAV - IGG - PESQUISA E/OU DOSAGEM	37.17	37.17
40306941	HEPATITE A - HAV - IGM - PESQUISA E/OU DOSAGEM	44.62	44.62
40306950	HEPATITE B - HBCAC - IGG (ANTI-CORE IGG OU ACOREG) - PESQUISA E/OU DOSAGEM	37.17	37.17
40306968	HEPATITE B - HBCAC - IGM (ANTI-CORE IGM OU ACOREM) - PESQUISA E/OU DOSAGEM	29.74	29.74
40306976	HEPATITE B - HBEAC (ANTI HBE) - PESQUISA E/OU DOSAGEM	22.28	22.28
40306984	HEPATITE B - HBEAG (ANTIGENO "E") - PESQUISA E/OU DOSAGEM	22.28	22.28
40306992	HEPATITE B - HBSAC (ANTI-ANTIGENO DE SUPERFICIE) - PESQUISA E/OU DOSAGEM	22.28	22.28
40307018	HEPATITE B - HBSAG (AU, ANTIGENO AUSTRALIA) - PESQUISA E/OU DOSAGEM	26.01	26.01
40307026	HEPATITE C - ANTI-HCV - PESQUISA E/OU DOSAGEM	55.77	55.77
40307034	HEPATITE C - ANTI-HCV - IGM - PESQUISA E/OU DOSAGEM	55.77	55.77
40307042	HEPATITE C - IMUNOBLOT - PESQUISA E/OU DOSAGEM	114.94	114.94
40307050	HEPATITE DELTA, ANTICORPO IGG - PESQUISA E/OU DOSAGEM	74.35	74.35
40307069	HEPATITE DELTA, ANTICORPO IGM - PESQUISA E/OU DOSAGEM	74.35	74.35
40307077	HEPATITE DELTA, ANTIGENO - PESQUISA E/OU DOSAGEM	38.65	38.65
40307085	HERPES SIMPLES - IGG - PESQUISA E/OU DOSAGEM	29.74	29.74
40307093	HERPES SIMPLES - IGM - PESQUISA E/OU DOSAGEM	29.74	29.74
40307107	HERPES ZOSTER - IGG - PESQUISA E/OU DOSAGEM	29.74	29.74
40307115	HERPES ZOSTER - IGM - PESQUISA E/OU DOSAGEM	29.74	29.74
40307123	HIPERSENSIBILIDADE RETARDADA INTRADERMO REACAO IDER CANDIDINA, CAXUMBA, ESTREPTOQUINASE-DORNASE, PPD, TRICOFITINA, VIRUS VACINAL, OUTRO S , CADA	10.05	10.05
40307131	HISTAMINA, DOSAGEM	24.43	24.43
40307140	HISTONA - PESQUISA E/OU DOSAGEM	26.01	26.01
40307158	HISTOPLASMOSE, REACAO SOROLOGICA	10.05	10.05
40307166	HIV - ANTIGENO P24 - PESQUISA E/OU DOSAGEM	22.28	22.28
40307174	HIV1 OU HIV2, PESQUISA DE ANTICORPOS	53.91	53.91
40307182	HIV1+ HIV2, (DETERMINACAO CONJUNTA), PESQUISA DE ANTICORPOS	55.77	55.77
40307190	HLA-DR - PESQUISA E/OU DOSAGEM	158.21	158.21
40307204	HLA-DR+DQ - PESQUISA E/OU DOSAGEM	170.11	170.11
40307212	HTLV1 OU HTLV2 PESQUISA DE ANTICORPO (CADA)	37.17	37.17
40307220	IGA - PESQUISA E/OU DOSAGEM	18.60	18.60
40307239	IGA NA SALIVA - PESQUISA E/OU DOSAGEM	10.45	10.45
40307247	IGD - PESQUISA E/OU DOSAGEM	15.62	15.62
40307255	IGE, GRUPO ESPECIFICO, CADA - PESQUISA E/OU DOSAGEM	26.01	26.01
40307263	IGE, POR ALERGENO, CADA (CADA) - PESQUISA E/OU DOSAGEM	26.01	26.01
40307271	IGE, TOTAL - PESQUISA E/OU DOSAGEM	14.87	14.87
40307280	IGG - PESQUISA E/OU DOSAGEM	18.60	18.60
40307298	IGG, SUBCLASSES 1,2,3,4 (CADA) - PESQUISA E/OU DOSAGEM	55.77	55.77
40307301	IGM - PESQUISA E/OU DOSAGEM	18.60	18.60
40307310	IMUNOCOMPLEXOS CIRCULANTES - PESQUISA E/OU DOSAGEM	37.17	37.17
40307328	IMUNOCOMPLEXOS CIRCULANTES, COM CELULAS RAJI - PESQUISA E/OU DOSAGEM	18.08	18.08
40307336	IMUNOELETROFORESE (ESTUDO DA GAMOPATIA) - PESQUISA E/OU DOSAGEM	44.62	44.62
40307344	INIBIDOR DE C1 ESTERASE - PESQUISA E/OU DOSAGEM	16.71	16.71
40307352	ISOSPORA, PESQUISA DE ANTIGENO - PESQUISA E/OU DOSAGEM	18.60	18.60
40307360	ITO (CANCRO MOLE), IDER - PESQUISA E/OU DOSAGEM	7.43	7.43
40307379	KVEIM (SARCOIDOSE), IDER - PESQUISA E/OU DOSAGEM	25.27	25.27
40307387	LEGIONELLA - IGG E IGM (CADA) - PESQUISA E/OU DOSAGEM	92.96	92.96
40307395	LEISHMANIOSE - IGG E IGM (CADA) - PESQUISA E/OU DOSAGEM	22.28	22.28
40307409	LEPTOSPIROSE - IGG - PESQUISA E/OU DOSAGEM	20.08	20.08
40307417	LEPTOSPIROSE - IGM - PESQUISA E/OU DOSAGEM	20.08	20.08
40307425	LEPTOSPIROSE, AGLUTINACAO - PESQUISA	12.25	12.25
40307433	LINFOCITOS T "HELPER" CONTAGEM DE (IF COM OKT-4) (CD-4+) CITOMETRIA DE FLUXO	50.19	50.19
40307441	LINFOCITOS T SUPRESSORES CONTAGEM DE (IF COM OKT-8) (D-8) CITOMETRIA DE FLUXO	50.19	50.19
40307450	LISTERIOSE, REACAO SOROLOGICA	14.87	14.87
40307468	LYME - IGG - PESQUISA E/OU DOSAGEM	25.64	25.64
40307476	LYME - IGM - PESQUISA E/OU DOSAGEM	25.64	25.64
40307484	MALARIA - IGG - PESQUISA E/OU DOSAGEM	11.12	11.12
40307492	MALARIA - IGM - PESQUISA E/OU DOSAGEM	11.12	11.12
40307506	MANTOUX, IDER	5.58	5.58
40307514	MCA (ANTIGENO CARCINO-MAMARIO) - PESQUISA E/OU DOSAGEM	74.35	74.35
40307522	MICOPLASMA PNEUMONIAE - IGG - PESQUISA E/OU DOSAGEM	55.77	55.77
40307530	MICOPLASMA PNEUMONIAE - IGM - PESQUISA E/OU DOSAGEM	55.77	55.77
40307565	MONONUCLEOSE - EPSTEIN BARR - IGG - PESQUISA E/OU DOSAGEM	29.74	29.74
40307573	MONONUCLEOSE, ANTI-VCA (EBV) IGG - PESQUISA E/OU DOSAGEM	55.77	55.77
40307581	MONONUCLEOSE, ANTI-VCA (EBV) IGM - PESQUISA E/OU DOSAGEM	55.77	55.77
40307590	MONTENEGRO, IDER	7.43	7.43
40307603	OUTROS TESTES BIOQUIMICOS PARA DETERMINACAO DO RISCO FETAL (CADA)	87.39	87.39
40307611	PARVOVIRUS - IGG, IGM (CADA) - PESQUISA E/OU DOSAGEM	66.91	66.91
40307620	PEPTIDIO INTESTINAL VASOATIVO, DOSAGEM	285.09	285.09
40307638	PPD (TUBERCULINA), IDER	5.58	5.58
40307662	PROTEINA EOSINOFILICA CATIONICA (ECP) - PESQUISA E/OU DOSAGEM	44.62	44.62
40307689	REACAO SOROLOGICA PARA COXSACKIE, NEUTRALIZACAO IGG	51.59	51.59
40307697	RUBEOLA - IGG - PESQUISA E/OU DOSAGEM	14.87	14.87
40307700	RUBEOLA - IGM - PESQUISA E/OU DOSAGEM	44.62	44.62
40307719	SCHISTOSOMOSE - IGG - PESQUISA E/OU DOSAGEM	15.29	15.29
40307727	SCHISTOSOMOSE - IGM - PESQUISA E/OU DOSAGEM	10.45	10.45
40307735	SIFILIS - FTA-ABS-IGG - PESQUISA	11.12	11.12
40307743	SIFILIS - FTA-ABS-IGM - PESQUISA	11.16	11.16
40307751	SIFILIS - TPHA - PESQUISA	10.05	10.05
40307760	SIFILIS - VDRL	3.73	3.73
40307778	TESTE DE INIBICAO DA MIGRACAO DOS LINFOCITOS (PARA CADA ANTIGENO)	37.17	37.17
40307786	TESTE RESPIRATORIO PARA H. PYLORI	128.85	128.85
40307794	TOXOCARA CANNIS - IGG - PESQUISA E/OU DOSAGEM	14.87	14.87
40307808	TOXOCARA CANNIS - IGM - PESQUISA E/OU DOSAGEM	14.87	14.87
40307816	TOXOPLASMINA, IDER	5.20	5.20
40307824	TOXOPLASMOSE IGG - PESQUISA E/OU DOSAGEM	29.74	29.74
40307832	TOXOPLASMOSE IGM - PESQUISA E/OU DOSAGEM	29.74	29.74
40307840	UREASE, TESTE RAPIDO PARA HELICOBACTER PYLORI	11.16	11.16
40307859	VIRUS SINCICIAL RESPIRATORIO - ELISA - IGG - PESQUISA E/OU DOSAGEM	55.77	55.77
40307867	WAALER-ROSE (FATOR REUMATOIDE) - PESQUISA E/OU DOSAGEM	7.43	7.43
40307875	WESTERN BLOT (ANTICORPOS ANTI-HIV) - PESQUISA E/OU DOSAGEM	223.09	223.09
40307883	WESTERN BLOT (ANTICORPOS ANTI-HTVI OU HTLVII) (CADA) - PESQUISA E/OU DOSAGEM	206.76	206.76
40307891	WIDAL, REACAO DE	8.16	8.16
40307905	ALERGENOS - PERFIL ANTIGENICO (PAINEL C/36 ANTIGENOS) - PESQUISA E/OU DOSAGEM	185.90	185.90
40307913	ANTI-DMP - PESQUISA E/OU DOSAGEM	14.87	14.87
40307921	ANTI-HIALURONIDASE, DETERMINACAO DA	7.43	7.43
40307948	ANTIFIGADO (GLOMERULO, TUB. RENAL CORTE RIM DE RATO), IFI - PESQUISA E/OU DOSAGEM	26.01	26.01
40307956	ANTIGENOS METILICOS SOLUVEIS DO BCG (1 APLICACAO)	18.60	18.60
40307964	CHAGAS, HEMOAGLUTINACAO	8.16	8.16
40307972	CHAGAS (MACHADO GUERREIRO)	8.16	8.16
40307999	COMPLEMENTO C3, C4 - TURBID. OU NEFOLOMETRICO C3A - PESQUISA E/OU DOSAGEM	24.18	24.18
40308014	CRIOGLOBULINAS, CARACTERIZACAO - IMUNOELETROFORESE	29.74	29.74
40308022	DNCB - TESTE DE CONTATO	10.05	10.05
40308030	FATOR REUMATOIDE, TESTE DO LATEX (QUALITATIVO) - PESQUISA	7.40	7.40
40308049	FREI (LINFOGRANULOMA VENEREO), IDER - PESQUISA E/OU DOSAGEM	10.05	10.05
40308090	NBT ESTIMULADO	18.60	18.60
40308120	SARAMPO - ANTICORPOS IGG - PESQUISA E/OU DOSAGEM	29.74	29.74
40308138	SARAMPO - ANTICORPOS IGM - PESQUISA E/OU DOSAGEM	29.74	29.74
40308154	TOXOPLASMOSE - IGA - PESQUISA E/OU DOSAGEM	29.74	29.74
40308162	VARICELA, IGG - PESQUISA E/OU DOSAGEM	26.75	26.75
40308170	VARICELA, IGM - PESQUISA E/OU DOSAGEM	26.75	26.75
40308197	VIRUS, (SINCICIAL, RESPIRATORIO) PESQUISA DIRETA	52.83	52.83
40308200	WEIL FELIX (RICKETSIOSE), REACAO DE AGLUTINACAO	7.43	7.43
40308243	POLIOMELITE SOROLOGIA	183.70	183.70
40308278	SCHISTOSOMOSE, PESQUISA	10.05	10.05
40308286	SIFILIS ANTICORPO TOTAL - PESQUISA E/OU DOSAGEM	23.16	23.16
40308294	SIFILIS IGM - PESQUISA E/OU DOSAGEM	33.75	33.75
40308308	AMEBIASE, IGG - PESQUISA E/OU DOSAGEM	24.91	24.91
40308316	AMEBIASE, IGM - PESQUISA E/OU DOSAGEM	24.91	24.91
40308324	GONOCOCO - IGG - PESQUISA E/OU DOSAGEM	17.84	17.84
40308332	GONOCOCO - IGM - PESQUISA E/OU DOSAGEM	17.84	17.84
40308340	MONONUCLEOSE, SOROLOGIA PARA (MONOTESTE OU PAUL-BUNNEL), CADA	10.05	10.05
40308359	PSITACOSE - IGG - PESQUISA E/OU DOSAGEM	29.74	29.74
40308367	PSITACOSE - IGM - PESQUISA E/OU DOSAGEM	29.74	29.74
40308375	PSITACOSE - IGA - PESQUISA E/OU DOSAGEM	29.74	29.74
40308383	PROTEINA C REATIVA, QUALITATIVA - PESQUISA	5.58	5.58
40308391	PROTEINA C REATIVA, QUANTITATIVA - PESQUISA E/OU DOSAGEM	24.91	24.91
40308405	ASLO, QUANTITATIVO - PESQUISA E/OU DOSAGEM	26.87	26.87
40308413	PARACOCCIDIOIDOMICOSE, ANTICORPOS TOTAIS / IGG - PESQUISA E/OU DOSAGEM	67.12	67.12
40308421	AMEBA, PESQUISA	5.20	5.20
40308430	AMEBA, PESQUISA ANTIGENO NAS FEZES, ELISA	40.90	40.90
40308529	ANTICORPOS ANTIPNEUMOCOCO	145.53	145.53
40308553	ANTI TRANSGLUTAMINASE TECIDUAL - IGA	29.74	29.74
40308626	ANTICORPOS ANTI ANTIGENO HEPATICO SOLUVEL	37.17	37.17
40308804	ANTICORPOS ANTI PEPTIDEO CICLICO CITRULINADO - IGG	29.74	29.74
40308820	ANTICORPOS ANTI RETICULINA	13.01	13.01
40308898	ANTICORPOS BETA 2 GLICOPROTEINA 1 - IGG/IGM/IGA	37.19	37.19
40308901	ACETILCOLINA, ANTICORPOS BLOQUEADOR RECEPTOR	92.96	92.96
40308928	ANTICORPOS COXSACKIE A, OUTROS MATERIAIS	142.40	142.40
40309010	ADENOSINA DE AMINASE (ADA) - PESQUISA E/OU DOSAGEM EM LIQUIDOS ORGANICOS	37.17	37.17
40309029	BIOQUIMICA ICR (PROTEINAS + PANDY + GLICOSE + CLORO) - PESQUISA E/OU DOSAGEM EM LIQUIDOS ORGANICOS	15.35	15.35
40309037	CELULAS, CONTAGEM TOTAL E ESPECIFICA - PESQUISA E/OU DOSAGEM EM LIQUIDOS ORGANICOS	5.20	5.20
40309045	CELULAS, PESQUISA DE CELULAS NEOPLASICAS (CITOLOGIA ONCOTICA) - PESQUISA E/OU DOSAGEM EM LIQUIDOS ORGANICOS	22.28	22.28
40309053	CRIPTOCOCOSE, CANDIDA, ASPERGILUS (LATEX) - PESQUISA E/OU DOSAGEM EM LIQUIDOS ORGANICOS	29.74	29.74
40309061	ELETROFORESE DE PROTEINAS NO LIQUOR, COM CONCENTRACAO - PESQUISA E/OU DOSAGEM EM LIQUIDOS ORGANICOS	18.60	18.60
40309070	H. INFLUENZAE, S. PNEUMONIEAE, N. MENINGITIDIS A, B E C W135 (CADA) - PESQUISA E/OU DOSAGEM EM LIQUIDOS ORGANICOS	37.17	37.17
40309088	HAEMOPHILUS INFLUENZAE - PESQUISA DE ANTICORPOS (CADA)- PESQUISA E/OU DOSAGEM EM LIQUIDOS ORGANICOS	29.74	29.74
40309096	INDICE DE IMUNOPRODUCAO (ELETROF. E IGG EM SORO E LIQUOR) - PESQUISA E/OU DOSAGEM	55.77	55.77
40309100	LCR AMB ROTINA ASPECTOS COR + INDICE DE COR + CONTAGEM GLOBAL E ESPECIFICA DE LEUCOCITOS E HEMACIAS + CITOLOGIA ONCOTICA + PROTEINA + GLICOSE + CLORO + ELETROFORESE COM CONCENTRACAO + IGG + REACOES PA	113.77	113.77
40309118	LCR HOSP NEUROLOGIA (ASPECTOS COR + INDICES DE COR + CONTAGEM GLOBAL E ESPECIFICA DE LEUCOCITOS E HEMACIAS + PROTEINA + GLICOSE + CLORO + REACOES PARA NEUROCISTICERCOSE (2) + REACOES PARA NEUROLUES (2	150.23	150.23
40309126	LCR PRONTO SOCORRO (ASPECTOS COR + INDICE DE COR + CONTAGEM GLOBAL E ESPECIFICA DE LEUCOCITOS E HEMACIAS + PROTEINA + GLICOSE + CLORO + LACTATO + BACTERIOSCOPIA + CULTURA + LATEX PARA BACTERIAS)	113.77	113.77
40309134	PESQUISA DE BANDAS OLIGOCLONAIS POR ISOFOCALIZACAO - PESQUISA E/OU DOSAGEM EM LIQUIDOS ORGANICOS	148.74	148.74
40309142	PROTEINA MIELINA BASICA, ANTICORPO ANTI - PESQUISA E/OU DOSAGEM EM LIQUIDOS ORGANICOS	61.34	61.34
40309150	PUNCAO CISTERNAL SUBOCCIPTAL COM MANOMETRIA PARA COLETA DE LIQUIDO CEFALORRAQUEANO	29.74	29.74
40309169	PUNCAO LOMBAR COM MANOMETRIA PARA COLETA DE LIQUIDO CEFALORRAQUEANO	84.62	84.62
40309177	NONNE-APPLE, REACAO	3.73	3.73
40309185	TAKATA-ARA, REACAO	5.20	5.20
40309215	LIQUOR CISTICERCOSE WESTERN BLOT	31.58	31.58
40309266	AMINOACIDOS NO LIQUIDO CEFALORRAQUIDIANO	10.80	10.80
40309304	ANTICORPO ANTIESPERMATOZOIDE - PESQUISA E/OU DOSAGEM EM LIQUIDOS ORGANICOS	11.12	11.12
40309312	ESPERMOGRAMA CARACTERES FISICOS, PH, FLUDIFICACAO, MOTILIDADE, VITALIDADE, CONTAGEM E MORFOLOGIA	12.25	12.25
40309320	ESPERMOGRAMA E TESTE DE PENETRACAO "IN VITRO", VELOCIDADE PENETRACAO VERTICAL, COLOCACAO VITAL, TESTE DE REVITALIZACAO	26.01	26.01
40309401	CLEMENTS, TESTE	3.73	3.73
40309410	ESPECTROFOTOMETRIA DE LIQUIDO AMNIOTICO	7.43	7.43
40309428	FOSFOLIPIDIOS (RELACAO LECITINA/ESFINGOMIELINA) - PESQUISA E/OU DOSAGEM EM LIQUIDOS ORGANICOS	14.87	14.87
40309436	MATURIDADE PULMONAR FETAL - - PESQUISA E/OU DOSAGEM EM LIQUIDOS ORGANICOS	33.46	33.46
40309444	ROTINA DO LIQUIDO AMNIOTICO-AMNIOGRAMA (CITOLOGICO ESPECTROFOTOMETRIA, CREATININA E TESTE DE CLEMENTS)	11.12	11.12
40309509	CRISTAIS COM LUZ POLARIZADA - PESQUISA E/OU DOSAGEM EM LIQUIDOS ORGANICOS	3.73	3.73
40309517	RAGOCITOS, PESQUISA	3.73	3.73
40309525	ROTINA LIQUIDO SINOVIAL - CARACTERES FISICOS, CITOLOGIA, PROTEINAS, ACIDO URICO, LATEX P/ F.R., BACT.	24.91	24.91
40310019	A FRESCO, EXAME	3.73	3.73
40310035	ANTIBIOGRAMA P/ BACILOS ALCOOL-RESISTENTES - DROGAS DE 2 LINHAS	39.39	39.39
40310043	ANTIGENOS FUNGICOS, PESQUISA	40.89	40.89
40310051	B.A.A.R. (ZIEHL OU FLUORESCENCIA, PESQUISA DIRETA E APOS HOMOGENEIZACAO) - PESQUISA	5.54	5.54
40310060	BACTERIOSCOPIA (GRAM, ZIEHL, ALBERT ETC), POR LAMINA	5.54	5.54
40310078	CHLAMYDIA, CULTURA	18.57	18.57
40310086	COLERA - IDENTIFICACAO (SOROTIPAGEM INCLUIDA)	16.36	16.36
40310094	CORPUSCULOS DE DONOVANI, PESQUISA DIRETA DE	5.94	5.94
40310108	CRIPTOCOCO (TINTA DA CHINA), PESQUISA DE	3.36	3.36
40310116	CRIPTOSPORIDIUM, PESQUISA	18.60	18.60
40310124	CULTURA BACTERIANA (EM DIVERSOS MATERIAIS BIOLOGICOS)	12.99	12.99
40310132	CULTURA PARA BACTERIAS ANAEROBICAS	18.57	18.57
40310140	CULTURA PARA FUNGOS	11.12	11.12
40310159	CULTURA PARA MYCOBACTERIUM	26.01	26.01
40310167	CULTURA QUANTITATIVA DE SECRECOES PULMONARES, QUANDO NECESSITAR TRATAMENTO PREVIO C/ N.C.A.	52.06	52.06
40310175	CULTURA, FEZES: SALMONELA, SHIGELLAE E ESC. COLI ENTEROPATOGENICAS, ENTEROINVASORA (SOROL. INCLUIDA) + CAMPYLOBACTER SP. + E. COLI ENTERO-HEMORRAGICA	12.99	12.99
40310183	CULTURA, FEZES: SALMONELLA, SHIGELLA E ESCHERICHIA COLI ENTEROPATOGENICAS (SOROLOGIA INCLUIDA)	14.87	14.87
40310191	CULTURA, HERPESVIRUS OU OUTRO	44.62	44.62
40310205	CULTURA, MICOPLASMA OU UREAPLASMA	24.91	24.91
40310213	CULTURA, URINA COM CONTAGEM DE COLONIAS	11.12	11.12
40310221	ESTREPTOCOCOS - A, TESTE RAPIDO	14.87	14.87
40310230	FUNGOS, PESQUISA DE (A FRESCO LACTOFENOL, TINTA DA CHINA)	3.73	3.73
40310248	HEMOCULTURA (POR AMOSTRA)	11.12	11.12
40310256	HEMOCULTURA AUTOMATIZADA (POR AMOSTRA)	22.28	22.28
40310264	HEMOCULTURA PARA BACTERIAS ANAEROBIAS (POR AMOSTRA)	18.57	18.57
40310272	HEMOPHILUS (BORDETELLA) PERTUSSIS - PESQUISA	7.43	7.43
40310280	HANSEN, PESQUISA DE (POR MATERIAL)	6.69	6.69
40310299	LEPTOSPIRA (CAMPO ESCURO APOS CONCENTRACAO) PESQUISA	3.73	3.73
40310302	MICROORGANISMOS - TESTE DE SENSIBILIDADE A DROGAS MIC, POR DROGA TESTADA	55.77	55.77
40310310	PARACOCCIDIOIDES, PESQUISA DE	5.20	5.20
40310329	PNEUMOCYSTI CARINII, PESQUISA POR COLORACAO ESPECIAL	18.60	18.60
40310337	ROTAVIRUS, PESQUISA, ELISA	18.60	18.60
40310345	TREPONEMA (CAMPO ESCURO) - PESQUISA	5.20	5.20
40310353	VACINA AUTOGENA	32.40	32.40
40310361	CITOMEGALOVIRUS - SHELL VIAL - PESQUISA	265.75	265.75
40310370	MICROSPORIDIA, PESQUISA NAS FEZES	5.32	5.32
40310388	SARCOPTES SCABEI, PESQUISA	1.85	1.85
40310400	CULTURA AUTOMATIZADA - MICROBIOLOGIA	65.08	65.08
40310418	ANTIBIOGRAMA (TESTE DE SENSIBILIDADE E ANTIBIOTICOS E QUIMIOTERAPICOS), POR BACTERIA - NAO AUTOMATIZADO	7.40	7.40
40310426	ANTIBIOGRAMA AUTOMATIZADO	26.01	26.01
40310434	LEISHMANIA, PESQUISA - PESQUISA	11.16	11.16
40310469	CULTURA PARA LISTERIA	11.16	11.16
40310515	PESQUISA DE ANTIGENOS BACTERIANOS	40.89	40.89
40310523	PESQUISA DE ANTIGENOS ENTAMOEBA HISTOLYTICA	40.90	40.90
40310540	PROTOZOARIOS, CULTURA PARA	14.87	14.87
40310558	STREPTOCOCCUS B HEMOL CULTURA QUALQUER MATERIAL	170.31	170.31
40310566	TESTE DE SENSIBILIDADE MYCOBACTERIUM CEPAS DE BACTERIAS	55.77	55.77
40310574	TRICHOMONAS, CULTURA PARA	10.05	10.05
40310590	ANTIGENOS BACTERIANOS / VARIOS MATERIAIS	18.60	18.60
40310620	CULTURA, PARA AGENTES MULTIRRESISTENTES, VARIOS MATERIAIS	12.61	12.61
40310647	CULTURA QUANTITATIVA QUEIMADOS (PELE)	12.99	12.99
40310701	CORYNEBACTERIUM DIPHITERIAE, PESQUISA	5.54	5.54
40310710	PESQUISA DE VRE	14.42	14.42
40310728	FUNGOS MORFOLOGIA/BIOQUIMICA	60.96	60.96
40310736	IDENTIFICACAO DE BACTERIAS POR METODO SOROLOGICO/BIOQUIMICO	62.77	62.77
40311015	ACIDO CITRICO - PESQUISA E/OU DOSAGEM NA URINA	37.17	37.17
40311023	ACIDO HOMOGENTISICO - PESQUISA E/OU DOSAGEM NA URINA	7.40	7.40
40311031	ALCAPTONURIA - PESQUISA E/OU DOSAGEM NA URINA	5.20	5.20
40311040	CALCULOS URINARIOS - ANALISE	11.12	11.12
40311058	CATECOLAMINAS FRACIONADAS - DOPAMINA, EPINEFRINA, NOREPINEFRINA CADA - PESQUISA E/OU DOSAGEM NA URINA	59.48	59.48
40311066	CISTINURIA, PESQUISA	3.73	3.73
40311074	COPROPORFIRINA III - PESQUISA E/OU DOSAGEM NA URINA	7.40	7.40
40311082	CORPOS CETONICOS, PESQUISA - NA URINA	3.73	3.73
40311090	CROMATOGRAFIA DE ACUCARES - NA URINA	24.91	24.91
40311104	DISMORFISMO ERITROCITARIO, PESQUISA (CONTRASTE DE FASE) - NA URINA	5.20	5.20
40311112	ERROS INATOS DO METABOLISMO BATERIAS DE TESTES QUIMICOS DE TRIAGEM EM URINA (MINIMO DE 6 TESTES)	12.25	12.25
40311120	FRUTOSURIA, PESQUISA	3.73	3.73
40311139	GALACTOSURIA, PESQUISA	5.20	5.20
40311147	LIPOIDES, PESQUISA - NA URINA	5.20	5.20
40311155	MELANINA, PESQUISA - NA URINA	5.20	5.20
40311163	METANEFRINAS URINARIAS, DOSAGEM	29.74	29.74
40311171	MICROALBUMINURIA	37.17	37.17
40311180	PESQUISA OU DOSAGEM DE UM COMPONENTE URINARIO	3.73	3.73
40311198	PORFOBILINOGENIO, PESQUISA - NA URINA	5.20	5.20
40311201	PROTEINAS DE BENCE JONES, PESQUISA - NA URINA	4.09	4.09
40311210	ROTINA DE URINA (CARACTERES FISICOS, ELEMENTOS ANORMAIS E SEDIMENTOSCOPIA)	5.20	5.20
40311228	UROPORFIRINAS, DOSAGEM	66.91	66.91
40311236	2,5-HEXANODIONA, DOSAGEM NA URINA	26.01	26.01
40311244	CISTINA - PESQUISA E/OU DOSAGEM NA URINA	7.40	7.40
40311252	PORFOBILINOGENIO - NA URINA	5.20	5.20
40311260	ACIDEZ TITULAVEL - PESQUISA E/OU DOSAGEM NA URINA	5.20	5.20
40311279	BARTITURATOS - PESQUISA E/OU DOSAGEM NA URINA	14.87	14.87
40311287	BETA MERCAPTO-LACTATO-DISULFIDURIA,PESQUISA - NA URINA	5.20	5.20
40311295	CONTAGEM SEDIMENTAR DE ADDIS	3.73	3.73
40311309	ELETROFORESE DE PROTEINAS URINARIAS, COM CONCENTRACAO	18.60	18.60
40311317	FENILCETONURIA, PESQUISA	3.73	3.73
40311325	HISTIDINA, PESQUISA - NA URINA	5.20	5.20
40311333	INCLUSAO CITOMEGALICA, PESQUISA DE CELULAS COM - NA URINA	11.16	11.16
40311341	MIOGLOBINA, PESQUISA - NA URINA	10.05	10.05
40311350	OSMOLALIDADE, DETERMINACAO - NA URINA	7.43	7.43
40311368	PROVA DE CONCENTRACAO (FISHBERG OU VOLHARD) - NA URINA	5.20	5.20
40311376	PROVA DE DILUICAO - NA URINA	5.58	5.58
40311384	SOBRECARGA DE AGUA, PROVA - NA URINA	3.73	3.73
40311392	TIROSINOSE, PESQUISA - NA URINA	3.73	3.73
40311430	HEMOGLOBINA LIVRE NA URINA (AMOSTRA ISOLADA)	7.40	7.40
40311465	SUBSTANCIAS REDUTORAS, PESQUISA URINA	11.90	11.90
40311473	TESTE DE CONCENTRACAO URINARIA APOS DDAVP	24.91	24.91
40311503	PESQUISA DE SULFATIDEOS E MATERIAL METACROMATICO NA URINA	47.04	47.04
40311511	TESTE DE FLUXO LATERAL PARA DETECCAO DE LIPOARABINOMANANO EM URINA LF - LAM	40.89	40.89
40312020	CROMATINA SEXUAL, PESQUISA	6.39	6.39
40312046	IONTOFORESE PARA A COLETA DE SUOR, COM DOSAGEM DE CLORO	11.12	11.12
40312054	MUCO-NASAL, PESQUISA DE EOSINOFILOS E MASTOCITOS	5.20	5.20
40312062	PERFIL METABOLICO P/ LITIASE RENAL: SANGUE (CA, P, AU, CR) URINA: (CA, AU, P, CITR, PESQ. CISTINA) AMP-CICLICO	52.24	52.24
40312070	GASTROACIDOGRAMA - SECRECAO BASAL PARA 60' E 4 AMOSTRAS APOS O ESTIMULO (FORNECIMENTO DE MATERIAL INCLUSIVE TUBAGEM) TESTE	14.87	14.87
40312089	HOLLANDER (INCLUSIVE TUBAGEM) TESTE	24.91	24.91
40312097	PANCREOZIMA - SECRETINA NO SUCO DUODENAL, TESTE	24.91	24.91
40312100	ROTINA DA BILES A, B, C E DO SUCO DUODENAL (CARACTERES FISICOS E MICROSCOPICOS INCLUSIVE TUBAGEM)	23.82	23.82
40312119	TUBAGEM DUODENAL	19.72	19.72
40312127	PERFIL REUMATOLOGICO (ACIDO URICO, ELETROFORESE DE PROTEINAS, FAN, VHS, PROVA DO LATEX P/F. R, W. ROSE)	37.17	37.17
40312135	PH - TORNASSOL - PESQUISA	2.60	2.60
40312143	PROVA ATIVIDADE DE FEBRE REUMATICA (ASLO, ELETROFORESE DE PROTEINAS, MUCO-PROTEINAS E PROTEINA "C" REATIVA)	27.89	27.89
40312151	PROVAS DE FUNCAO HEPATICA (BILIRRUBINAS, ELETROFORESE DE PROTEINAS. FA, TGO, TGP E GAMA-PGT)	33.46	33.46
40312160	TESTE DO PEZINHO BASICO (TSH NEONATAL + FENILALANINA + ELETROFORESE DE HB PARA TRIAGEM DE HEMOPATIAS)	121.95	121.95
40312178	TESTE DO PEZINHO AMPLIADO (TSH NEONATAL + 17 OH PROGESTERONA + FENILALANINA + TRIPSINA IMUNO-REATIVA + ELETROFORESE DE HB PARA TRIAGEM DE HEMOPATIAS)	140.42	140.42
40312194	COLETA DE ESCARRO INDUZIDA	5.20	5.20
40312224	ESPECTROMETRIA DE MASSA EM TANDEM	7.21	7.21
40312232	IDENTIFICACAO DE VERME	5.20	5.20
40312240	ISOLAMENTO DE MICROORGANISMOS ESPECIAIS	65.07	65.07
40312259	LAVADO GASTRICO, COLHEITA POR	5.20	5.20
40312267	LIQUIDO PLEURAL CITOLOGICO	22.28	22.28
40313018	ACIDO DELTA AMINOLEVULINICO (PARA CHUMBO INORGANICO) - PESQUISA E/OU DOSAGEM	11.16	11.16
40313026	ACIDO DELTA AMINOLEVULINICO DESIDRATASE (PARA CHUMBO INORGANICO) - PESQUISA E/OU DOSAGEM	22.28	22.28
40313034	ACIDO FENILGLIOXILICO (PARA ESTIRENO) - PESQUISA E/OU DOSAGEM	14.87	14.87
40313042	ACIDO HIPURICO (PARA TOLUENO) - PESQUISA E/OU DOSAGEM	14.87	14.87
40313050	ACIDO MANDELICO (PARA ESTIRENO) - PESQUISA E/OU DOSAGEM	14.87	14.87
40313069	ACIDO METILHIPURICO (PARA XILENOS) - PESQUISA E/OU DOSAGEM	18.60	18.60
40313077	ACIDO SALICILICO - PESQUISA E/OU DOSAGEM	15.93	15.93
40313085	AZIDA SODICA, TESTE DA (PARA DEISSULFETO DE CARBONO)	11.16	11.16
40313093	CARBOXIHEMOGLOBINA (PARA MONOXIDO DE CARBONO DICLOROMETANO) - PESQUISA E/OU DOSAGEM	11.16	11.16
40313107	CHUMBO - PESQUISA E/OU DOSAGEM	22.28	22.28
40313115	COLINESTERASE (PARA CARBAMATOS ORGANOFOSFORADOS) - PESQUISA E/OU DOSAGEM	7.40	7.40
40313123	COPROPORFIRINAS (PARA CHUMBO INORGANICO) - PESQUISA E/OU DOSAGEM	7.40	7.40
40313131	DIALDEIDO MALONICO - PESQUISA E/OU DOSAGEM	18.93	18.93
40313140	ETANOL - PESQUISA E/OU DOSAGEM	14.87	14.87
40313158	FENOL (PARA BENZENO, FENOL) - PESQUISA E/OU DOSAGEM	14.87	14.87
40313166	FLUOR (PARA FLUORETOS) - PESQUISA E/OU DOSAGEM	14.87	14.87
40313182	META-HEMOGLOBINA (PARA ANILINA NITROBENZENO) - PESQUISA E/OU DOSAGEM	11.16	11.16
40313190	METAIS AL, AS, CD, CR, MN, HG, NI, ZN, CO, OUTRO (S) ABSORCAO ATOMICA (CADA) - PESQUISA E/OU DOSAGEM	29.74	29.74
40313204	METANOL - PESQUISA E/OU DOSAGEM	18.60	18.60
40313212	P-AMINOFENOL (PARA ANILINA) - PESQUISA E/OU DOSAGEM	14.87	14.87
40313220	P-NITROFENOL (PARA NITROBENZENO) - PESQUISA E/OU DOSAGEM	11.12	11.12
40313239	PROTOPORFIRINAS LIVRES (PARA CHUMBO INORGANICO) - PESQUISA E/OU DOSAGEM	11.12	11.12
40313247	PROTOPORFIRINAS ZN (PARA CHUMBO INORGANICO) - PESQUISA E/OU DOSAGEM	11.12	11.12
40313255	SELENIO, DOSAGEM	18.93	18.93
40313263	SULFATOS ORGANICOS OU INORGANICOS, PESQUISA (CADA)	6.69	6.69
40313271	TIOCIANATO (PARA CIANETOS NITRILAS ALIFATICAS) - PESQUISA E/OU DOSAGEM	11.12	11.12
40313280	TRICLOROCOMPOSTOS TOTAIS (PARA TETRACLOROETILENO, TRICLOROETANO, TRICLOROETILENO) - PESQUISA E/OU DOSAGEM	11.12	11.12
40313298	ACIDO ACETICO - PESQUISA E/OU DOSAGEM	5.20	5.20
40313310	CROMO - PESQUISA E/OU DOSAGEM	29.74	29.74
40313328	ZINCO - PESQUISA E/OU DOSAGEM	26.01	26.01
40313336	SALICILATOS, PESQUISA	5.20	5.20
40313344	METIL ETIL CETONA - PESQUISA E/OU DOSAGEM	18.60	18.60
40314014	APOLIPOPROTEINA E, GENOTIPAGEM	158.21	158.21
40314022	CITOMEGALOVIRUS - QUALITATIVO, POR PCR - PESQUISA	185.90	185.90
40314030	CITOMEGALOVIRUS - QUANTITATIVO, POR PCR - PESQUISA	316.10	316.10
40314049	CROMOSSOMO PHILADELFIA - PESQUISA	185.90	185.90
40314057	FATOR V DE LAYDEN POR PCR - PESQUISA	185.90	185.90
40314065	FIBROSE CISTICA, PESQUISA DE UMA MUTACAO	130.62	130.62
40314073	HEPATITE B (QUALITATIVO) PCR - PESQUISA	185.90	185.90
40314081	HEPATITE B (QUANTITATIVO) PCR - PESQUISA	316.06	316.06
40314090	HEPATITE C (QUALITATIVO) POR PCR - PESQUISA	185.90	185.90
40314103	HEPATITE C (QUANTITATIVO) POR PCR - PESQUISA	520.59	520.59
40314111	HEPATITE C - GENOTIPAGEM - PESQUISA	400.14	400.14
40314120	HIV - CARGA VIRAL PCR - PESQUISA	520.59	520.59
40314138	HIV - QUALITATIVO POR PCR - PESQUISA	185.90	185.90
40314146	HIV, GENOTIPAGEM - PESQUISA	520.59	520.59
40314154	HPV (VIRUS DO PAPILOMA HUMANO) + SUBTIPAGEM QUANDO NECESSARIO PCR - PESQUISA	239.95	239.95
40314162	HTLV I / II POR PCR (CADA) - PESQUISA	185.90	185.90
40314170	MYCOBACTERIA PCR - PESQUISA	185.90	185.90
40314189	PARVOVIRUS POR PCR - PESQUISA	167.33	167.33
40314197	PROTEINA S TOTAL + LIVRE, DOSAGEM	51.32	51.32
40314219	SIFILIS POR PCR - PESQUISA	185.90	185.90
40314227	TOXOPLASMOSE POR PCR - PESQUISA	185.90	185.90
40314235	X FRAGIL POR PCR - PESQUISA	185.90	185.90
40314243	CHLAMYDIA POR BIOLOGIA MOLECULAR - PESQUISA	185.90	185.90
40314251	CITOGENETICA DE MEDULA OSSEA	405.14	405.14
40314260	AMPLIFICACAO DE MATERIAL POR BIOLOGIA MOLECULAR (OUTROS AGENTES)	185.95	185.95
40314278	PESQUISA DE OUTROS AGENTES POR PCR	185.95	185.95
40314286	PESQUISA DE MUTACAO DE ALELO ESPECIFICO POR PCR	139.51	139.51
40314294	RESISTENCIA A AGENTES ANTI VIRAIS POR BIOLOGIA MOLECULAR (CADA DROGA) - PESQUISA	446.23	446.23
40314308	QUANTIFICACAO DE OUTROS AGENTES POR PCR	316.10	316.10
40314413	HEPATITE C QUANTITATIVO POR TMA	185.95	185.95
40314480	ANALISE DE QUIMERISMO POS TRANSPLANTE STR , CADA	209.81	209.81
40314502	HIV AMPLIFICACAO DO DNA (PCR)	185.95	185.95
40314537	CHLAMYDIA - PCR, AMPLIFICACAO DE DNA	185.91	185.91
40314545	MYCOBACTERIA AMPLIFICACAO DE DNA PCR	180.49	180.49
40314561	VIRUS ZIKA POR PCR	95.51	95.51
40314618	CORONAVIRUS COVID-19,PESQUISA POR METODO MOLECULAR	109.00	109.00
40314626	PCR EM TEMPO REAL PARA VIRUS INFLUENZA A E B	176.98	176.98
40314642	MYCOBACTERIUM LEPRAE BACILO DE HANSEN , DETECCAO DE RESISTENCIA A ANTIBIOTICOS POR PCR	185.95	185.95
40314650	MYCOBACTERIUM LEPRAE BACILO DE HANSEN , PESQUISA PCR EM TEMPO REAL	185.95	185.95
40314669	TESTE PARA DETECCAO DO VIRUS MONKEYPOX MPXV POR BIOLOGIA MOLECULAR EM DIVERSOS MATERIAIS BIOLOGICOS, POR ESTAGIO OU POR LOCAL DA LESAO	157.61	157.61
40314677	TESTE DE HIBRIDIZACAO COM SONDA EM LINHA LPA 1 LINHA PARA COMPLEXO MYCOBACTERIUM TUBERCULOSIS MTBC	180.49	180.49
40314685	TESTE DE HIBRIDIZACAO COM SONDA EM LINHA LPA 2 LINHA PARA COMPLEXO MYCOBACTERIUM TUBERCULOSIS MTBC	180.49	180.49
40316017	17-ALFA-HIDROXIPROGESTERONA - PESQUISA E/OU DOSAGEM	61.35	61.35
40316025	3 ALFA ANDROSTONEDIOL GLUCORONIDEO (3ALFDADIOL) - PESQUISA E/OU DOSAGEM	55.77	55.77
40316033	ACIDO VANILMANDELICO (VMA) - PESQUISA E/OU DOSAGEM	12.25	12.25
40316041	ADRENOCORTICOTROFICO, HORMONIO (ACTH) - PESQUISA E/OU DOSAGEM	78.06	78.06
40316050	ALDOSTERONA - PESQUISA E/OU DOSAGEM	46.48	46.48
40316068	ALFA-FETOPROTEINA - PESQUISA E/OU DOSAGEM	46.48	46.48
40316076	ANDROSTENEDIONA - PESQUISA E/OU DOSAGEM	59.48	59.48
40316084	ANTICORPO ANTI-RECEPTOR DE TSH (TRAB) - PESQUISA E/OU DOSAGEM	128.66	128.66
40316092	ANTICORPOS ANTIINSULINA - PESQUISA E/OU DOSAGEM	29.74	29.74
40316106	ANTICORPOS ANTITIREOIDE (TIREOGLOBULINA) - PESQUISA E/OU DOSAGEM	39.01	39.01
40316114	ANTIGENO AUSTRALIA (HBSAG) - PESQUISA E/OU DOSAGEM	8.16	8.16
40316122	ANTIGENO CARCINOEMBRIOGENICO (CEA) - PESQUISA E/OU DOSAGEM	70.64	70.64
40316130	ANTIGENO ESPECIFICO PROSTATICO LIVRE (PSA LIVRE) - PESQUISA E/OU DOSAGEM	66.91	66.91
40316149	ANTIGENO ESPECIFICO PROSTATICO TOTAL (PSA) - PESQUISA E/OU DOSAGEM	55.77	55.77
40316157	ANTI-TPO - PESQUISA E/OU DOSAGEM	38.64	38.64
40316165	CALCITONINA - PESQUISA E/OU DOSAGEM	83.64	83.64
40316173	CATECOLAMINAS - PESQUISA E/OU DOSAGEM	29.74	29.74
40316181	COMPOSTO S (11 - DESOXICORTISOL) - PESQUISA E/OU DOSAGEM	37.17	37.17
40316190	CORTISOL - PESQUISA E/OU DOSAGEM	27.89	27.89
40316203	CRESCIMENTO, HORMONIO DO HGH - PESQUISA E/OU DOSAGEM	33.46	33.46
40316211	DEHIDROEPIANDROSTERONA (DHEA) - PESQUISA E/OU DOSAGEM	39.01	39.01
40316220	DEHIDROTESTOSTERONA (DHT) - PESQUISA E/OU DOSAGEM	59.48	59.48
40316238	DROGAS (IMUNOSSUPRESSORA, ANTICONVULSIVANTE, DIGITALICO, ETC.) CADA - PESQUISA E/OU DOSAGEM	37.17	37.17
40316246	ESTRADIOL - PESQUISA E/OU DOSAGEM	37.17	37.17
40316254	ESTRIOL - PESQUISA E/OU DOSAGEM	40.89	40.89
40316262	ESTRONA - PESQUISA E/OU DOSAGEM	37.17	37.17
40316270	FERRITINA - PESQUISA E/OU DOSAGEM	46.48	46.48
40316289	FOLICULO ESTIMULANTE, HORMONIO (FSH) - PESQUISA E/OU DOSAGEM	24.18	24.18
40316297	GASTRINA - PESQUISA E/OU DOSAGEM	37.17	37.17
40316300	GLOBULINA DE LIGACAO DE HORMONIOS SEXUAIS (SHBG) - PESQUISA E/OU DOSAGEM	52.06	52.06
40316319	GLOBULINA TRANSPORTADORA DA TIROXINA (TBG) - PESQUISA E/OU DOSAGEM	66.91	66.91
40316327	GONADOTROFICO CORIONICO, HORMONIO (HCG) - PESQUISA E/OU DOSAGEM	24.18	24.18
40316335	HORMONIO LUTEINIZANTE (LH) - PESQUISA E/OU DOSAGEM	24.18	24.18
40316343	IMUNOGLOBULINA (IGE) - PESQUISA E/OU DOSAGEM	25.77	25.77
40316351	INDICE DE TIROXINA LIVRE (ITL) - PESQUISA E/OU DOSAGEM	29.74	29.74
40316360	INSULINA - PESQUISA E/OU DOSAGEM	20.45	20.45
40316378	MARCADORES TUMORAIS (CA 19.9, CA 125, CA 72-4, CA 15-3, ETC.) CADA - PESQUISA E/OU DOSAGEM	74.35	74.35
40316386	OSTEOCALCINA - PESQUISA E/OU DOSAGEM	37.17	37.17
40316394	PEPTIDEO C - PESQUISA E/OU DOSAGEM	46.48	46.48
40316408	PROGESTERONA - PESQUISA E/OU DOSAGEM	39.01	39.01
40316416	PROLACTINA - PESQUISA E/OU DOSAGEM	31.58	31.58
40316424	PTH - PESQUISA E/OU DOSAGEM	74.35	74.35
40316432	RENINA - PESQUISA E/OU DOSAGEM	40.89	40.89
40316440	SOMATOMEDINA C (IGF1) - PESQUISA E/OU DOSAGEM	74.35	74.35
40316459	SULFATO DE DEHIDROEPIANDROSTERONA (S-DHEA) - PESQUISA E/OU DOSAGEM	40.89	40.89
40316467	T3 LIVRE - PESQUISA E/OU DOSAGEM	26.42	26.42
40316475	T3 RETENCAO - PESQUISA E/OU DOSAGEM	20.45	20.45
40316483	T3 REVERSO - PESQUISA E/OU DOSAGEM	72.52	72.52
40316491	T4 LIVRE - PESQUISA E/OU DOSAGEM	31.58	31.58
40316505	TESTOSTERONA LIVRE - PESQUISA E/OU DOSAGEM	55.77	55.77
40316513	TESTOSTERONA TOTAL - PESQUISA E/OU DOSAGEM	39.01	39.01
40316521	TIREOESTIMULANTE, HORMONIO (TSH) - PESQUISA E/OU DOSAGEM	31.58	31.58
40316530	TIREOGLOBULINA - PESQUISA E/OU DOSAGEM	52.06	52.06
40316548	TIROXINA (T4) - PESQUISA E/OU DOSAGEM	24.18	24.18
40316556	TRIIODOTIRONINA (T3) - PESQUISA E/OU DOSAGEM	24.18	24.18
40316564	VASOPRESSINA (ADH) - PESQUISA E/OU DOSAGEM	43.37	43.37
40316572	VITAMINA B12 - PESQUISA E/OU DOSAGEM	31.58	31.58
40316599	AMP CICLICO NEFROGENICO NA URINA (24H)	37.17	37.17
40316602	AMP CICLICO NEFROGENICO NA URINA (AMOSTRA ISOLADA)	37.17	37.17
40316734	CURVA GLICEMICA (7 DOSAGENS) VIA ORAL OU ENDOVENOSA OU POTENCIALIZADA	29.74	29.74
40316769	DEOXICORTICOSTERONA, DOSAGEM	79.13	79.13
40316793	DOSAGEM DE ACIDO TRANS-MUCONICO EM URINA	31.58	31.58
40316831	GLICOSE APOS ESTIMULO/GLUCAGON	5.20	5.20
40316866	GONADOTROFINA CORIONICA - HEMAGLUTINACAO OU LATEX	24.18	24.18
40316874	HGH ESTIMULO COM EXERCICIO E CLONIDINA, HGH	58.59	58.59
40316904	HORMONIO ESTIMULADOR DO ALFA MELANOCITO	51.55	51.55
40316955	INSULINA LIVRE	20.45	20.45
40316963	INSULINA TOTAL E LIVRE	20.45	20.45
40317056	PREGNENOLONA, DOSAGEM	50.93	50.93
40317102	SUB-UNIDADE ALFA HORMONIOS GLICOPROTEICOS	74.35	74.35
40317153	TESTE COM ESTIMULO PARA RENINA APOS CAPTOPRIL	39.70	39.70
40317188	TESTE DE ESTIMULO DO GH PELA INSULINA (4 DOSAGENS DE GH)	74.35	74.35
40317196	TESTE DE ESTIMULO DO GH PELO EXERCICIO (CADA DOSAGEM DE GH)	33.46	33.46
40317200	TESTE DE ESTIMULO DO GH PELO GLUCAGON (4 DOSAGENS DE GH)	74.35	74.35
40317226	TESTE DE SUPRESSAO DO GH PELA SOBRECARGA DE GLICOSE (CADA DOSAGEM DE GH)	26.01	26.01
40317250	CURVA INSULINICA E GLICEMICA CLASSICA	30.23	30.23
40317269	CURVA INSULINICA E GLICEMICA 2 DOSAGENS	30.23	30.23
40317277	CURVA INSULINICA E GLICEMICA 3 DOSAGENS	30.23	30.23
40317285	CURVA INSULINICA E GLICEMICA 4 DOSAGENS	30.23	30.23
40317293	CURVA INSULINICA E GLICEMICA 5 DOSAGENS	30.23	30.23
40317374	CORTISOL RITMO (2 DOSAGENS)	37.19	37.19
40317390	CURVA INSULINICA E GLICEMICA 6 DOSAGENS	30.23	30.23
40317404	METANEFRINAS URINARIA APOS CLONIDINA	28.88	28.88
40317412	PARATOMONIO, PROTEINA RELACIONADA, DOSAGEM	61.38	61.38
40317439	RESTRICAO HIDRICA,TESTE	24.18	24.18
40317447	TESTE DE ESTIMULO PARA CORTISOL COM INSULINA CADA	27.89	27.89
40317463	CURVA DE HGH COM CLONIDINA CADA DOSAGEM	33.46	33.46
40317471	PROVA FUNCIONAL DE ESTIMULO DA PROLACTINA APOS TRH SEM FORNECIMENTO DO MEDICAMENTO (POR DOSAGEM)	156.17	156.17
40319032	CADEIA KAPPA LEVE LIVRE	18.60	18.60
40319040	CADEIA KAPPA-LAMBDA LEVE LIVRE	18.60	18.60
40319091	FATOR X ATIVADO	19.72	19.72
40319113	HEMACIAS, CONTAGEM	3.73	3.73
40319121	HEMACIAS, TEMPO DE SOBREVIDA DAS	18.60	18.60
40319130	HEMOGLOBINA FETAL, DOSAGEM	5.20	5.20
40319148	HEMOLISE	7.43	7.43
40319172	MICROESFEROCITOS, PESQUISA DE	5.20	5.20
40319199	NEUTROFILOS, PESQUISA DE	22.28	22.28
40319229	PESQUISA HEMOGLOBINA H	10.05	10.05
40319253	PROVA FUNCIONAL DDAVP - VON WILLEBRAND (1HORA)	130.13	130.13
40319261	PROVA FUNCIONAL DDAVP - VON WILLEBRAND (4HORAS)	156.17	156.17
40319270	TEMPO DE LISE DE EUGLOBULINA	5.20	5.20
40319288	TESTE CRUZADO DE GRUPOS SANGUINEOS	66.25	66.25
40319318	ANALISE DE MULTIMEROS PARA PACIENTES COM DOENCA DE VON WILLEBRAND	130.17	130.17
40319326	PROTROMBINA, PESQUISA DE MUTACAO	215.84	215.84
40319334	CD 52 MARCADOR ISOLADO	72.19	72.19
40319385	CICLINA D1, IMUNOFENOTIPAGEM	114.52	114.52
40319393	ADESIVIDADE PLAQUETARIA	19.71	19.71
40319407	TEMPO DE COAGULACAO ATIVADO TCA	3.62	3.62
40319415	TESTE DE VIABILIDADE CELULAR, CITOMETRIA DE FLUXO, OUTROS MATERIAIS	175.49	175.49
40319431	CROSS MATCH PLAQUETARIO	54.15	54.15
40319440	FATOR II, DOSAGEM DO INIBIDOR	82.63	82.63
40319458	FATOR VII, DOSAGEM DO INIBIDOR	82.63	82.63
40319466	FIBRINOGENIO QUANTITATIVO, NEFELOMETRIA	7.21	7.21
40319474	HEMOGLOBINOPATIAS, NEONATAL, SANGUE PERIFERICO	24.54	24.54
40321010	COLESTEROL ESTERIFICADO	6.33	6.33
40321096	DOSAGEM DE FERRO EM TECIDO HEPATICO	5.06	5.06
40321142	EFEXOR, DOSAGEM	43.30	43.30
40321193	HALOPERIDOL, DOSAGEM	55.22	55.22
40321207	HOMOCISTINA, PESQUISA DE	5.20	5.20
40321223	CARBAPENEM, DOSAGEM - MEROPENEM E IMIPENEM	26.01	26.01
40321290	ISOENZIMAS DE CPK	37.17	37.17
40321312	ITRACONAZOL	55.25	55.25
40321347	LEVETIRACETAM, DOSAGEM	55.22	55.22
40321410	NEURONTIN	37.17	37.17
40321460	PAROXETINA, DOSAGEM	43.30	43.30
40321479	PENICILINA, DOSAGEM	3.73	3.73
40321509	PORFIRINAS FRACIONADAS PLASMATICAS	6.67	6.67
40321517	PROZAC, DOSAGEM (SANGUE)	43.30	43.30
40321533	RESISTENCIA A PROTEINA C ATIVADA	74.40	74.40
40321541	RESPIRIDONA, DOSAGEM	55.22	55.22
40321550	SEROTONINA (SANGUE)	55.78	55.78
40321568	SIROLIMUS, DOSAGEM	38.27	38.27
40321614	TOPIRAMATO, DOSAGEM (SANGUE)	55.22	55.22
40321681	VIGABATRINA, DOSAGEM	55.77	55.77
40321703	CEFTRIAXONA DOSAGEM	21.64	21.64
40321711	CLINDAMICINA, DOSAGEM	21.64	21.64
40321762	COLINESTERASE COM INIBICAO DE DIBUCAINA	23.12	23.12
40321770	DISOPIRAMIDA, DOSAGEM	36.09	36.09
40321797	DOXEPINA, DOSAGEM	28.88	28.88
40321800	FLUNITRAZEPAM, DOSAGEM	36.09	36.09
40321819	FLUOXETINA, DOSAGEM	28.88	28.88
40321975	MAPROTILINA, DOSAGEM	28.88	28.88
40321983	MIDAZOLAM, DOSAGEM	36.09	36.09
40322025	PIRIMETAMINA, DOSAGEM	21.64	21.64
40322041	SULFADIAZINA, DOSAGEM	21.64	21.64
40322050	SULFAMETOXAZOL, DOSAGEM	21.64	21.64
40322068	SULFAPIRIDINA, DOSAGEM	5.06	5.06
40322076	SULFISOXAZOL, DOSAGEM	21.64	21.64
40322084	SWELLING TEST	18.59	18.59
40322157	ACIDO FITANICO	249.38	249.38
40322165	ACIDO HIALURONICO	249.38	249.38
40322173	IDURONATO-2 SULFATASE, DOSAGEM	124.85	124.85
40322181	N-ACETILGALACTOSAMINIDASE, DOSAGEM	124.85	124.85
40322190	N-ACETILGLICOSAMINIDASE, DOSAGEM	124.85	124.85
40322211	N-METIL FORMAMIDA, DOSAGEM	29.74	29.74
40322220	PENTACLOROFENOL, DOSAGEM	14.43	14.43
40322246	RECEPTOR SOLUVEL DE TRANSFERRINA	14.43	14.43
40322270	ACIDO CITRICO (CITRATO), DOSAGEM SANGUE	5.19	5.19
40322289	ACIDO CITRICO (CITRATO), DOSAGEM ESPERMA	5.19	5.19
40322297	CREATINA ERITROCITARIA	13.38	13.38
40322300	CURVA GLICEMICA CLASSICA (5 DOSAGENS)	20.44	20.44
40322319	EVEROLIMUS, DOSAGEM	36.09	36.09
40322351	10,11 EPOXIDO CARBAMAZEPINAM, SORO	36.09	36.09
40322360	ALFA FETOPROTEINA L3, LIQUOR	46.48	46.48
40322378	ALBUMINA, LIQUOR	3.73	3.73
40322386	ALFA-GALACTOSIDADE, DOSAGEM PLASMATICA	124.85	124.85
40322394	ALFA L-IDURONASE, PLASMA	7.57	7.57
40322408	BICARBONATO NA URINA, AMOSTRA ISOLADA	5.20	5.20
40322491	TRIPSINA, DOSAGEM	14.43	14.43
40323030	ACETILCOLINA, ANTICORPOS LIGADOR RECEPTOR	92.96	92.96
40323048	ACETILCOLINA, ANTICORPOS MODULADOR RECEPTOR	92.96	92.96
40323110	ANTIGENOS ASPERGILUS GALACTOMANNAN	185.95	185.95
40323137	ANTIGENOS PROTEINAS S	49.82	49.82
40323145	BTA QUALITATITVO NA URINA (AMOSTRA ISOLADA)	74.35	74.35
40323242	DETECCAO ANTIGENO HISTOPLASMA URINA	40.89	40.89
40323404	HEPATITE E - IGM/IGG	89.24	89.24
40323439	HERPES VIRUS, CITOLOGIA (PESQUISA DE CELULAS HERPET) OU IFD	19.72	19.72
40323552	NEUROPATIA MOTORA, PAINEL	190.13	190.13
40323595	PESQUISA DE ADENOVIRUS	24.91	24.91
40323609	PESQUISA DE ANTIGENOS DE GIARDIA LAMBLIA	40.89	40.89
40323650	PESQUISA PARA GARDNERELLA	6.69	6.69
40323668	PESQUISA PARA HAEMOPHILUS DUCREYI	3.36	3.36
40323676	PESQUISA RAPIDA PARA INFLUENZA A E B	52.35	52.35
40323684	PESQUISA RAPIDA PARA VIRUS SINCICIAL RESPIRATORIO	52.35	52.35
40323757	RUBEOLA, IHA PARA	22.28	22.28
40323889	ZAP-70	180.75	180.75
40323897	ANTICORPOS ANTIDIFTERIA	163.09	163.09
40323900	ANTICORPOS ANTITETANO	145.53	145.53
40323919	TESTE RAPIDO PARA DETECCAO DE HIV EM GESTANTES	53.92	53.92
40323986	CALPROTECTINA, DETECCAO NAS FEZES	103.02	103.02
40324052	COXSACKIE B1-6, ANTICORPOS IGM	18.59	18.59
40324060	EPSTEIN BARR VIRUS ANTIGENO PRECOCE, ANTICORPOS	29.74	29.74
40324079	HIV 1/2, ANTICORPOS (TESTE RAPIDO)	53.92	53.92
40324125	PROTEINASE 3, ANTICORPO	99.49	99.49
40324176	CHIKUNGUNYA, ANTICORPOS	83.58	83.58
40324192	ANTIGENO NS1 DO VIRUS DA DENGUE, PESQUISA	52.34	52.34
40324206	ANTIGENOS DE HISTOCOMPATIBILIDADE (SERIES A OU B)	44.62	44.62
40324265	CADEIAS LEVES LIVRES KAPPA / LAMBDA	185.90	185.90
40324362	HEPATITE E - ANTICORPOS IGG	86.63	86.63
40324389	HLA-DQ, TESTE DE HISTOCOMPATIBILIDADE DE ALTA RESOLUCAO, SANGUE TOTAL	437.64	437.64
40324451	ANTIGENO HTLV III (HIV), EIE	74.37	74.37
40324508	MYCOBACTERIUM TUBERCULOSIS, IGM, ANTICORPOS	24.18	24.18
40324559	DENGUE, ANTICORPOS IGG, SORO (TESTE RAPIDO)	39.38	39.38
40324567	DENGUE, ANTICORPOS IGM, SORO (TESTE RAPIDO)	39.38	39.38
40324591	VIRUS ZIKA - IGG	95.51	95.51
40324605	VIRUS ZIKA - IGM	95.51	95.51
40324648	ENSAIO PARA DOSAGEM DA LIBERAÇAO DE INTERFERON GAMA	185.95	185.95
40324788	SARS-COV-2 CORONAVIRUS COVID-19 , PESQUISA DE ANTICORPOS IGA, IGG OU IGM, ISOLADA POR CLASSE DE IMUNOGLOBULINA,	84.06	84.06
40324796	SARS-COV-2 CORONAVIRUS COVID-19 , PESQUISA DE ANTICORPOS TOTAIS IGA, IGG, IGM ,	63.05	63.05
40325024	TESTE SARS-COV-2 CORONAVIRUS COVID-19 , TESTE RAPIDO PARA DETECCAO DE ANTIGENO	60.59	60.59
40325040	MYCOBACTERIUM LEPRAE BACILO DE HANSEN , IGM, ANTICORPOS TESTE RAPIDO	84.06	84.06
40401014	TRANSFUSAO (ATO MEDICO AMBULATORIAL OU HOSPITALAR)	24.13	24.13
40401022	TRANSFUSAO (ATO MEDICO DE ACOMPANHAMENTO)	212.59	212.59
40401030	EXSANGUINEO TRANSFUSAO	340.79	340.79
40401049	TRANSFUSAO FETAL INTRA-UTERINA	340.79	340.79
40401057	AFERESE PARA PACIENTE ABO INCOMPATIVEL	200.86	200.86
40402010	MATERIAL DESCARTAVEL (KIT) E SOLUCOES PARA UTILIZACAO DE PROCESSADORA AUTOMATICA DE SANGUE / AUTO TRANSFUSAO INTRA-OPERATORIA	357.96	357.96
40402029	MATERIAL DESCARTAVEL (KIT) E SOLUCOES PARA UTILIZACAO DE PROCESSADORA AUTOMATICA DE SANGUE/AFERESE	536.93	536.93
40402037	SANGRIA TERAPEUTICA	58.61	58.61
40402045	UNIDADE DE CONCENTRADO DE HEMACIAS	23.27	23.27
40402053	UNIDADE DE CONCENTRADO DE HEMACIAS LAVADAS	28.63	28.63
40402061	UNIDADE DE CONCENTRADO DE PLAQUETAS POR AFERESE	10.74	10.74
40402070	UNIDADE DE CONCENTRADO DE PLAQUETAS RANDOMICAS	35.45	35.45
40402088	UNIDADE DE CRIOPRECIPITADO DE FATOR ANTI-HEMOFILICO	10.74	10.74
40402096	UNIDADE DE PLASMA	16.10	16.10
40402100	UNIDADE DE SANGUE TOTAL	64.23	64.23
40402118	DELEUCOTIZACAO DE UNIDADE DE CONCENTRADO DE HEMACIAS - POR UNIDADE	32.23	32.23
40402126	DELEUCOTIZACAO DE UNIDADE DE CONCENTRADO DE PLAQUETAS - ATE 6 UNIDADES	53.68	53.68
40402134	IRRADIACAO DE COMPONENTES HEMOTERAPICOS	25.03	25.03
40402142	DELEUCOTIZACAO DE UNIDADE DE CONCENTRADO DE PLAQUETAS - ENTRE 7 E 12 UNIDADES	149.28	149.28
40402150	UNIDADE DE CONCENTRADO DE GRANULOCITOS	10.74	10.74
40402169	UNIDADE DE CONCENTRADO DE PLAQUETAS (DUPLA CENTRIFUGACAO)	35.79	35.79
40402185	OPERACAO DE PROCESSADORA AUTOMATICA DE SANGUE EM AFERESE	242.86	242.86
40402193	OPERACAO DE PROCESSADORA AUTOMATICA DE SANGUE EM AUTOTRANSFUSAO INTRA-OPERATORIA	303.64	303.64
40402207	DEPLECAO DE PLASMA EM TCTH ALOGENICOS COM INCOMPATIBILIDADE ABO MENOR	101.71	101.71
40402215	SEDIMENTACAO DE HEMACIAS EM TRANSPLANTE DE CELULAS-TRONCO HEMATOPOETICAS TCTH ALOGENICOS COM INCOMPATIBILIDADE ABO MAIOR	135.45	135.45
40403017	ACOMPANHAMENTO HOSPITALAR/DIA DO TRANSPLANTE DE MEDULA OSSEA P/ MEDICO HEMATOLOGISTA E/OU HEMOTERAPEUTA	199.42	199.42
40403025	ANTICORPOS ERITROCITARIOS NATURAIS E IMUNES - TITULAGEM	20.75	20.75
40403033	APLICACAO DE MEDULA OSSEA OU CELULAS TRONCO	330.74	330.74
40403041	COLETA DE CELULAS TRONCO DE SANGUE DE CORDAO UMBILICAL P/ TRANSPLANTE DE MEDULA OSSEA	413.91	413.91
40403050	COLETA DE CELULAS TRONCO POR PROCESSADORA AUTOMATICA PARA TRANSPLANTE DE MEDULA OSSEA - POR PROCEDIMENTO DE AFERESE	497.67	497.67
40403068	COLETA DE BIOPSIA DE MEDULA OSSEA POR AGULHA	97.34	97.34
40403076	COLETA DE MEDULA OSSEA PARA TRANSPLANTE - POR PROCEDIMENTO	889.06	889.06
40403084	DETERMINACAO DE CELULAS CD34 CD 45 POSITIVAS - CITOMETRO DE FLUXO	97.50	97.50
40403092	DETERMINACAO DE CONTEUDO DE DNA - CITOMETRO DE FLUXO	148.08	148.08
40403106	ELETROFORESE DE HEMOGLOBINA POR COMPONENTE HEMOTERAPICO	5.27	5.27
40403130	FENOTIPAGEM DE OUTROS SISTEMAS ERITROCITARIOS - POR FENOTIPO	12.08	12.08
40403149	FENOTIPAGEM DE OUTROS SISTEMAS ERITROCITARIOS - POR FENOTIPO - GEL TESTE	18.89	18.89
40403157	FENOTIPAGEM DO SISTEMA RH-HR (D, C, E, C E C) GEL TESTE	13.45	13.45
40403165	FENOTIPAGEM DO SISTEMA RH-HR (D, C, E, C, E)	24.21	24.21
40403173	GRUPO SANGUINEO ABO E RH - PESQUISA	10.74	10.74
40403181	GRUPO SANGUINEO ABO E RH - GEL TESTE - PESQUISA	25.81	25.81
40403190	IDENTIFICACAO DE ANTICORPOS SERICOS IRREGULARES ANTIERITROCITARIOS - METODO DE ELUICAO	48.30	48.30
40403203	IDENTIFICACAO DE ANTICORPOS SERICOS IRREGULARES ANTIERITROCITARIOS - PAINEL DE HEMACIAS ENZIMATICO	39.07	39.07
40403211	IDENTIFICACAO DE ANTICORPOS SERICOS IRREGULARES ANTIERITROCITARIOS C/ PAINEL DE HEMACIAS	48.07	48.07
40403220	IDENTIFICACAO DE ANTICORPOS SERICOS IRREGULARES ANTIERITROCITARIOS C/ PAINEL DE HEMACIAS TRATADAS POR ENZIMAS	29.26	29.26
40403238	IDENTIFICACAO DE ANTICORPOS SERICOS IRREGULARES ANTIERITROCITARIOS COM PAINEL DE HEMACIAS - GEL LISS	30.06	30.06
40403246	IMUNOFENOTIPAGEM DE SUBPOPULACOES LINFOCITARIAS - CITOMETRO DE FLUXO	180.75	180.75
40403254	IMUNOFENOTIPAGEM PARA CLASSIFICACAO DE LEUCEMIAS - CITOMETRO DE FLUXO	216.90	216.90
40403262	NAT/HCV POR COMPONENTE HEMOTERAPICO - PESQUISA E/OU DOSAGEM	107.38	107.38
40403289	NAT/HIV POR COMPONENTE HEMOTERAPICO - PESQUISA E/OU DOSAGEM	107.38	107.38
40403327	PESQUISA DE ANTICORPOS SERICOS ANTIERITROCITARIOS, ANTI-A E/OU ANTI-B - GEL TESTE	6.72	6.72
40403335	PESQUISA DE ANTICORPOS SERICOS ANTIERITROCITARIOS, ANTI-A E/OU ANTI-B - EM TUBO	3.38	3.38
40403343	PESQUISA DE ANTICORPOS SERICOS IRREGULARES ANTIERITROCITARIOS - EM TUBO	9.50	9.50
40403351	PESQUISA DE ANTICORPOS SERICOS IRREGULARES ANTIERITROCITARIOS - GEL TESTE	10.11	10.11
40403360	PESQUISA DE ANTICORPOS SERICOS IRREGULARES ANTIERITROCITARIOS - METODO DE ELUICAO - EM TUBO	11.54	11.54
40403378	PESQUISA DE ANTICORPOS SERICOS IRREGULARES ANTIERITROCITARIOS A FRIO	15.35	15.35
40403386	PESQUISA DE HEMOGLOBINA S POR COMPONENTE HEMOTERAPICO - GEL TESTE	10.84	10.84
40403408	PROVA DE COMPATIBILIDADE PRE-TRANSFUSIONAL COMPLETA - EM TUBO	12.04	12.04
40403416	PROVA DE COMPATIBILIDADE PRE-TRANSFUSIONAL COMPLETA - GEL TESTE	5.77	5.77
40403424	S. ANTI-HTLV-I + HTLV-II (DETERMINACAO CONJUNTA) POR COMPONENTE HEMOTERAPICO	38.33	38.33
40403440	S. CHAGAS EIE POR COMPONENTE HEMOTERAPICO - PESQUISA E/OU DOSAGEM	11.47	11.47
40403467	S. HEPATITE B ANTI-HBC POR COMPONENTE HEMOTERAPICO - PESQUISA E/OU DOSAGEM	11.47	11.47
40403483	S. HEPATITE C ANTI-HCV POR COMPONENTE HEMOTERAPICO - PESQUISA E/OU DOSAGEM	35.78	35.78
40403505	S. HIV - EIE POR COMPONENTE HEMOTERAPICO - PESQUISA E/OU DOSAGEM	28.75	28.75
40403521	S. MALARIA - IFI POR COMPONENTE HEMOTERAPICO - PESQUISA E/OU DOSAGEM	6.46	6.46
40403548	S. SIFILIS - EIE POR COMPONENTE HEMOTERAPICO - PESQUISA E/OU DOSAGEM	13.27	13.27
40403564	S. SIFILIS FTA - ABS POR COMPONENTE HEMOTERAPICO - PESQUISA E/OU DOSAGEM	9.77	9.77
40403580	S. SIFILIS HA POR COMPONENTE HEMOTERAPICO - PESQUISA E/OU DOSAGEM	7.71	7.71
40403602	S. SIFILIS VDRL POR COMPONENTE HEMOTERAPICO - PESQUISA E/OU DOSAGEM	2.63	2.63
40403629	S.CHAGAS HA POR COMPONENTE HEMOTERAPICO - PESQUISA E/OU DOSAGEM	6.14	6.14
40403645	S.CHAGAS IFI POR COMPONENTE HEMOTERAPICO - PESQUISA E/OU DOSAGEM	8.88	8.88
40403661	S.HEPATITE B (HBSAG) RIE OU EIE POR COMPONENTE HEMOTERAPICO - PESQUISA E/OU DOSAGEM	10.28	10.28
40403688	TESTE DE COOMBS DIRETO - EM TUBO	7.16	7.16
40403696	TESTE DE COOMBS DIRETO - GEL TESTE	4.12	4.12
40403700	TESTE DE COOMBS DIRETO - MONO ESPECIFICO (IGG, IGA, C3, C3D, POLIV. - AGH) - GEL TESTE	20.68	20.68
40403718	TESTE DE COOMBS INDIRETO - MONO ESPECIFICO (IGG, IGA, C3, C3D, POLIV. - AGH) - GEL TESTE	22.26	22.26
40403726	TMO - CONGELAMENTO DE MEDULA OSSEA OU CELULAS TRONCO PERIFERICAS - POR PROCEDIMENTO	356.79	356.79
40403734	TMO - CULTURA DE LINFOCITOS DOADOR E RECEPTOR	169.34	169.34
40403742	TMO - DESCONGELAMENTO DE MEDULA OSSEA OU CELULAS TRONCO	53.51	53.51
40403750	TMO - DETERMINACAO DE HLA TRANSPLANTES DE MEDULA OSSEA - LOCI DR E DQ (ALTA RESOLUCAO)	459.72	459.72
40403769	TMO - DETERMINACAO DE HLA PARA TRANSPLANTES DE MEDULA OSSEA - LOCI A E B	212.72	212.72
40403777	TMO - DETERMINACAO DE HLA PARA TRANSPLANTES DE MEDULA OSSEA - LOCI DR E DQ (BAIXA RESOLUCAO)	261.75	261.75
40403785	TMO - DETERMINACAO DE UNIDADES FORMADORAS DE COLONIAS	84.89	84.89
40403793	TMO - DETERMINACAO DE VIABILIDADE DE MEDULA OSSEA	24.62	24.62
40403807	TMO - MANUTENCAO DE CONGELAMENTO DE MEDULA OSSEA OU CELULAS TRONCO (ATE 2 ANOS)	148.04	148.04
40403815	TMO - PREPARO DE MEDULA OSSEA OU CELULAS TRONCO PERIFERICAS PARA CONGELAMENTO - POR PROCEDIMENTO	135.47	135.47
40403823	TMO - PREPARO E FILTRACAO DE MEDULA OSSEA OU CELULAS TRONCO NA COLETA - POR PROCEDIMENTO	101.71	101.71
40403831	TMO - TRATAMENTO IN VITRO DE MEDULA OSSEA OU CELULAS TRONCO POR ANTICORPOS MONOCLONAIS PURGING 4 - POR PROCEDIMENTO	20.44	20.44
40403840	TRANSAMINASE PIRUVICA - TGP OU ALT POR COMPONENTE HEMOTERAPICO - PESQUISA E/OU DOSAGEM	4.77	4.77
40403890	NAT / HBV - POR COMPONENTE HEMOTERAPICO - PESQUISA E/OU DOSAGEM	107.38	107.38
40403912	ESTIMULACAO E MOBILIZACAO DE CELULAS CD34 POSITIVAS	51.59	51.59
40403920	DETERMINACAO DO FATOR RH (D), INCLUINDO PROVA PARA D-FRACO NO SANGUE DO RECEPTOR	3.57	3.57
40403939	DOACAO AUTOLOGA COM RECUPERACAO INTRA-OPERATORIA	872.45	872.45
40403947	DOACAO AUTOLOGA PERI-OPERATORIA POR HEMODILUICAO NORMOVOLEMICA	56.25	56.25
40403955	DOACAO AUTOLOGA PRE-OPERATORIA	186.19	186.19
40403963	EXAMES IMUNOHEMATOLOGICOS EM RECEM-NASCIDOS: TIPIFICACAO ABO E RH, PESQUISA DE D FRACO RH(D) E PROVA DA ANTIGLOBULINA DIRETA	12.22	12.22
40403971	IMUNO-HEMATOLOGICOS: TIPIFICACAO ABO, INCLUINDO TIPAGEM REVERSA E DETERMINACAO DO FATOR RH (D), INCLUINDO PROVA PARA D-FRACO E PESQUISA E IDENTIFICACAO DE ANTICORPOS SERICOS IRREGULARES ANTIERITROCITA	39.75	39.75
40403980	INVESTIGACAO DA PRESENCA DE ANTI-A OU ANTI-B, EM SORO OU PLASMA DE NEONATO, COM METODOS QUE INCLUAM UMA FASE ANTIGLOBULINICA	13.78	13.78
40403998	TIPIFICACAO ABO, INCLUINDO TIPAGEM REVERSA NO SANGUE DO RECEPTOR (SEM TIPAGEM REVERSA ATE 4 MESES DE IDADE)	4.32	4.32
40404013	TMO - PROVA CRUZADA PARA HISTOCOMPATIBILIDADE DE TRANSPLANTE DE MEDULA OSSEA	54.21	54.21
40404030	ANTIGENEMIA PARA DIAGNOSTICO DE CMV POS TRANSPLANTE	68.70	68.70
40404048	AVALIACAO QUIMERISMO - VNTR OU STR - DOADOR - PRE TRANSPLANTE	209.81	209.81
40404056	AVALIACAO QUIMERISMO - VNTR OU STR - PACIENTE - PRE TRANSPLANTE	209.81	209.81
40404064	AVALIACAO QUIMERISMO RECEPTOR - VNTR OU STR - POS TRANSPLANTE	209.81	209.81
40404072	COLETA DE LINFOCITOS DE SANGUE PERIFERICO POR AFERESE PARA TRATAMENTO DE RECIDIVAS POS TCTH ALOGENICO	169.34	169.34
40404080	CONTROLE MICROBIOLOGICO DA MEDULA OSSEA NO TCTH ALOGENICO	10.12	10.12
40404099	CONTROLE MICROBIOLOGICO DAS CELULAS TRONCO PERIFERICAS NO TCTH ALOGENICO	10.12	10.12
40404129	PCR EM TEMPO REAL PARA DIAGNOSTICO DE EBV - POS TRANSPLANTE	421.23	421.23
40404137	PCR EM TEMPO REAL PARA DIAGNOSTICO DE HERPES VIRUS 6 - POS TRANSPLANTE	421.23	421.23
40404145	PCR EM TEMPO REAL PARA DIAGNOSTICO DE HERPES VIRUS 8 - POS TRANSPLANTE	421.23	421.23
40404153	PCR EM TEMPO REAL PARA OS VIRUS PARA INFLUENZA E INFLUENZA	176.98	176.98
40404161	PCR EM TEMPO REAL PARA VIRUS RESPIRATORIO SINCICIAL	176.98	176.98
40404170	QUANTIFICACAO DE CD14 DA COLETA DE CELULAS TRONCO PERIFERICAS PARA TCTH ALOGENICO	616.09	616.09
40404188	QUANTIFICACAO DE CD19 DA COLETA DE CELULAS TRONCO PERIFERICAS PARA TCTH ALOGENICO	616.09	616.09
40404196	QUANTIFICACAO DE CD3 DA COLETA DE CELULAS TRONCO PERIFERICAS PARA TCTH ALOGENICO	616.09	616.09
40404200	QUANTIFICACAO DE CD3 DA COLETA DE LINFOCITOS PARA TRATAMENTO DE RECIDIVAS POS TCTH ALOGENICO	616.09	616.09
40404218	QUANTIFICACAO DE CD4 DA COLETA DE CELULAS TRONCO PERIFERICAS PARA TCTH ALOGENICO	616.09	616.09
40404226	QUANTIFICACAO DE CD8 DA COLETA DE CELULAS TRONCO PERIFERICAS PARA TCTH ALOGENICO	616.09	616.09
40404234	QUANTIFICACAO DE LEUCOCITOS TOTAIS DA COLETA DE CELULAS TRONCO PERIFERICAS PARA TCTH ALOGENICO	3.61	3.61
40404242	QUANTIFICACAO DE LEUCOCITOS TOTAIS DA MEDULA OSSEA NO TCTH ALOGENICO	3.61	3.61
40404269	VIABILIDADE CELULAR DOS LINFOCITOS PERIFERICOS POR CITOMETRIA DE FLUXO PARA TRATAMENTO DAS RECIDIVAS POR TCTH ALOGENICO	48.79	48.79
40404277	VIABILIDADE CELULAR DA MEDULA OSSEA POR CITOMETRIA DE FLUXO APOS O DESCONGELAMENTO	48.79	48.79
40404285	VIABILIDADE CELULAR DAS CELULAS TRONCO PERIFERICAS POR CITOMETRIA DE FLUXO APOS O DESCONGELAMENTO	48.79	48.79
40404404	FENOTIPAGEM DO SISTEMA RH-HR D, C, E, C, E E KELL	40.78	40.78
40404536	PROVA DE COMPATIBILIDADE PARA TRANSFUSAO DE PLAQUETAS MAIPA	11.74	11.74
40404552	CONTROLE BACTERIOLOGICO PARA CONCENTRADO DE PLAQUETAS	11.12	11.12
40404560	PESQUISA DE ANTICORPOS SERICOS IRREGULARES ANTIERITROCITARIOS - METODO DE ELUICAO - GEL TESTE	11.65	11.65
40404579	IDENTIFICACAO DE ANTICORPOS ANTI-ERITROCITARIOS A FRIO EM GEL	15.50	15.50
40501019	CARIOTIPO COM BANDAS DE PELE, TUMOR E DEMAIS TECIDOS	310.44	310.44
40501027	CARIOTIPO COM PESQUISA DE TROCA DE CROMATIDES IRMAS	298.22	298.22
40501035	CARIOTIPO COM TECNICAS DE ALTA RESOLUCAO	347.92	347.92
40501043	CARIOTIPO DE MEDULA (TECNICAS COM BANDAS)	207.81	207.81
40501051	CARIOTIPO DE SANGUE (TECNICAS COM BANDAS)	207.81	207.81
40501060	CARIOTIPO DE SANGUE OBTIDO POR CORDOCENTESE PRE-NATAL	345.02	345.02
40501078	CARIOTIPO DE SANGUE-PESQUISA DE MARCADORES TUMORAIS	298.22	298.22
40501086	CARIOTIPO DE SANGUE-PESQUISA DE SITIO FRAGIL X	289.93	289.93
40501094	CARIOTIPO EM VILOSIDADES CORIONICAS (CULTIVO DE TROFOBLASTOS)	385.21	385.21
40501108	CARIOTIPO PARA PESQUISA DE INSTABILIDADE CROMOSSOMICA	369.87	369.87
40501116	CROMATINA X OU Y	32.56	32.56
40501124	CULTURA DE MATERIAL DE ABORTO E OBTENCAO DE CARIOTIPO	298.22	298.22
40501159	FISH EM METAFASE OU NUCLEO INTERFASICO, POR SONDA	133.93	133.93
40501167	FISH PRE-NATAL, POR SONDA	190.55	190.55
40501175	LIQUIDO AMNIOTICO, CARIOTIPO COM BANDAS	310.44	310.44
40501183	LIQUIDO AMNIOTICO, VILOSIDADES CORIONICAS, SUBCULTURA PARA DOSAGENS BIOQUIMICAS E/OU MOLECULARES (ADICIONAL)	201.80	201.80
40501191	SUBCULTURA DE PELE P/ DOSAGENS BIOQUIMICAS E/OU MOLECULARES (ADICIONAL)	201.80	201.80
40501205	ESTUDO DE ALTERACOES CROMOSSOMICAS EM LEUCEMIAS POR FISH (FLUORESCENCE IN SITU HYBRIDIZATION)	133.97	133.97
40501213	PESQUISA DE TRANSLOCACAO PML/RAR-A	209.85	209.85
40501221	CARIOTIPO DE SANGUE TECNICAS COM BANDAS - ANALISE DE 50 CELULAS PARA DETECCAO DE MOSAICISMO	204.76	204.76
40501248	HER2 FISH PARA AMPLIFICACAO GENICA EM TUMOR DE MAMA	127.50	127.50
40501256	HER2 CISH PARA AMPLIFICACAO GENICA EM TUMOR DE MAMA	127.50	127.50
40501264	TRANSLOCACAO PML/RARA T 15/17 FISH EM MEDULA OSSEA	127.52	127.52
40501272	TRANSLOCACAO PML/RARA T 15/17 FISH EM SANGUE PERIFERICO	127.52	127.52
40502015	MARCADORES BIOQUIMICOS EXTRAS, ALEM DE BHCG, AFP E PAPP-A, PARA AVALIACAO DO RISCO FETAL, POR MARCADOR, POR AMOSTRA	21.20	21.20
40502040	BATERIAS DE TESTES QUIMICOS DE TRIAGEM EM URINA PARA ERROS INATOS DO METABOLISMO (MINIMO DE SEIS TESTES)	45.73	45.73
40502058	DETERMINACAO DO RISCO FETAL, COM ELABORACAO DE LAUDO	44.83	44.83
40502066	DOSAGEM QUANTITATIVA DE ACIDOS ORGANICOS, CARNITINA, PERFIL DE ACILCARNITINA, ACIDOS GRAXOS DE CADEIA MUITO LONGA, PARA O DIAGNOSTICO DE ERROS INATOS DO METABOLISMO (PERFIL EM UMA AMOSTRA)	335.83	335.83
40502074	DOSAGEM QUANTITATIVA DE AMINOACIDOS PARA O DIAGNOSTICO DE ERROS INATOS DO METABOLISMO (PERFIL DE AMINOACIDOS NUMA AMOSTRA)	216.77	216.77
40502082	DOSAGEM QUANTITATIVA DE METABOLITOS NA URINA E/OU SANGUE PARA O DIAGNOSTICO DE ERROS INATOS DO METABOLISMO (CADA)	130.69	130.69
40502090	ELETROFORESE OU CROMATOGRAFIA (PAPEL OU CAMADA DELGADA) PARA IDENTIFICACAO DE AMINOACIDOS OU GLICIDIOS OU OLIGOSSACARIDIOS OU SIALOLIGOSSACARIDIOS GLICOSAMINOGLICANOS OU OUTROS COMPOSTOS PARA DETECCAO	61.29	61.29
40502104	ENSAIOS ENZIMATICOS EM CELULAS CULTIVADAS PARA DIAGNOSTICO DE EIM, INCLUINDO PREPARO DO MATERIAL, DOSAGEM DE PROTEINA E ENZIMA DE REFERENCIA (CADA)	132.72	132.72
40502112	ENSAIOS ENZIMATICOS EM LEUCOCITOS, ERITROCITOS OU TECIDOS PARA DIAGNOSTICO DE EIM, INCLUINDO PREPARO DO MATERIAL, DOSAGEM DE PROTEINA E ENZIMA DE REFERENCIA (CADA)	131.14	131.14
40502120	ENSAIOS ENZIMATICOS NO PLASMA PARA DIAGNOSTICO DE EIM, INCLUINDO ENZIMA DE REFERENCIA (CADA)	119.11	119.11
40502139	TESTE DUPLO - 1 TRIMESTRE (PAPP-A+BETA-HCG) OU OUTROS 2 EM SORO OU LIQUIDO AMINIOTICO COM ELABORACAO DE LAUDO CONTENDO CALCULO DE RISCO PARA ANOMALIAS FETAIS	101.32	101.32
40502147	TESTE DUPLO - 2 TRIMESTRE (AFP+BETA-HCG) OU OUTROS 2 EM SORO OU LIQUIDO AMINIOTICO COM ELABORACAO DE LAUDO CONTENDO CALCULO DE RISCO PARA ANOMALIAS FETAIS	101.32	101.32
40502155	TESTE TRIPLO (AFP+BETA-HCG+ESTRIOL) OU OUTROS 3 EM SORO OU LIQUIDO AMINIOTICO COM ELABORACAO DE LAUDO CONTENDO CALCULO DE RISCO PARA ANOMALIAS FETAIS	157.00	157.00
40502163	TESTES QUIMICOS DE TRIAGEM EM URINA PARA ERROS INATOS DO METABOLISMO (CADA)	21.20	21.20
40502171	DOSAGEM QUANTITATIVA DE CARNITINA E PERFIL DE ACILCARNITINA, PARA O DIAGNOSTICO DE ERROS INATOS DO METABOLISMO	249.38	249.38
40502180	DOSAGEM QUANTITATIVA DE ACIDOS GRAXOS DE CADEIA MUITO LONGA PARA O DIAGNOSTICODE EIM	319.71	319.71
40502198	DOSAGEM QUANTITATIVA DE METABOLITOS POR CROMATOGRAFIA / ESPECTROMETRIA DE MASSA CG/MS OU HPLC/MS PARA O DIAGNOSTICO DE EIM	319.71	319.71
40502201	DOSAGEM QUANTITATIVA DE METABOLITOS POR ESPECTROMETRIA DE MASSA OU ESPECTROMETRIA DE MASSA EM TANDEM MS OU MS/MS PARA O DIAGNOSTICO DE EIM	206.35	206.35
40502228	RASTREAMENTO NEONATAL PARA O DIAGNOSITCO DE EIM E OUTRAS DOENCAS	11.90	11.90
40502236	DOSAGEM QUANTITATIVA DE ACIDOS ORGANICOS PARA O DIAGNOSTICO DE ERROS INATOS DO METABOLISMO PERFIL DE ACIDOS ORGANICOS NUMA AMOSTRA	249.38	249.38
40503011	ANALISE DE DNA COM ENZIMAS DE RESTRICAO POR ENZIMA UTILIZADA, POR AMOSTRA	176.37	176.37
40503020	ANALISE DE DNA FETAL POR ENZIMA DE RESTRICAO, POR ENZIMA UTILIZADA, POR AMOSTRA (ADICIONAL NOS EXAMES EM QUE JA FOI FEITO O PCR 4.05.03.06-2 E DEPENDE DA ENZIMA PARA ESTABELECER O DIAGNOSTICO)	176.37	176.37
40503038	ANALISE DE DNA FETAL POR SONDA OU PCR POR LOCUS, POR AMOSTRA	271.95	271.95
40503046	ANALISE DE DNA PELA TECNICA MULTIPLEX POR LOCUS EXTRA, POR AMOSTRA	71.62	71.62
40503054	ANALISE DE DNA PELA TECNICA MULTIPLEX POR LOCUS, POR AMOSTRA	209.81	209.81
40503062	ANALISE DE DNA POR SONDA, OU PCR POR LOCUS, POR AMOSTRA	209.81	209.81
40503097	EXTRACAO DE DNA (SANGUE, URINA, LIQUIDO AMINIOTICO, VILO TROFOBLASTICO ETC.) POR AMOSTRA	33.39	33.39
40503100	IDENTIFICACAO DE MUTACAO POR SEQUENCIAMENTO DO DNA, POR 100 PARES DE BASE SEQUENCIADAS, POR AMOSTRA	209.81	209.81
40503275	ANALISE DA MUTACAO IGVH-CADEIA PESADA DA IMUNOGLOBULINA	199.73	199.73
40503348	DISTROFIA MIOTONICA, ANALISE POR DNA	199.73	199.73
40503356	DISAUTONOMIA FAMILIAR, ANALISE POR DNA	199.73	199.73
40503399	HEMOFILIA A, ANALISE DO DNA	199.73	199.73
40503402	HEMOFILIA B, ANALISE DO DNA	199.73	199.73
40503410	HIPOLACTASIA, ANALISE MOLECULAR	199.73	199.73
40503429	HORMONIO DE CRESCIMENTO, ESTUDO DO GENE RECEPTOR	199.73	199.73
40503437	HORMONIO DE CRESCIMENTO, ESTUDO MOLECULAR DO GENE	199.73	199.73
40503470	PROP1, ESTUDO MOLECULAR DO GENE, SANGUE TOTAL	199.73	199.73
40503488	PTPN11, ESTUDO MOLECULAR DO GENE, SANGUE TOTAL	199.73	199.73
40503496	REARRANJO 8Q24 FISH MEDULA OSSEA	127.50	127.50
40503500	REARRANJO 8Q24 FISH SANGUE	127.50	127.50
40503518	REARRANJO BCL6 3Q27 NHL FISH	127.50	127.50
40503577	SHOX, ESTUDO MOLECULAR DO GENE, SANGUE TOTAL	199.73	199.73
40503585	TRANSLOCACAO 4/14 FISH IGH/FGFR3	127.50	127.50
40503593	C KIT ANALISE MUTACIONAL	199.73	199.73
40503615	DETECCAO DE DEL/DUPL NO GENE MLH1 MSH2	199.73	199.73
40503623	DETECCAO DE MUTACOES NO GENE MLH1 MSH2	199.73	199.73
40503631	DETECCAO DE MUTACOES NO GENE MSH6	199.73	199.73
40503640	FLT3 PESQUISA DE MUTACOES POR PCR (CADA)	199.73	199.73
40503658	ATROFIA MUSCULAR E BULBAR KENNEDY , POR PCR	199.73	199.73
40503674	MUCOLIPIDOSIS TIPO 4 ANALISE DA MUTACAO	199.73	199.73
40503682	FLT3 PESQUISA DE MUTACOES POR ELETROFORESE CAPILAR (CADA)	199.73	199.73
40503690	DISTROFIA MUSCULAR DUCHENNE , POR PCR	199.73	199.73
40503712	PESQUISA DEA MUTACAO 35DELG DA CONEXINA	199.73	199.73
40503739	ATROFIA DENTATO-RUBRO-PALIDO-LUYSIANA, DRPLA, SANGUE TOTAL	199.73	199.73
40503755	DETECCAO/TIPAGEM HERPES VIRUS 1 E 2 LIQUOR	185.95	185.95
40503801	SEQUENCIAMENTO DE NOVA GERACAO NGS - GENES ISOLADOS, PAINEIS E GRANDES REGIOES GENOMICAS INCLUI CAPTURA, AMPLIFICACAO E SEQUENCIAMENTO	199.73	199.73
40503810	SEQUENCIAMENTO DE NOVA GERACAO DE TODAS AS REGIOES CODIFICADORAS EXONS DE TODO OS GENES DO GENOMA - SEQUENCIAMENTO DO EXOMA INCLUI CAPTURA, AMPLIFICACAO E SEQUENCIAMENTO	199.73	199.73
40503828	REARRANJO PML/RARA T 15/17 RQ-PCR QUANTITATIVO EM TEMPO REAL	199.73	199.73
40503836	MUTACAO FAMILIAL ESPECIFICA - PCR DO LOCCUS IDENTIFICADO	199.73	199.73
40503844	MUTACAO FAMILIAL ESPECIFICA - SEQUENCIAMENTO DE SANGER DO LOCCUS IDENTIFICADO	199.73	199.73
40503860	CAPTURA/AMPLIFICACAO E SUBSEQUENTE SEQUENCIAMENTO DE REGIOES GENOMICAS DE ATE 20 KILOBASES DE DNA TUMORAL PARA ANALISE DE MUTACOES SOMATICAS POR QUALQUER TECNICA DE SEQUENCIAMENTO SANGER OU QUALQUER F	209.81	209.81
40503879	CAPTURA/AMPLIFICACAO E SUBSEQUENTE SEQUENCIAMENTO DE REGIOES GENOMICAS DE 20 KILOBASES A 1 MEGABASE DE DNA TUMORAL PARA ANALISE DE MUTACOES SOMATICAS POR QLQR TECNICA DE SEQUENCIAMENTO SANGER OU QUALQ	209.81	209.81
40503887	CAPTURA/AMPLIFICACAO E SUBSEQUENTE SEQUENCIAMENTO DE REGIOES GENOMICAS DE 1 MEGABASE A 30 MEGABASES DE DNA TUMORAL PARA ANALISE DE MUTACOES SOMATICAS POR QLQR TECNICA DE SEQUENCIAMENTO SANGER OU QUALQ	209.81	209.81
40503917	QUANTIFICACAO DE CARGA VIRAL HIV-1 HIV RNA NO LIQUIDO CEFALORRAQUIDIANO LCR	520.59	520.59
40503941	DETECCAO DE ANTICORPO IGG ANTI-HTLV-1/2 NO LIQUIDO CEFALORRAQUIDIANO LCR	37.17	37.17
40503950	PAINEL MULTIPLEX INFECCIOSO NO LIQUOR - PAINEL COM ATE 25 AGENTES	500.00	500.00
40601013	PROCEDIMENTO DIAGNOSTICO PEROPERATORIO SEM DESLOCAMENTO DO PATOLOGISTA	276.72	276.72
40601021	PROCEDIMENTO DIAGNOSTICO PEROPERATORIO - PECA ADICIONAL OU MARGEM CIRURGICA	172.89	172.89
40601030	PROCEDIMENTO DIAGNOSTICO PEROPERATORIO COM DESLOCAMENTO DO PATOLOGISTA	293.14	293.14
40601064	MICROSCOPIA ELETRONICA	543.50	543.50
40601072	ATO DE COLETA DE PAAF DE ORGAOS OU ESTRUTURAS SUPERFICIAIS SEM DESLOCAMENTO DO PATOLOGISTA	69.23	69.23
40601080	ATO DE COLETA DE PAAF DE ORGAOS OU ESTRUTURAS PROFUNDAS SEM DESLOCAMENTO DO PATOLOGISTA	166.49	166.49
40601099	ATO DE COLETA DE PAAF DE ORGAOS OU ESTRUTURAS SUPERFICIAIS COM DESLOCAMENTO DO PATOLOGISTA	69.56	69.56
40601102	ATO DE COLETA DE PAAF DE ORGAOS OU ESTRUTURAS PROFUNDAS COM DESLOCAMENTO DO PATOLOGISTA	166.49	166.49
40601110	PROCEDIMENTO DIAGNOSTICO EM BIOPSIA SIMPLES "IMPRINT" E "CELL BLOCK"	79.86	79.86
40601129	PROCEDIMENTO DIAGNOSTICO CITOPATOLOGICO ONCOTICO DE LIQUIDOS E RASPADOS CUTANEOS	70.47	70.47
40601137	PROCEDIMENTO DIAGNOSTICO EM CITOPATOLOGIA CERVICO-VAGINAL ONCOTICA	39.18	39.18
40601145	PROCEDIMENTO DIAGNOSTICO EM CITOLOGIA HORMONAL SERIADO	74.01	74.01
40601153	PROCEDIMENTO DIAGNOSTICO EM REVISAO DE LAMINAS OU CORTES HISTOLOGICOS SERIADOS	213.48	213.48
40601161	PROCEDIMENTO DIAGNOSTICO EM CITOLOGIA HORMONAL ISOLADA	34.31	34.31
40601170	PROCEDIMENTO DIAGNOSTICO EM PAINEL DE IMUNOISTOQUIMICA (DUAS A CINCO REACOES)	635.71	635.71
40601188	PROCEDIMENTO DIAGNOSTICO EM REACAO IMUNOISTOQUIMICA ISOLADA	293.14	293.14
40601196	PROCEDIMENTO DIAGNOSTICO EM FRAGMENTOS MULTIPLOS DE BIOPSIAS DE MESMO ORGAO OU TOPOGRAFIA, ACONDICIONADOS EM UM MESMO FRASCO	151.65	151.65
40601200	PROCEDIMENTO DIAGNOSTICO EM PECA ANATOMICA OU CIRURGICA SIMPLES	111.19	111.19
40601218	PROCEDIMENTO DIAGNOSTICO EM PECA CIRURGICA OU ANATOMICA COMPLEXA	151.65	151.65
40601226	PROCEDIMENTO DIAGNOSTICO EM GRUPOS DE LINFONODOS, ESTRUTURAS VIZINHAS E MARGENS DE PECAS ANATOMICAS SIMPLES OU COMPLEXAS (POR MARGEM) - MAXIMO DE TRES MARGENS	79.86	79.86
40601234	PROCEDIMENTO DIAGNOSTICO EM AMPUTACAO DE MEMBROS SEM CAUSA ONCOLOGICA	144.57	144.57
40601242	PROCEDIMENTO DIAGNOSTICO EM AMPUTACAO DE MEMBROS - CAUSA ONCOLOGICA	291.84	291.84
40601250	PROCEDIMENTO DIAGNOSTICO EM LAMINAS DE PAAF ATE 5	70.47	70.47
40601269	COLORACAO ESPECIAL POR COLORACAO	36.90	36.90
40601277	PROCEDIMENTO DIAGNOSTICO EM IMUNOFLUORESCENCIA	580.84	580.84
40601285	PROCEDIMENTO DIAGNOSTICO EM PAINEL DE HIBRIDIZACAO "IN SITU"	747.21	747.21
40601293	PROCEDIMENTO DIAGNOSTICO POR CAPTURA HIBRIDA	476.63	476.63
40601307	PROCEDIMENTO DIAGNOSTICO EM CITOMETRIA DE FLUXO (POR MONOCLONAL PESQUISADO)	159.16	159.16
40601315	PROCEDIMENTO DIAGNOSTICO EM CITOMETRIA DE IMAGENS	739.95	739.95
40601323	PROCEDIMENTO DIAGNOSTICO CITOPATOLOGICO EM MEIO LIQUIDO	55.67	55.67
40601331	CITOLOGICO ANATOMIA PATOLOGICA, QUALQUER MATERIAL	26.78	26.78
40601340	CITOLOGICO EM LIQUIDO ASCITICO	55.93	55.93
40601358	CITOLOGICO EM LIQUIDO PERICARDIO	54.34	54.34
40601366	CITOLOGICO EM LIQUIDO SINOVIAL	28.95	28.95
40601374	CITOLOGICO EM OUTROS MATERIAIS	28.95	28.95
40601382	DNA CITOMETRIA FLUXO PARAFINA - OUTROS MATERIAIS	467.85	467.85
40601390	IMPRINT DE GANGLIO	79.48	79.48
40601404	IMPRINT DE MEDULA OSSEA	75.67	75.67
40602010	PD-L1 - DETECCAO POR TECNICAS IMUNOISTOQUIMICAS	206.04	206.04
40701018	ANGIOGRAFIA RADIOISOTOPICA	134.95	134.95
40701026	CINTILOGRAFIA COM HEMACIAS MARCADAS	354.87	354.87
40701034	CINTILOGRAFIA DO MIOCARDIO COM DUPLO ISOTOPO (PERFUSAO + VIABILIDADE)	252.52	252.52
40701042	CINTILOGRAFIA DO MIOCARDIO COM FDG-18 F, EM CAMARA HIBRIDA	671.94	671.94
40701050	CINTILOGRAFIA DO MIOCARDIO NECROSE (INFARTO AGUDO)	224.03	224.03
40701069	CINTILOGRAFIA DO MIOCARDIO PERFUSAO - REPOUSO	368.72	368.72
40701077	CINTILOGRAFIA SINCRONIZADA DAS CAMARAS CARDIACAS - ESFORCO	409.84	409.84
40701085	CINTILOGRAFIA SINCRONIZADA DAS CAMARAS CARDIACAS - REPOUSO	191.50	191.50
40701093	FLUXO SANGUINEO DAS EXTREMIDADES	107.49	107.49
40701107	QUANTIFICACAO DE "SHUNT" DA DIREITA PARA A ESQUERDA	189.11	189.11
40701115	QUANTIFICACAO DE "SHUNT" PERIFERICO	202.02	202.02
40701123	VENOGRAFIA RADIOISOTOPICA	186.92	186.92
40701131	CINTILOGRAFIA DO MIOCARDIO PERFUSAO - ESTRESSE FARMACOLOGICO	368.72	368.72
40701140	CINTILOGRAFIA DO MIOCARDIO PERFUSAO - ESTRESSE FISICO	368.72	368.72
40701158	CINTILOGRAFIA DE PERFUSAO DO MIOCARIDO, ASSOCIADA A DOBUTAMINA	363.29	363.29
40702014	CINTILOGRAFIA DAS GLANDULAS SALIVARES COM OU SEM ESTIMULO	173.54	173.54
40702022	CINTILOGRAFIA DO FIGADO E DO BACO	161.99	161.99
40702030	CINTILOGRAFIA DO FIGADO E VIAS BILIARES	235.17	235.17
40702049	CINTILOGRAFIA PARA DETECCAO DE HEMORRAGIA DIGESTORIA ATIVA	205.92	205.92
40702057	CINTILOGRAFIA PARA DETECCAO DE HEMORRAGIA DIGESTORIA NAO ATIVA	435.76	435.76
40702065	CINTILOGRAFIA PARA DETERMINACAO DO TEMPO DE ESVAZIAMENTO GASTRICO	121.60	121.60
40702073	CINTILOGRAFIA PARA ESTUDO DE TRANSITO ESOFAGICO (LIQUIDOS)	162.94	162.94
40702081	CINTILOGRAFIA PARA ESTUDO DE TRANSITO ESOFAGICO (SEMI-SOLIDOS)	162.94	162.94
40702090	CINTILOGRAFIA PARA PESQUISA DE DIVERTICULO DE MECKEL	183.70	183.70
40702103	CINTILOGRAFIA PARA PESQUISA DE REFLUXO GASTRO-ESOFAGICO	162.94	162.94
40702111	FLUXO SANGUINEO HEPATICO (QUALITATIVO E QUANTITATIVO)	99.10	99.10
40702146	CINTILOGRAFIA, RECEPTORES DA SOMATOSTATINA COM LUTECIO - 177	319.80	319.80
40703010	CINTILOGRAFIA DA TIREOIDE E/OU CAPTACAO (IODO - 123)	181.64	181.64
40703029	CINTILOGRAFIA DA TIREOIDE E/OU CAPTACAO (IODO - 131)	172.24	172.24
40703037	CINTILOGRAFIA DA TIREOIDE E/OU CAPTACAO (TECNECIO - 99M TC)	136.58	136.58
40703045	CINTILOGRAFIA DAS PARATIREOIDES	288.58	288.58
40703053	CINTILOGRAFIA DE CORPO INTEIRO PARA PESQUISA DE METASTASES (PCI)	444.63	444.63
40703061	TESTE DE ESTIMULO COM TSH RECOMBINANTE	122.91	122.91
40703070	TESTE DE SUPRESSAO DA TIREOIDE COM T3	99.10	99.10
40703088	TESTE DO PERCLORATO	88.34	88.34
40703096	CINTILOGRAFIA DE CORPO INTEIRO COM METAIODOBENZILGUANDINA - IODO-123	97.64	97.64
40703100	CINTILOGRAFIA DE CORPO INTEIRO COM MIBI MARCADA COM TECNECIO - 99M	87.04	87.04
40704017	CINTILOGRAFIA RENAL DINAMICA	187.48	187.48
40704025	CINTILOGRAFIA RENAL DINAMICA COM DIURETICO	264.64	264.64
40704033	CINTILOGRAFIA RENAL ESTATICA (QUANTITATIVA OU QUALITATIVA)	173.42	173.42
40704041	CINTILOGRAFIA TESTICULAR (ESCROTAL)	146.38	146.38
40704050	CISTOCINTILOGRAFIA DIRETA	173.80	173.80
40704068	CISTOCINTILOGRAFIA INDIRETA	159.59	159.59
40704076	DETERMINACAO DA FILTRACAO GLOMERULAR	60.47	60.47
40704084	DETERMINACAO DO FLUXO PLASMATICO RENAL	53.31	53.31
40704092	RENOGRAMA	99.10	99.10
40705013	CINTILOGRAFIA DO SISTEMA RETICULO-ENDOTELIAL (MEDULA OSSEA)	110.52	110.52
40705021	DEMONSTRACAO DO SEQUESTRO DE HEMACIAS PELO BACO	99.10	99.10
40705030	DETERMINACAO DA SOBREVIDA DE HEMACIAS	99.10	99.10
40705048	DETERMINACAO DO VOLUME ERITROCITARIO	99.10	99.10
40705056	DETERMINACAO DO VOLUME PLASMATICO	99.10	99.10
40705064	TESTE DE ABSORCAO DE VITAMINA B12 COM COBALTO - 57 (TESTE DE SCHILLING)	369.54	369.54
40706010	CINTILOGRAFIA OSSEA (CORPO TOTAL)	191.75	191.75
40706028	FLUXO SANGUINEO OSSEO	90.70	90.70
40707016	CINTILOGRAFIA CEREBRAL	127.58	127.58
40707024	CINTILOGRAFIA CEREBRAL COM FDG-18 F, EM CAMARA HIBRIDA	335.93	335.93
40707032	CINTILOGRAFIA DE PERFUSAO CEREBRAL	623.54	623.54
40707040	CISTERNOCINTILOGRAFIA	419.77	419.77
40707059	CISTERNOCINTILOGRAFIA PARA PESQUISA DE FISTULA LIQUORICA	419.77	419.77
40707067	FLUXO SANGUINEO CEREBRAL	90.70	90.70
40707075	MIELOCINTILOGRAFIA	241.62	241.62
40707083	VENTRICULO-CINTILOGRAFIA	241.62	241.62
40708012	CINTILOGRAFIA COM ANALOGO DE SOMATOSTATINA	308.27	308.27
40708020	CINTILOGRAFIA COM GALIO-67	453.52	453.52
40708039	CINTILOGRAFIA COM LEUCOCITOS MARCADOS	275.52	275.52
40708047	CINTILOGRAFIA COM MIBG (METAIODOBENZILGUANIDINA)	337.96	337.96
40708063	CINTILOGRAFIA DE MAMA (BILATERAL)	297.71	297.71
40708071	DEMARCACAO RADIOISOTOPICA DE LESOES TUMORAIS	198.56	198.56
40708080	DETECCAO INTRAOPERATORIA RADIOGUIADA DE LESOES TUMORAIS	378.50	378.50
40708098	DETECCAO INTRAOPERATORIA RADIOGUIADA DE LINFONODO SENTINELA	378.50	378.50
40708101	LINFOCINTILOGRAFIA	136.06	136.06
40708110	QUANTIFICACAO DA CAPTACAO PULMONAR COM GALIO-67	302.34	302.34
40709019	CINTILOGRAFIA PARA DETECCAO DE ASPIRACAO PULMONAR	107.49	107.49
40709027	CINTILOGRAFIA PULMONAR (INALACAO)	162.94	162.94
40709035	CINTILOGRAFIA PULMONAR (PERFUSAO)	171.34	171.34
40710017	SESSAO MEDICA PARA PLANEJAMENTO TECNICO DE RADIOISOTOPOTERAPIA	100.93	100.93
40710025	TRATAMENTO COM METAIODOBENZILGUANIDINA (MIBG)	564.35	564.35
40710033	TRATAMENTO DA POLICITEMIA VERA	201.61	201.61
40710041	TRATAMENTO DE CANCER DA TIREOIDE	802.47	802.47
40710050	TRATAMENTO DE HIPERTIREOIDISMO-BOCIO NODULAR TOXICO (GRAVES)	269.28	269.28
40710068	TRATAMENTO DE HIPERTIREOIDISMO-BOCIO NODULAR TOXICO (PLUMMER)	291.06	291.06
40710076	TRATAMENTO DE METASTASES OSSEAS (ESTRONCIO-90)	396.16	396.16
40710084	TRATAMENTO DE METASTASES OSSEAS (SAMARIO-153)	346.60	346.60
40710092	TRATAMENTO DE TUMORES NEUROENDOCRINOS	638.65	638.65
40710114	TRATAMENTO DE METASTASES OSSEAS COM ISOTOPOS ALFA EMISSOR - PLANEJAMENTO E 1 DIA DE TRATAMENTO	331.41	331.41
40710122	TRATAMENTO DE METASTASES OSSEAS COM ISOTOPOS ALFA EMISSOR - POR DIA DE ATENDIMENTO ATE O INICIO DO PROXIMO CICLO - INTERVALO DE 4 A 8 SEMANAS	310.87	310.87
40711013	DACRIOCINTILOGRAFIA	114.72	114.72
40711021	IMUNOCINTILOGRAFIA (ANTICORPOS MONOCLONAIS)	341.45	341.45
40801012	RX - CRANIO - 2 INCIDENCIAS	34.13	34.13
40801020	RX - CRANIO - 3 INCIDENCIAS	37.79	37.79
40801039	RX - CRANIO - 4 INCIDENCIAS	46.30	46.30
40801047	RX - ORELHA, MASTOIDES OU ROCHEDOS - BILATERAL	50.34	50.34
40801055	RX - ORBITAS - BILATERAL	37.90	37.90
40801063	RX - SEIOS DA FACE	28.81	28.81
40801071	RX - SELA TURCICA	34.08	34.08
40801080	RX - MAXILAR INFERIOR	34.08	34.08
40801098	RX - OSSOS DA FACE	37.90	37.90
40801101	RX - ARCOS ZIGOMATICOS OU MALAR OU APOFISES ESTILOIDES	35.58	35.58
40801110	RX - ARTICULACAO TEMPOROMANDIBULAR - BILATERAL	37.90	37.90
40801128	RX - ADENOIDES OU CAVUM	27.29	27.29
40801136	RX - PANORAMICA DE MANDIBULA (ORTOPANTOMOGRAFIA)	36.06	36.06
40801144	RX - TELEPERFIL EM CEFALOSTATO - SEM TRACADO	29.58	29.58
40801152	RX - TELEPERFIL EM CEFALOSTATO - COM TRACADO	33.11	33.11
40801160	RX - ARCADA DENTARIA POR ARCADA	29.08	29.08
40801195	RX - PLANIGRAFIA LINEAR DE CRANIO OU SELA TURCICA OU FACE OU MASTOIDE	68.72	68.72
40801209	RX - INCIDENCIA ADICIONAL DE CRANIO OU FACE	13.08	13.08
40802019	RX - COLUNA CERVICAL - 3 INCIDENCIAS	33.74	33.74
40802027	RX - COLUNA CERVICAL - 5 INCIDENCIAS	46.85	46.85
40802035	RX - COLUNA DORSAL - 2 INCIDENCIAS	37.61	37.61
40802043	RX - COLUNA DORSAL - 4 INCIDENCIAS	50.91	50.91
40802051	RX - COLUNA LOMBO-SACRA - 3 INCIDENCIAS	39.45	39.45
40802060	RX - COLUNA LOMBO-SACRA - 5 INCIDENCIAS	53.50	53.50
40802078	RX - SACRO-COCCIX	35.88	35.88
40802086	RX - COLUNA DORSO-LOMBAR PARA ESCOLIOSE	47.92	47.92
40802094	RX - COLUNA TOTAL PARA ESCOLIOSE (TELESPONDILOGRAFIA)	71.36	71.36
40802108	RX - PLANIGRAFIA DE COLUNA VERTEBRAL (DOIS PLANOS)	117.06	117.06
40802116	RX - INCIDENCIA ADICIONAL DE COLUNA	14.63	14.63
40803015	RX - ESTERNO	35.98	35.98
40803023	RX - ARTICULACAO ESTERNOCLAVICULAR	33.74	33.74
40803031	RX - COSTELAS - POR HEMITORAX	36.61	36.61
40803040	RX - CLAVICULA	34.13	34.13
40803058	RX - OMOPLATA OU ESCAPULA	35.98	35.98
40803066	RX - ARTICULACAO ACROMIOCLAVICULAR	32.64	32.64
40803074	RX - ARTICULACAO ESCAPULOUMERAL (OMBRO)	32.64	32.64
40803082	RX - BRACO	34.13	34.13
40803090	RX - COTOVELO	31.62	31.62
40803104	RX - ANTEBRACO	33.11	33.11
40803112	RX - PUNHO	33.86	33.86
40803120	RX - MAO OU QUIRODACTILO	31.62	31.62
40803139	RX - MAOS E PUNHOS PARA IDADE OSSEA	31.26	31.26
40803147	RX - INCIDENCIA ADICIONAL DE MEMBRO SUPERIOR	12.88	12.88
40804011	RX - BACIA	33.38	33.38
40804020	RX - ARTICULACOES SACROILIACAS	34.75	34.75
40804038	RX - ARTICULACAO COXOFEMORAL (QUADRIL)	35.36	35.36
40804046	RX - COXA	36.61	36.61
40804054	RX - JOELHO	33.11	33.11
40804062	RX - PATELA	35.23	35.23
40804070	RX - PERNA	35.59	35.59
40804089	RX - ARTICULACAO TIBIOTARSICA (TORNOZELO)	31.62	31.62
40804097	RX - PE OU PODODACTILO	33.11	33.11
40804100	RX - CALCANEO	31.62	31.62
40804119	RX - ESCANOMETRIA	34.40	34.40
40804127	RX - PANORAMICA DOS MEMBROS INFERIORES	49.90	49.90
40804135	RX - INCIDENCIA ADICIONAL DE MEMBRO INFERIOR	12.88	12.88
40805018	RX - TORAX - 1 INCIDENCIA	28.97	28.97
40805026	RX - TORAX - 2 INCIDENCIAS	36.90	36.90
40805034	RX - TORAX - 3 INCIDENCIAS	41.29	41.29
40805042	RX - TORAX - 4 INCIDENCIAS	54.47	54.47
40805050	RX - CORACAO E VASOS DA BASE	46.52	46.52
40805069	RX - PLANIGRAFIA DE TORAX, MEDIASTINO OU LARINGE	102.73	102.73
40805077	RX - LARINGE OU HIPOFARINGE OU PESCOCO (PARTES MOLES)	48.00	48.00
40806014	RX - DEGLUTOGRAMA	81.93	81.93
40806022	RX - VIDEODEGLUTOGRAMA	138.11	138.11
40806030	RX - ESOFAGO	64.31	64.31
40806049	RX - ESTOMAGO E DUODENO	100.89	100.89
40806057	RX - ESOFAGO - HIATO - ESTOMAGO E DUODENO	125.56	125.56
40806065	RX - TRANSITO E MORFOLOGIA DO DELGADO	107.46	107.46
40806073	RX - ESTUDO DO DELGADO COM DUPLO CONTRASTE	106.52	106.52
40806081	RX - CLISTER OU ENEMA OPACO (DUPLO CONTRASTE)	139.91	139.91
40806090	RX - DEFECOGRAMA	118.46	118.46
40806103	RX - COLANGIOGRAFIA INTRA-OPERATORIA	64.78	64.78
40806111	RX - COLANGIOGRAFIA POS-OPERATORIA (PELO DRENO)	64.78	64.78
40806120	RX - COLANGIOGRAFIA PRE-OPERATORIA	81.37	81.37
40806170	RX - DUODENOGRAFIA HIPOTONICA	70.02	70.02
40806189	RX - TRANSITO COLONICO	112.51	112.51
40807010	RX - UROGRAFIA VENOSA COM BEXIGA PRE E POS-MICCIONAL	108.05	108.05
40807029	RX - PIELOGRAFIA ASCENDENTE	76.94	76.94
40807037	RX - UROGRAFIA VENOSA MINUTADA 1-2-3	114.86	114.86
40807045	RX - UROGRAFIA VENOSA COM NEFROTOMOGRAFIA	130.49	130.49
40807053	RX - URETROCISTOGRAFIA DE ADULTO	106.04	106.04
40807061	RX - URETROCISTOGRAFIA DE CRIANCA (ATE 12 ANOS)	127.47	127.47
40807070	RX - TOMOGRAFIA RENAL SEM CONTRASTE	63.90	63.90
40807088	RX - PENIS	28.30	28.30
40807096	RX - URETROCISTOGRAFIA RETROGADA	513.72	513.72
40808017	RX - ABDOME SIMPLES	33.38	33.38
40808025	RX - ABDOME AGUDO	59.08	59.08
40808033	MAMOGRAFIA CONVENCIONAL BILATERAL	137.16	137.16
40808041	MAMOGRAFIA DIGITAL BILATERAL	179.07	179.07
40808050	RX - AMPLIACAO OU MAGNIFICACAO DE LESAO MAMARIA	106.85	106.85
40808114	RX - ESQUELETO (INCIDENCIAS BASICAS DE: CRANIO, COLUNA, BACIA E MEMBROS)	329.76	329.76
40808122	DENSITOMETRIA OSSEA (UM SEGMENTO)	111.95	111.95
40808130	DENSITOMETRIA OSSEA - ROTINA COLUNA E FEMUR OU DOIS SEGMENTOS	167.93	167.93
40808149	DENSITOMETRIA OSSEA - CORPO INTEIRO AVALIACAO DE MASSA OSSEA OU DE COMPOSICAO CORPORAL	104.58	104.58
40808157	RX - AVALIACAO DE FRATURAS VERTEBRAIS POR DXA	130.03	130.03
40808165	PLANIGRAFIA DE OSSO	61.82	61.82
40808190	MARCACAO PRE-CIRURGICA POR NODULO - MAXIMO DE 3 NODULOS POR MAMA, POR ESTEREOTAXIA (NAO INCLUI EXAME DE IMAGEM)	195.25	195.25
40808203	MARCACAO PRE-CIRURGICA POR NODULO - MAXIMO DE 3 NODULOS POR MAMA, POR US (NAO INCLUI EXAME DE IMAGEM)	195.25	195.25
40808211	MARCACAO PRE-CIRURGICA POR NODULO - MAXIMO DE 3 NODULOS POR MAMA, POR RM (NAO INCLUI EXAME DE IMAGEM)	196.18	196.18
40808220	PUNCAO OU BIOPSIA MAMARIA PERCUTANEA POR AGULHA FINA ORIENTADA POR ESTEREOTAXIA (NAO INCLUI O EXAME DEBASE)	221.32	221.32
40808238	PUNCAO OU BIOPSIA MAMARIA PERCUTANEA POR AGULHA FINA ORIENTADA POR US (NAO INCLUI O EXAME DE BASE)	221.32	221.32
40808246	PUNCAO OU BIOPSIA MAMARIA PERCUTANEA POR AGULHA FINA ORIENTADA POR TC (NAO INCLUI O EXAME DE BASE)	221.32	221.32
40808254	BIOPSIA PERCUTANEA DE FRAGMENTO MAMARIO POR AGULHA GROSSA (CORE BIOPSY) ORIENTADA POR ESTEREOTAXIA (NAO INCLUI O EXAME DE IMAGEM)	354.97	354.97
40808262	BIOPSIA PERCUTANEA DE FRAGMENTO MAMARIO POR AGULHA AGULHA GROSSA (CORE BIOPSY) ORIENTADA POR US (NAO INCLUI O EXAME DE IMAGEM	354.97	354.97
40808270	BIOPSIA PERCUTANEA DE FRAGMENTO MAMARIO POR AGULHA GROSSA (CORE BIOPSY) ORIENTADA POR RM (NAO INCLUI O EXAME DE IMAGEM)	354.97	354.97
40808289	MAMOTOMIA POR ESTEREOTAXIA (NAO INCLUI O EXAME DE IMAGEM)	557.51	557.51
40808297	MAMOTOMIA POR US (NAO INCLUI O EXAME DE IMAGEM)	557.51	557.51
40808319	COLOCACAO DE CLIPES S PRE QT NEOADJUVANTE EM AXILA CADA LADO NAO INCLUI O EXAME DE BASE	191.42	191.42
40808327	COLOCACAO DE CLIPES S PRE QT NEOADJUVANTE EM MAMA CADA LADO NAO INCLUI O EXAME DE BASE	191.42	191.42
40809021	SIALOGRAFIA (POR GLANDULA)	79.26	79.26
40809030	HISTEROSSALPINGOGRAFIA	88.20	88.20
40809048	ARTROGRAFIA OU PNEUMOARTROGRAFIA	88.20	88.20
40809056	FISTULOGRAFIA	59.83	59.83
40809064	COLANGIOGRAFIA TRANSCUTANEA	140.35	140.35
40809072	COLANGIOPANCREATOGRAFIA RETROGRADA	85.60	85.60
40809080	DACRIOCISTOGRAFIA	78.25	78.25
40809102	DRENAGEM PERCUTANEA ORIENTADA POR RX (ACRESCENTAR O EXAME DE BASE)	253.42	253.42
40809153	PUNCAO BIOPSIA/ASPIRATIVA DE ORGAO OU ESTRUTURA ORIENTADA POR RX (NAO INCLUI O EXAME DE BASE)	191.99	191.99
40809161	PUNCAO BIOPSIA/ASPIRATIVA DE ORGAO OU ESTRUTURA ORIENTADA POR US (NAO INCLUI O EXAME DE BASE)	191.99	191.99
40809170	PUNCAO BIOPSIA/ASPIRATIVA DE ORGAO OU ESTRUTURA ORIENTADA POR TC (NAO INCLUI O EXAME DE BASE)	191.99	191.99
40809188	PUNCAO BIOPSIA/ASPIRATIVA DE ORGAO OU ESTRUTURA ORIENTADA POR RM (NAO INCLUI O EXAME DE BASE)	192.92	192.92
40809196	PUNCAO BIOPSIA/ASPIRATIVA DE ORGAO OU ESTRUTURA PROFUNDA ORIENTADA POR RM NAO INCLUI O EXAME DE BASE	208.72	208.72
40809200	PUNCAO BIOPSIA/ASPIRATIVA DE ORGAO OU ESTRUTURA PROFUNDA ORIENTADA POR RX NAO INCLUI O EXAME DE BASE	218.78	218.78
40809218	PUNCAO BIOPSIA/ASPIRATIVA DE ORGAO OU ESTRUTURA PROFUNDA ORIENTADA POR TC NAO INCLUI O EXAME DE BASE	220.95	220.95
40809226	PUNCAO BIOPSIA/ASPIRATIVA DE ORGAO OU ESTRUTURA PROFUNDA ORIENTADA POR US NAO INCLUI O EXAME DE BASE	220.95	220.95
40810011	MIELOGRAFIA SEGMENTAR (POR SEGMENTO)	223.90	223.90
40810020	TESTE DE OCLUSAO DE ARTERIA CAROTIDA OU VERTEBRAL	691.96	691.96
40810046	AVALIACAO HEMODINAMICA POR CATETERISMO (AFERIMENTO DE PRESSAO OU FLUXO ARTERIAL OU VENOSO)	264.53	264.53
40811018	RADIOSCOPIA DIAGNOSTICA	71.81	71.81
40811026	RADIOSCOPIA PARA ACOMPANHAMENTO DE PROCEDIMENTO CIRURGICO (POR HORA OU FRACAO)	74.60	74.60
40812014	AORTOGRAFIA ABDOMINAL POR PUNCAO TRANSLOMBAR	215.75	215.75
40812022	ANGIOGRAFIA POR PUNCAO	271.33	271.33
40812030	ANGIOGRAFIA POR CATETERISMO NAO SELETIVO DE GRANDE VASO	521.18	521.18
40812049	ANGIOGRAFIA POR CATETERISMO SELETIVO DE RAMO PRIMARIO - POR VASO	557.18	557.18
40812057	ANGIOGRAFIA POR CATETERISMO SUPERSELETIVO DE RAMO SECUNDARIO OU DISTAL - POR VASO	605.91	605.91
40812065	ANGIOGRAFIA TRANSOPERATORIA DE POSICIONAMENTO	217.94	217.94
40812073	ANGIOGRAFIA POS-OPERATORIA DE CONTROLE	217.94	217.94
40812081	FLEBOGRAFIA POR PUNCAO VENOSA UNILATERAL	197.46	197.46
40812090	FLEBOGRAFIA RETROGRADA POR CATETERISMO - UNILATERAL	383.63	383.63
40812103	PORTOGRAFIA TRANS-HEPATICA	389.56	389.56
40812111	ESPLENOPORTOGRAFIA PERCUTANEA	336.26	336.26
40812120	LINFANGIOADENOGRAFIA UNILATERAL	264.92	264.92
40812138	CAVERNOSOGRAFIA	173.66	173.66
40812146	FARMACO-CAVERNOSOGRAFIA (DINAMICA)	191.29	191.29
40813029	ABLACAO PERCUTANEA DE TUMOR HEPATICO (QUALQUER METODO) - METODO INTERVENCIONISTA/TERAPEUTICO POR IMAGEM	666.03	666.03
40813053	ALCOOLIZACAO PERCUTANEA DE ANGIOMA	533.16	533.16
40813061	ANGIOPLASTIA DE RAMO INTRACRANIANO	1302.89	1302.89
40813070	ANGIOPLASTIA DE TRONCO SUPRA-AORTICO	1020.02	1020.02
40813088	ANGIOPLASTIA DE AORTA PARA TRATAMENTO DE COARCTACAO	859.83	859.83
40813100	ANGIOPLASTIA DE ARTERIA VISCERAL - POR VASO	1024.91	1024.91
40813118	ANGIOPLASTIA ARTERIAL OU VENOSA DE ANASTOMOSE VASCULAR DE FIGADO TRANSPLANTADO	1309.13	1309.13
40813126	ANGIOPLASTIA RENAL PARA TRATAMENTO DE HIPERTENSAO RENOVASCULAR OU OUTRA CONDICAO	1024.91	1024.91
40813134	ANGIOPLASTIA ARTERIAL OU VENOSA DE ANASTOMOSE VASCULAR DE RIM TRANSPLANTADO	999.12	999.12
40813142	ANGIOPLASTIA DE RAMOS HIPOGASTRICOS PARA TRATAMENTO DE IMPOTENCIA	889.45	889.45
40813150	ANGIOPLASTIA DE TRONCO VENOSO	751.02	751.02
40813169	ANGIOPLASTIA VENOSA PARA TRATAMENTO DE SINDROME DE BUDD-CHIARI	1214.16	1214.16
40813177	ANGIOPLASTIA TRANSLUMINAL PERCUTANEA	685.74	685.74
40813185	ANGIOPLASTIA TRANSLUMINAL PERCUTANEA PARA TRATAMENTO DE OBSTRUCAO ARTERIAL	874.31	874.31
40813193	COLOCACAO DE STENT EM RAMO INTRACRANIANO	1302.89	1302.89
40813207	COLOCACAO DE STENT EM TRONCO SUPRA-AORTICO	1020.02	1020.02
40813215	COLOCACAO DE STENT AORTICO	1024.91	1024.91
40813223	COLOCACAO DE STENT PARA TRATAMENTO DE SINDROME DE VCI	970.42	970.42
40813231	COLOCACAO DE CATETER VENOSO CENTRAL OU PORTOCATH	271.91	271.91
40813240	COLOCACAO DE FILTRO DE VCI PARA PREVENCAO DE TEP	805.99	805.99
40813258	COLOCACAO DE STENT EM ARTERIA VISCERAL - POR VASO	1257.48	1257.48
40813266	COLOCACAO DE STENT PARA TRATAMENTO DE OBSTRUCAO ARTERIAL OU VENOSA	1083.74	1083.74
40813274	COLOCACAO DE STENT REVESTIDO (STENT-GRAFT) PARA TRATAMENTO DE ANEURISMA PERIFERICO	1020.02	1020.02
40813282	COLOCACAO DE STENT REVESTIDO (STENT-GRAFT) PARA TRATAMENTO DE FISTULA ARTERIOVENOSA	1024.91	1024.91
40813290	COLOCACAO DE STENT EM ESTENOSE VASCULAR DE ENXERTO TRANSPLANTADO	1263.49	1263.49
40813304	COLOCACAO DE STENT EM TRAQUEIA OU BRONQUIO	690.56	690.56
40813312	COLOCACAO DE STENT ESOFAGIANO, DUODENAL OU COLONICO	690.50	690.50
40813320	COLOCACAO DE STENT BILIAR	792.38	792.38
40813339	COLOCACAO DE STENT RENAL	1122.89	1122.89
40813347	COLOCACAO PERCUTANEA DE CATETER PIELOVESICAL	747.32	747.32
40813355	COLOCACAO PERCUTANEA DE STENT VASCULAR	806.38	806.38
40813363	COLUNA VERTEBRAL INFILTRACAO FORAMINAL OU FACETAR A OU ARTICULAR	291.99	291.99
40813371	DILATACAO PERCUTANEA DE ESTENOSE BILIAR CICATRICIAL	685.74	685.74
40813380	DILATACAO PERCUTANEA DE ESTENOSE DE CONDUTO URINARIO	473.65	473.65
40813398	DILATACAO PERCUTANEA DE ESTENOSE DE DUCTO PANCREATICO	513.17	513.17
40813401	ATERECTOMIA PERCUTANEA ORIENTADA POR RX	1025.67	1025.67
40813410	DRENAGEM PERCUTANEA DE COLECAO PLEURAL	371.14	371.14
40813428	DRENAGEM PERCUTANEA DE PNEUMOTORAX	315.52	315.52
40813436	DRENAGEM DE ABSCESSO PULMONAR OU MEDIASTINAL	395.60	395.60
40813444	DRENAGEM MEDIASTINAL ORIENTADA POR RX OU TC	312.50	312.50
40813452	DRENAGEM PERCUTANEA DE COLECAO INFECTADA ABDOMINAL	380.03	380.03
40813460	DRENAGEM PERCUTANEA DE ABSCESSO HEPATICO OU PANCREATICO	409.58	409.58
40813479	DRENAGEM PERCUTANEA DE CISTO HEPATICO OU PANCREATICO	331.39	331.39
40813487	DRENAGEM PERCUTANEA DE VIA BILIAR	501.75	501.75
40813495	DRENAGEM PERCUTANEA DE CISTO RENAL	234.72	234.72
40813509	DRENAGEM PERCUTANEA DE ABSCESSO RENAL	328.53	328.53
40813517	DRENAGEM PERCUTANEA DE COLECAO INFECTADA PROFUNDA	346.81	346.81
40813525	DRENAGEM PERCUTANEA DE ABSCESSO RETROPERITONEAL OU PELVICO	395.60	395.60
40813533	DRENAGEM PERCUTANEA NAO ESPECIFICADA	403.43	403.43
40813541	EMBOLIZACAO DE ANEURISMA CEREBRAL POR OCLUSAO SACULAR - POR VASO	1411.83	1411.83
40813550	EMBOLIZACAO DE ANEURISMA CEREBRAL POR OCLUSAO VASCULAR - POR VASO	1128.26	1128.26
40813568	EMBOLIZACAO DE MALFORMACAO ARTERIOVENOSA CEREBRAL OU MEDULAR - POR VASO	1122.89	1122.89
40813576	EMBOLIZACAO DE FISTULA ARTERIOVENOSA EM CABECA, PESCOCO OU COLUNA - POR VASO	1083.74	1083.74
40813584	EMBOLIZACAO PARA TRATAMENTO DE EPISTAXE	786.06	786.06
40813592	EMBOLIZACAO DE ANEURISMA OU PSEUDOANEURISMA VISCERAL	1020.02	1020.02
40813606	EMBOLIZACAO BRONQUICA PARA TRATAMENTO DE HEMOPTISE	685.74	685.74
40813614	EMBOLIZACAO PULMONAR PARA TRATAMENTO DE FISTULA ARTERIOVENOSA OU OUTRA SITUACAO	1024.91	1024.91
40813622	EMBOLIZACAO DE VARIZES ESOFAGIANAS OU GASTRICAS	843.02	843.02
40813630	EMBOLIZACAO DE HEMORRAGIA DIGESTIVA	685.74	685.74
40813649	EMBOLIZACAO DE RAMO PORTAL	1128.26	1128.26
40813657	EMBOLIZACAO ESPLENICA PARA TRATAMENTO DE HIPERESPLENISMO OU OUTRA SITUACAO	689.02	689.02
40813665	EMBOLIZACAO ARTERIAL PARA TRATAMENTO DE PRIAPISMO	921.54	921.54
40813673	EMBOLIZACAO PARA TRATAMENTO DE IMPOTENCIA	613.49	613.49
40813681	EMBOLIZACAO DE RAMOS HIPOGASTRICOS PARA TRATAMENTO DE SANGRAMENTO GINECOLOGICO	754.64	754.64
40813690	EMBOLIZACAO SELETIVA DE FISTULA OU ANEURISMA RENAL PARA TRATAMENTO DE HEMATURIA	1020.02	1020.02
40813703	EMBOLIZACAO DE ARTERIA RENAL PARA NEFRECTOMIA	689.02	689.02
40813711	EMBOLIZACAO DE FISTULA ARTERIOVENOSA NAO ESPECIFICADA ACIMA - POR VASO	934.60	934.60
40813720	EMBOLIZACAO DE MALFORMACAO VASCULAR - POR VASO	1138.08	1138.08
40813738	EMBOLIZACAO DE PSEUDOANEURISMA - POR VASO	1020.02	1020.02
40813746	EMBOLIZACAO DE ARTERIA UTERINA PARA TRATAMENTO DE MIOMA OU OUTRAS SITUACOES	751.02	751.02
40813754	EMBOLIZACAO DE VEIA ESPERMATICA PARA TRATAMENTO DE VARICOCELE	685.74	685.74
40813789	EMBOLIZACAO DE TUMOR DE CABECA E PESCOCO	806.38	806.38
40813797	EMBOLIZACAO DE TUMOR DO APARELHO DIGESTIVO	1020.02	1020.02
40813800	EMBOLIZACAO DE TUMOR OSSEO OU DE PARTES MOLES	751.02	751.02
40813819	EMBOLIZACAO DE TUMOR NAO ESPECIFICADO	685.74	685.74
40813827	TRAQUEOTOMIA PERCUTANEA ORIENTADA POR RX OU TC	259.94	259.94
40813835	GASTROSTOMIA PERCUTANEA ORIENTADA POR RX OU TC	435.81	435.81
40813843	COLECISTOSTOMIA PERCUTANEA ORIENTADA POR RX, US OU TC	506.80	506.80
40813851	ESCLEROSE PERCUTANEA DE CISTO PANCREATICO	504.36	504.36
40813860	CELOSTOMIA PERCUTANEA ORIENTADA POR RX OU TC	421.71	421.71
40813878	NEFROSTOMIA PERCUTANEA ORIENTADA POR RX, US, TC OU RM	558.41	558.41
40813886	PIELOGRAFIA PERCUTANEA ORIENTADA POR RX, US, TC OU RM	229.90	229.90
40813894	EXERESE PERCUTANEA DE TUMOR BENIGNO ORIENTADA POR RX, US, TC OU RM	754.64	754.64
40813908	QUIMIOTERAPIA POR CATETER DE TUMOR DE CABECA E PESCOCO	378.45	378.45
40813916	QUIMIOEMBOLIZACAO PARA TRATAMENTO DE TUMOR HEPATICO	685.74	685.74
40813924	QUIMIOTERAPIA POR CATETER INTRA-ARTERIAL	500.56	500.56
40813932	TIPS - ANASTOMOSE PORTO-CAVA PERCUTANEA PARA TRATAMENTO DE HIPERTENSAO PORTAL	1024.91	1024.91
40813940	IMPLANTE DE ENDOPROTESE EM ANEURISMA DE AORTA ABDOMINAL OU TORACICA COM STENT REVESTIDO (STENT-GRAFT)	977.40	977.40
40813959	IMPLANTE DE ENDOPROTESE EM DISSECCAO DE AORTA ABDOMINAL OU TORACICA COM STENT REVESTIDO (STENT-GRAFT)	982.10	982.10
40813975	TRATAMENTO DO VASOESPASMO POS-TRAUMA	792.38	792.38
40813983	TROMBECTOMIA MECANICA PARA TRATAMENTO DE TEP	1257.48	1257.48
40813991	TROMBECTOMIA MECANICA VENOSA	1257.48	1257.48
40814017	TROMBECTOMIA MEDICAMENTOSA PARA TRATAMENTO DE TEP	1128.26	1128.26
40814025	TROMBOLISE MEDICAMENTOSA ARTERIAL OU VENOSA - POR VASO	965.77	965.77
40814033	TROMBOLISE MEDICAMENTOSA ARTERIAL OU VENOSA PARA TRATAMENTO DE ISQUEMIA MESENTERICA	970.42	970.42
40814041	TROMBOLISE MEDICAMENTOSA EM TRONCOS SUPRA-AORTICOS E INTRACRANIANOS	1020.02	1020.02
40814050	REPERMEABILIZACAO TUBARIA PARA TRATAMENTO DE INFERTILIDADE	1015.09	1015.09
40814068	RETIRADA PERCUTANEA DE CALCULOS BILIARES ORIENTADA POR RX, US OU TC	626.48	626.48
40814076	RETIRADA PERCUTANEA DE CALCULOS RENAIS ORIENTADA POR RX, US OU TC	615.11	615.11
40814084	RETIRADA PERCUTANEA DE CORPO ESTRANHO INTRAVASCULAR	848.84	848.84
40814092	OSTEOPLASTIA OU DISCECTOMIA PERCUTANEA (VERTEBROPLASTIA E OUTRAS)	570.03	570.03
40814106	DISCOGRAFIA	223.35	223.35
40814114	LITOTRIPSIA MECANICA DE CALCULOS RENAIS ORIENTADA POR RX OU US	1402.77	1402.77
40814130	SINUSOGRAFIA (ABSCESSOGRAFIA)	203.10	203.10
40814149	PARACENTESE ORIENTADA POR RX OU US	190.35	190.35
40814157	MANIPULACAO DE DRENOS POS-DRENAGEM (ORIENTADA POR RX, TC, US OU RM)	164.50	164.50
40814165	ESCLEROSE PERCUTANEA DE NODULOS BENIGNOS DIRIGIDA POR RX, US, TC, RM	532.51	532.51
40814190	EMBOLIZACAO DAS ARTERIAS PROSTATICAS, POR VASO	379.97	379.97
40814211	RADIOEMBOLIZACAO HEPATICA	614.93	614.93
40814220	TROMBECTOMIA NO ACIDENTE VASCULAR CEREBRAL AVC ISQUEMICO AGUDO	1278.81	1278.81
40901017	US - GLOBO OCULAR - BILATERAL	159.44	159.44
40901025	US - GLOBO OCULAR COM DOPPLER COLORIDO - BILATERAL	186.76	186.76
40901033	US - GLANDULAS SALIVARES TODAS	86.93	86.93
40901041	US - TORACICO EXTRACARDIACO	67.73	67.73
40901050	ECODOPPLERCARDIOGRAMA COM CONTRASTE INTRACAVITARIO	262.68	262.68
40901068	ECODOPPLERCARDIOGRAMA COM CONTRASTE PARA PERFUSAO MIOCARDICA - EM REPOUSO	600.72	600.72
40901076	ECODOPPLERCARDIOGRAMA COM ESTRESSE FARMACOLOGICO	411.90	411.90
40901084	ECODOPPLERCARDIOGRAMA FETAL COM MAPEAMENTO DE FLUXO EM CORES - POR FETO	216.98	216.98
40901092	ECODOPPLERCARDIOGRAMA TRANSESOFAGICO (INCLUI TRANSTORACICO)	411.90	411.90
40901106	ECODOPPLERCARDIOGRAMA TRANSTORACICO	293.11	293.11
40901114	US - MAMAS	83.04	83.04
40901122	US - ABDOME TOTAL ABDOME SUPERIOR, RINS, BEXIGA, AORTA, VEIA CAVA INFERIOR E ADRENAIS	167.62	167.62
40901130	US - ABDOME SUPERIOR FIGADO, VIAS BILIARES, VESICULA, PANCREAS E BACO	117.21	117.21
40901149	US - RETROPERITONIO GRANDES VASOS OU ADRENAIS	132.89	132.89
40901173	US - ABDOME INFERIOR MASCULINO (BEXIGA, PROSTATA E VESICULAS SEMINAIS)	50.49	50.49
40901181	US - ABDOME INFERIOR FEMININO (BEXIGA, UTERO, OVARIO E ANEXOS)	50.49	50.49
40901190	US - DERMATOLOGICO - PELE E SUBCUTANEO	86.93	86.93
40901203	US - ORGAOS SUPERFICIAIS (TIREOIDE OU ESCROTO OU PENIS OU CRANIO)	83.04	83.04
40901211	US - ESTRUTURAS SUPERFICIAIS CERVICAL OU AXILA OU MUSCULO OU TENDAO	50.70	50.70
40901220	US - ARTICULAR POR ARTICULACAO	98.10	98.10
40901238	US - OBSTETRICA	72.71	72.71
40901246	US - OBSTETRICA COM DOPPLER COLORIDO	158.04	158.04
40901254	US - OBSTETRICA COM TRANSLUCENCIA NUCAL	148.47	148.47
40901262	US - OBSTETRICA MORFOLOGICA	139.04	139.04
40901270	US - OBSTETRICA GESTACAO MULTIPLA: CADA FETO	78.28	78.28
40901289	US - OBSTETRICA GESTACAO MULTIPLA COM DOPPLER COLORIDO CADA FETO	90.54	90.54
40901297	US - OBSTETRICA 1A TRIMESTRE ENDOVAGINAL	164.99	164.99
40901300	US - TRANSVAGINAL (UTERO, OVARIO, ANEXOS E VAGINA)	98.18	98.18
40901319	US - TRANSVAGINAL PARA CONTROLE DE OVULACAO 3 OU MAIS EXAMES	231.83	231.83
40901327	US - HISTEROSSONOGRAFIA	240.69	240.69
40901335	US - PROSTATA TRANSRETAL NAO INCLUI ABDOME INFERIOR MASCULINO	149.48	149.48
40901351	DOPPLER COLORIDO TRANSFONTANELA	195.10	195.10
40901360	DOPPLER COLORIDO DE VASOS CERVICAIS ARTERIAIS BILATERAL CAROTIDAS E VERTEBRAIS	133.70	133.70
40901378	DOPPLER COLORIDO DE VASOS CERVICAIS VENOSOS BILATERAL SUBCLAVIAS E JUGULARES	133.70	133.70
40901386	DOPPLER COLORIDO DE ORGAO OU ESTRUTURA ISOLADA	72.13	72.13
40901394	DOPPLER COLORIDO DE AORTA E ARTERIAS RENAIS	207.35	207.35
40901408	DOPPLER COLORIDO DE AORTA E ILIACAS	207.35	207.35
40901416	DOPPLER COLORIDO DE ARTERIAS VISCERAIS MESENTERICAS SUPERIOR E INFERIOR E TRONCO CELIACO	207.35	207.35
40901424	DOPPLER COLORIDO DE HEMANGIOMA	181.39	181.39
40901432	DOPPLER COLORIDO DE VEIA CAVA SUPERIOR OU INFERIOR	207.35	207.35
40901440	DOPPLER COLORIDO PENIANO COM FARMACO-INDUCAO	260.42	260.42
40901459	DOPPLER COLORIDO ARTERIAL DE MEMBRO SUPERIOR - UNILATERAL	156.45	156.45
40901467	DOPPLER COLORIDO VENOSO DE MEMBRO SUPERIOR - UNILATERAL	156.45	156.45
40901475	DOPPLER COLORIDO ARTERIAL DE MEMBRO INFERIOR - UNILATERAL	156.45	156.45
40901483	DOPPLER COLORIDO VENOSO DE MEMBRO INFERIOR - UNILATERAL	156.45	156.45
40901505	US - OBSTETRICA PERFIL BIOFISICO FETAL	126.01	126.01
40901513	DOPPLER COLORIDO DE ARTERIAS PENIANAS SEM FARMACO INDUCAO	34.64	34.64
40901521	ULTRA-SONOGRAFIA BIOMICROSCOPICA - MONOCULAR	64.57	64.57
40901530	ULTRA-SONOGRAFIA DIAGNOSTICA - MONOCULAR	84.12	84.12
40901548	DOPPLER CONVENCIONAL ORGAO/ESTRUTURA ISOLADA	35.94	35.94
40901556	ECOCARDIOGRAFIA FETAL GESTACAO MULTIPLA	690.67	690.67
40901572	ULTRASSOM COM DOPPLER ABDOME TOTAL E PELVE FEMININO	167.60	167.60
40901602	DOPPLER TRANSCRANIANO	316.09	316.09
40901610	US - CRANIO PARA CRIANCA	80.78	80.78
40901629	US - ECODOPPLERCARDIOGRAMA COM ANALISE DO SINCRONISMO CARDIACO	284.81	284.81
40901637	US - ECOCARDIOGRAMA COM DOPPLER CONVENCIONAL - ARTERIAS	292.80	292.80
40901645	US - ECOCARDIOGRAMA COM DOPPLER CONVENCIONAL - CAROTIDAS	292.80	292.80
40901653	US - ECOCARDIOGRAMA COM DOPPLER TECIDUAL PARA RESSINCRONIZACAO	284.81	284.81
40901661	US - ECODOPPLER DE CAROTIDAS	131.97	131.97
40901696	US - ECODOPPLERCARDIOGRAMA COM ESTRESSE FISICO	411.90	411.90
40901718	ECODOPPLERCARDIOGRAMA PARA AJUSTE DE MARCA-PASSO	284.81	284.81
40901742	US - TRANSRETAL RADIAL	106.32	106.32
40901750	US - PROSTATA VIA ABDOMINAL	105.35	105.35
40901769	US - APARELHO URINARIO RINS, URETERES E BEXIGA	105.35	105.35
40901815	US - ORGAO OU ESTRUTURA ISOLADA COM CONTRATE MICROBOLHAS	35.94	35.94
40901823	US - VASCULAR COM CONTRASTE MICROBOLHAS	35.94	35.94
40901858	US - PESQUISA DE ENDOMETRIOSE	98.18	98.18
40902013	US - OBSTETRICA: COM AMNIOCENTESE	83.93	83.93
40902021	US - OBSTETRICA 1A TRIMESTRE COM PUNCAO: BIOPSIA OU ASPIRATIVA	300.96	300.96
40902030	US - PROSTATA TRANSRETAL COM BIOPSIA - ATE 8 FRAGMENTOS	296.92	296.92
40902048	US - PROSTATA TRANSRETAL COM BIOPSIA - MAIS DE 8 FRAGMENTOS	356.94	356.94
40902056	US - INTRA-OPERATORIO	258.55	258.55
40902064	DOPPLER COLORIDO INTRA-OPERATORIO	193.73	193.73
40902072	ECODOPPLERCARDIOGRAMA TRANSOPERATORIO (TRANSESOFAGICO OU EPICARDICO) (1A HORA)	217.87	217.87
40902080	ECODOPPLERCARDIOGRAMA TRANSOPERATORIO (TRANSESOFAGICO OU EPICARDICO) - POR HORA SUPLEMENTAR	57.46	57.46
40902110	DRENAGEM PERCUTANEA ORIENTADA POR US (ACRESCENTAR O EXAME DE BASE)	262.32	262.32
40902129	REDUCAO DE INVAGINACAO INTESTINAL POR ENEMA, ORIENTADA POR US (ACRESCENTAR O EXAME DE BASE)	122.97	122.97
40902137	MONITORIZACAO POR DOPPLER TRANSCRANIANO	195.10	195.10
41001010	TC - CRANIO OU SELA TURCICA OU ORBITAS	251.30	251.30
41001028	TC - MASTOIDES OU ORELHAS	309.26	309.26
41001036	TC - FACE OU SEIOS DA FACE	260.08	260.08
41001044	TC - ARTICULACOES TEMPOROMANDIBULARES	260.08	260.08
41001060	TC - PESCOCO (PARTES MOLES, LARINGE, TIREOIDE, FARINGE E GLANDULAS SALIVARES)	309.26	309.26
41001079	TC - TORAX	309.26	309.26
41001095	TC - ABDOME TOTAL (ABDOME SUPERIOR, PELVE E RETROPERITONIO)	525.71	525.71
41001109	TC - ABDOME SUPERIOR	309.26	309.26
41001117	TC - PELVE OU BACIA	309.26	309.26
41001125	TC - COLUNA CERVICAL OU DORSAL OU LOMBO-SACRA (ATE 3 SEGMENTOS)	251.30	251.30
41001133	TC - COLUNA - SEGMENTO ADICIONAL	60.93	60.93
41001141	TC - ARTICULACAO (ESTERNOCLAVICULAR OU OMBRO OU CO OVELO OU PUNHO OU SACROILIACAS OU COXOFEMORAL OU JOELHO OU TORNOZELO OU PE) - UNILATERAL	309.26	309.26
41001150	TC - SEGMENTO APENDICULAR (BRACO OU ANTEBRACO OU MAO OU COXA OU PERNA OU PE) - UNILATERAL	309.26	309.26
41001176	ANGIOTOMOGRAFIA DE AORTA TORACICA	459.45	459.45
41001184	ANGIOTOMOGRAFIA DE AORTA ABDOMINAL	459.45	459.45
41001192	TC - ESCANOMETRIA DIGITAL	108.95	108.95
41001338	TC - RADIOCIRURGIA ESTEROTAXICA	257.63	257.63
41001370	ANGIOTOMOGRAFIA ARTERIAL DE CRANIO	459.45	459.45
41001389	ANGIOTOMOGRAFIA VENOSA DE CRANIO	459.45	459.45
41001397	ANGIOTOMOGRAFIA ARTERIAL DE PESCOCO	459.45	459.45
41001400	ANGIOTOMOGRAFIA VENOSA DE PESCOCO	459.45	459.45
41001419	ANGIOTOMOGRAFIA ARTERIAL DE TORAX	459.45	459.45
41001427	ANGIOTOMOGRAFIA VENOSA DE TORAX	459.45	459.45
41001435	ANGIOTOMOGRAFIA ARTERIAL DE ABDOME SUPERIOR	459.45	459.45
41001443	ANGIOTOMOGRAFIA VENOSA DE ABDOME SUPERIOR	459.45	459.45
41001451	ANGIOTOMOGRAFIA ARTERIAL DE PELVE	459.45	459.45
41001460	ANGIOTOMOGRAFIA VENOSA DE PELVE	459.45	459.45
41001478	ANGIOTOMOGRAFIA ARTERIAL DE MEMBRO INFERIOR	459.45	459.45
41001516	ANGIOTOMOGRAFIA ARTERIAL PULMONAR	459.45	459.45
41001524	ANGIOTOMOGRAFIA VENOSA PULMONAR	459.45	459.45
41001532	TC PARA PLANEJAMENTO ONCOLOGICO	244.82	244.82
41002016	TOMOMIELOGRAFIA (ATE 3 SEGMENTOS) - ACRESCENTAR A TC DA COLUNA E INCLUIR A PUNCAO	54.12	54.12
41002032	DRENAGEM PERCUTANEA ORIENTADA POR TC (ACRESCENTAR O EXAME DE BASE)	217.71	217.71
41101014	RM - CRANIO (ENCEFALO)	556.63	556.63
41101022	RM - SELA TURCICA (HIPOFISE)	497.93	497.93
41101030	RM - BASE DO CRANIO	556.63	556.63
41101057	PERFUSAO CEREBRAL POR RM	193.83	193.83
41101065	ESPECTROSCOPIA POR RM	193.83	193.83
41101073	RM - ORBITA BILATERAL	497.93	497.93
41101081	RM - OSSOS TEMPORAIS BILATERAL	556.63	556.63
41101090	RM - FACE (INCLUI SEIOS DA FACE)	497.93	497.93
41101103	RM - ARTICULACAO TEMPOROMANDIBULAR (BILATERAL)	556.63	556.63
41101111	RM - PESCOCO (NASOFARINGE, OROFARINGE, LARINGE, TRAQUEIA, TIREOIDE, PARATIREOIDE)	556.63	556.63
41101120	RM - TORAX (MEDIASTINO, PULMAO, PAREDE TORACICA)	556.63	556.63
41101138	RM - CORACAO - MORFOLOGICO E FUNCIONAL	556.63	556.63
41101146	RM - CORACAO - MORFOLOGICO E FUNCIONAL + PERFUSAO + ESTRESSE	696.74	696.74
41101154	RM - CORACAO - MORFOLOGICO E FUNCIONAL + PERFUSAO + VIABILIDADE MIOCARDICA	747.85	747.85
41101170	RM - ABDOME SUPERIOR (FIGADO, PANCREAS, BACO, RINS, SUPRA-RENAIS, RETROPERITONIO)	556.63	556.63
41101189	RM - PELVE (NAO INCLUI ARTICULACOES COXOFEMORAIS)	584.29	584.29
41101197	RM - FETAL	556.68	556.68
41101200	RM - PENIS	543.65	543.65
41101219	RM - BOLSA ESCROTAL	543.65	543.65
41101227	RM - COLUNA CERVICAL OU DORSAL OU LOMBAR	556.63	556.63
41101235	RM - FLUXO LIQUORICO (COMO COMPLEMENTAR)	225.23	225.23
41101243	RM - PLEXO BRAQUIAL (DESFILADEIRO TORACICO) OU LOMBOSSACRAL (NAO INCLUI COLUNA CERVICAL OU LOMBAR)	556.63	556.63
41101251	RM - MEMBRO SUPERIOR UNILATERAL (NAO INCLUI MAO E ARTICULACOES)	556.63	556.63
41101260	RM - MAO (NAO INCLUI PUNHO)	556.63	556.63
41101278	RM - BACIA (ARTICULACOES SACROILIACAS)	556.63	556.63
41101286	RM - COXA (UNILATERAL)	556.63	556.63
41101294	RM - PERNA (UNILATERAL)	556.63	556.63
41101308	RM - PE (ANTEPE) - NAO INCLUI TORNOZELO	556.63	556.63
41101316	RM - ARTICULAR (POR ARTICULACAO)	497.93	497.93
41101332	ANGIO-RM DE AORTA TORACICA	520.06	520.06
41101340	ANGIO-RM DE AORTA ABDOMINAL	520.06	520.06
41101359	HIDRO-RM (COLANGIO-RM OU URO-RM OU MIELO-RM OU SIALO-RM OU CISTOGRAFIA POR RM)	497.93	497.93
41101383	RM - RECONSTRUCAO TRIDIMENSIONAL - ACRESCENTAR AO EXAME DE BASE	140.77	140.77
41101480	RM - MAMA (BILATERAL)	821.05	821.05
41101499	ANGIO-RM ARTERIAL PULMONAR	556.62	556.62
41101502	ANGIO-RM VENOSA PULMONAR	556.62	556.62
41101510	ANGIO-RM ARTERIAL DE ABDOME SUPERIOR	556.62	556.62
41101529	ANGIO-RM VENOSA DE ABDOME SUPERIOR	556.62	556.62
41101537	ANGIO-RM ARTERIAL DE CRANIO	556.62	556.62
41101545	ANGIO-RM VENOSA DE CRANIO	556.62	556.62
41101553	ANGIO-RM ARTERIAL DE MEMBRO INFERIOR (UNILATERAL)	556.62	556.62
41101596	ANGIO-RM ARTERIAL DE PELVE	556.62	556.62
41101600	ANGIO-RM VENOSA DE PELVE	556.62	556.62
41101618	ANGIO-RM ARTERIAL DE PESCOCO	556.62	556.62
41101626	ANGIO-RM VENOSA DE PESCOCO	556.62	556.62
41101634	RM - ENDORRETAL	511.06	511.06
41101669	RM PARA PLANEJAMENTO ONCOLOGICO	299.40	299.40
41102010	ARTRO-RM (INCLUIR A PUNCAO ARTICULAR) - POR ARTICULACAO	520.06	520.06
41203011	BETATERAPIA (PLACA DE ESTRONCIO) - POR CAMPO	38.88	38.88
41203020	RADIOCIRURGIA (RTC) - NIVEL 1, LESAO UNICA E/OU UM ISOCENTRO - POR TRATAMENTO	13914.83	13914.83
41203038	RADIOCIRURGIA (RTC) - NIVEL 2, DUAS LESOES E/OU DOIS A QUATRO ISOCENTROS - POR TRATAMENTO	16298.71	16298.71
41203046	RADIOCIRURGIA (RTC) - NIVEL 3, TRES LESOES E/OU DE MAIS DE QUATRO ISOCENTROS - POR TRATAMENTO	18884.58	18884.58
41203054	RADIOTERAPIA COM MODULACAO DA INTENSIDADE DO FEIXE IMRT - POR TRATAMENTO	14141.07	14141.07
41203062	RADIOTERAPIA CONFORMADA TRIDIMENSIONAL (RCT-3D) COM ACELERADOR LINEAR - POR TRATAMENTO	14581.62	14581.62
41203070	RADIOTERAPIA CONVENCIONAL DE MEGAVOLTAGEM COM ACELERADOR LINEAR COM FOTONS E ELETRONS - POR CAMPO	60.41	60.41
41203089	RADIOTERAPIA CONVENCIONAL DE MEGAVOLTAGEM COM ACELERADOR LINEAR SO COM FOTONS - POR CAMPO	60.41	60.41
41203097	RADIOTERAPIA CONVENCIONAL DE MEGAVOLTAGEM COM UNIDADE DE TELECOBALTO - POR CAMPO	51.77	51.77
41203100	RADIOTERAPIA DE CORPO INTEIRO - POR TRATAMENTO	4862.74	4862.74
41203119	RADIOTERAPIA DE MEIO CORPO (HBI) - POR DIA DE TRATAMENTO	560.68	560.68
41203127	RADIOTERAPIA DE PELE TOTAL (TSI) - POR TRATAMENTO	14183.42	14183.42
41203135	RADIOTERAPIA ESTEREOTATICA - 1 DIA DE TRATAMENTO	11013.99	11013.99
41203143	RADIOTERAPIA ESTEREOTATICA - POR DIA SUBSEQUENTE	552.65	552.65
41203151	RADIOTERAPIA EXTERNA DE ORTOVOLTAGEM (ROENTGENTERAPIA) - POR CAMPO	40.96	40.96
41203160	RADIOTERAPIA INTRA-OPERATORIA IORT - POR TRATAMENTO	7131.07	7131.07
41203178	RADIOTERAPIA ROTATORIA COM ACELERADOR LINEAR COM FOTONS E ELETRONS - POR VOLUME TRATADO E POR DIA	330.20	330.20
41203186	RADIOTERAPIA ROTATORIA COM ACELERADOR LINEAR SO COM FOTONS - POR VOLUME TRATADO E POR DIA	315.70	315.70
41203194	RADIOTERAPIA ROTATORIA COM UNIDADE DE COBALTO - POR VOLUME TRATADO E POR DIA	303.79	303.79
41203208	SANGUES E DERIVADOS (POR UNIDADE)	163.93	163.93
41203216	RADIOTERAPIA INTRA-OPERATORIA POR ELETRONS IOERT - POR TRATAMENTO	7131.05	7131.05
41204018	COLIMACAO INDIVIDUAL - 1 POR INCIDENCIA PLANEJADA	267.83	267.83
41204026	FILME DE VERIFICACAO (CHEQUE-FILME) - 1 POR INCIDENCIA PLANEJADA/SEMANA - FILME A PARTE	42.46	42.46
41204034	PLANEJAMENTO DE TRATAMENTO COMPUTADORIZADO - 1 POR VOLUME TRATADO	340.20	340.20
41204042	PLANEJAMENTO DE TRATAMENTO COMPUTADORIZADO TRIDIMENSIONAL - 1 POR VOLUME TRATADO	1908.31	1908.31
41204050	PLANEJAMENTO DE TRATAMENTO SIMPLES (NAO COMPUTADORIZADO) - 1 POR VOLUME TRATADO	267.83	267.83
41204069	SIMULACAO DE TRATAMENTO COMPLEXA (COM TOMOGRAFIA E COM CONTRASTE) - 1 POR VOLUME TRATADO	404.32	404.32
41204077	SIMULACAO DE TRATAMENTO INTERMEDIARIA (COM TOMOGRAFIA) - 1 POR VOLUME TRATADO	326.52	326.52
41204085	SIMULACAO DE TRATAMENTO SIMPLES (SEM TOMOGRAFIA COMPUTADORIZADA) - 1 POR VOLUME TRATADO	267.68	267.68
41204093	SISTEMAS DE IMOBILIZACAO - CABECA (MASCARAS) OU MEMBROS - 1 POR TRATAMENTO	242.58	242.58
41204107	SISTEMAS DE IMOBILIZACAO - TORAX, ABDOME OU PELVIS - 1 POR TRATAMENTO	493.37	493.37
41205014	BRAQUITERAPIA ENDOLUMINAL DE ALTA TAXA DE DOSE (BATD) - POR INSERCAO	3404.81	3404.81
41205022	BRAQUITERAPIA ENDOLUMINAL DE BAIXA TAXA DE DOSE (BBTD) - POR INSERCAO	1418.23	1418.23
41205030	BRAQUITERAPIA INTERSTICIAL DE ALTA TAXA DE DOSE (BATD) - POR INSERCAO	3404.81	3404.81
41205049	BRAQUITERAPIA INTERSTICIAL DE BAIXA TAXA DE DOSE (BBTD) - COM CESIO - POR INSERCAO	2200.80	2200.80
41205057	BRAQUITERAPIA INTERSTICIAL DE BAIXA TAXA DE DOSE (BBTD) PERMANENTE DE PROSTATA - POR TRATAMENTO	10894.65	10894.65
41205065	BRAQUITERAPIA INTERSTICIAL DE BAIXA TAXA DE DOSE (BBTD) COM OURO, IRIDIO OU IODO - POR TRATAMENTO	3215.69	3215.69
41205073	BRAQUITERAPIA INTRACAVITARIA DE ALTA TAXA DE DOSE (BATD) - POR INSERCAO	3404.81	3404.81
41205081	BRAQUITERAPIA INTRACAVITARIA DE BAIXA TAXA DE DOSE (BBTD) COM CESIO - POR INSERCAO	1560.05	1560.05
41205090	BRAQUITERAPIA OFTALMICA DE BAIXA TAXA DE DOSE (BBTD) - POR INSERCAO	2709.90	2709.90
41205103	BRAQUITERAPIA POR MOLDAGEM OU CONTATO DE BAIXA TAXA DE DOSE (BBTD) COM CESIO - POR INSERCAO	1844.06	1844.06
41205111	BRAQUITERAPIA POR MOLDAGEM OU CONTATO DE BAIXA TAXA DE DOSE (BBTD) COM OURO, IRIDIO OU IODO - POR TRATAMENTO	3863.51	3863.51
41205120	BRAQUITERAPIA POR MOLDAGEM OU CONTATO, DE ALTA TAXA DE DOSE (BATD) - POR INSERCAO	3404.81	3404.81
41206010	FILME DE VERIFICACAO (CHEQUE-FILME) DE BRAQUITERAPIA - 2 POR INSERCAO - FILME A PARTE	42.46	42.46
41206029	COLOCACAO OU RETIRADA DA PLACA OFTALMICA - 1 COLOCACAO E 1 RETIRADA POR TRATAMENTO	574.06	574.06
41206037	COLOCACAO OU RETIRADA DOS CATETERES - 1 COLOCACAO E 1 RETIRADA POR INSERCAO	652.48	652.48
41206045	PLANEJAMENTO COMPUTADORIZADO DE BRAQUITERAPIA - 1 POR INSERCAO	448.51	448.51
41206053	PLANEJAMENTO COMPUTADORIZADO TRIDIMENSIONAL DE BRAQUITERAPIA - 1 POR INSERCAO	915.05	915.05
41206061	PLANEJAMENTO NAO-COMPUTADORIZADO DE BRAQUITERAPIA - 1 POR INSERCAO	250.75	250.75
41206070	SIMULACAO DE BRAQUITERAPIA - 1 POR INSERCAO	308.54	308.54
41301013	ANGIOFLUORESCEINOGRAFIA - MONOCULAR	81.64	81.64
41301021	ANGIOGRAFIA COM INDOCIANINA VERDE - MONOCULAR	69.76	69.76
41301030	AVALIACAO ORBITO-PALPEBRAL-EXOFTALMOMETRIA - BINOCULAR	23.82	23.82
41301048	BIOIMPEDANCIOMETRIA (AMBULATORIAL) EXAME	14.87	14.87
41301056	BIOPSIA DO VILO CORIAL	85.98	85.98
41301064	CALORIMETRIA INDIRETA (AMBULATORIAL) EXAME	15.63	15.63
41301072	CAMPIMETRIA MANUAL - MONOCULAR	20.63	20.63
41301080	CERATOSCOPIA COMPUTADORIZADA - MONOCULAR	99.17	99.17
41301099	COLETA DE MATERIAL CERVICO-VAGINAL	8.68	8.68
41301102	COLPOSCOPIA (CERVICE UTERINA E VAGINA)	31.93	31.93
41301110	CORDOCENTESE	85.99	85.99
41301129	CURVA TENSIONAL DIARIA - BINOCULAR	49.58	49.58
41301145	ERECAO FARMACO-INDUZIDA	32.23	32.23
41301153	ESTEREO-FOTO DE PAPILA - MONOCULAR	31.72	31.72
41301161	ESTESIOMETRIA (POR MEMBRO)	14.33	14.33
41301170	AVALIACAO DE VIAS LACRIMAIS (TESTE DE SCHIRMER) - MONOCULAR	31.72	31.72
41301188	EXAME A FRESCO DO CONTEUDO VAGINAL E CERVICAL	13.94	13.94
41301200	EXAME DE MOTILIDADE OCULAR (TESTE ORTOPTICO) - BINOCULAR	23.97	23.97
41301218	EXAME MICOLOGICO - CULTURA E IDENTIFICACAO DE COLONIA	9.76	9.76
41301226	EXAME MICOLOGICO DIRETO (POR LOCAL)	8.04	8.04
41301242	GONIOSCOPIA - BINOCULAR	49.58	49.58
41301250	MAPEAMENTO DE RETINA OFTALMOSCOPIA INDIRETA - MONOCULAR	27.50	27.50
41301269	MICROSCOPIA ESPECULAR DE CORNEA - MONOCULAR	138.87	138.87
41301277	OFTALMODINAMOMETRIA - MONOCULAR	13.74	13.74
41301285	PENISCOPIA (INCLUI BOLSA ESCROTAL)	38.92	38.92
41301307	POTENCIAL DE ACUIDADE VISUAL - MONOCULAR	19.83	19.83
41301315	RETINOGRAFIA (SO HONORARIO) MONOCULAR	23.31	23.31
41301323	TONOMETRIA - BINOCULAR	13.74	13.74
41301331	TRICOGRAMA	19.95	19.95
41301340	URODINAMICA COMPLETA	161.07	161.07
41301358	UROFLUXOMETRIA	45.09	45.09
41301366	VISAO SUBNORMAL - MONOCULAR	47.60	47.60
41301374	VULVOSCOPIA (VULVA E PERINEO)	31.93	31.93
41301382	CAPILAROSCOPIA PERIUNGUEAL	77.78	77.78
41301390	COLETA DE RASPADO DERMICO EM LESOES E SITIOS ESPECIFICOS PARA BACILOSCOPIA	4.80	4.80
41301420	BIOMICROSCOPIA DE FUNDO	50.00	50.00
41301439	FUNDOSCOPIA SOB MEDRIASES - BINOCULAR	17.65	17.65
41301447	GLARE (BAT) - BINOCULAR	23.82	23.82
41301463	TRIAGEM AUDITIVA NEONATAL/INFANTIL	51.76	51.76
41301471	TESTE DO REFLEXO VERMELHO EM RECEM NATO (TESTE DO OLHINHO)	28.88	28.88
41301528	CAUTERIZACAO DE ALTA FREQUENCIA EM SISTEMA GENITAL E REPRODUTOR FEMININO	376.74	376.74
41301536	COLPOSCOPIA ANAL	29.97	29.97
41301544	COLPOSCOPIA POR VIDEO	29.97	29.97
41301552	VULVOSCOPIA POR VIDEO	29.97	29.97
41301560	CAMPIMETRIA BLUE-YELLOW PERIMETRIA AZUL AMARELO	20.63	20.63
41401042	PROVA DE AUTO-ROTACAO CEFALICA	57.52	57.52
41401050	PROVA DE LOMBARD	13.28	13.28
41401069	PROVAS IMUNO-ALERGICAS PARA BACTERIAS (POR ANTIGENO)	24.15	24.15
41401077	PROVAS IMUNO-ALERGICAS PARA FUNGOS (POR ANTIGENO)	24.15	24.15
41401085	TESTE DA HISTAMINA (DUAS AREAS TESTADAS)	8.68	8.68
41401093	TESTE DE ADAPTACAO PATOLOGICA (TONE DECAY TEST)	19.95	19.95
41401107	TESTE DE BRONCOPROVOCACAO	73.12	73.12
41401131	TESTE DE EQUILIBRIO PERITONEAL (PET)	26.57	26.57
41401166	TESTE DE EXERCICIO EM ERGOMETRO COM REALIZACAO DE GASOMETRIA ARTERIAL	26.43	26.43
41401174	TESTE DE EXERCICIO EM ERGOMETRO COM MONITORIZACAO DA FREQUENCIA CARDIACA	71.00	71.00
41401182	TESTE DE EXERCICIO EM ERGOMETRO COM MONITORIZACAO DO ELETROCARDIOGRAMA	71.00	71.00
41401190	TESTE DE EXERCICIO EM ERGOMETRO COM MEDIDA DE GASES EXPIRADOS TESTE CARDIOPULMONAR DE EXERCICIO COM QUALQUER ERGOMETRO	197.25	197.25
41401204	TESTE DE EXERCICIO EM ERGOMETRO COM MEDIDA DE GASES EXPIRADOS E ELETROCARDIOGRAMA	197.25	197.25
41401212	TESTE DE GLICEROL (COM AUDIOMETRIA TONAL LIMIAR PRE E POS)	46.01	46.01
41401220	TESTE DE GLICEROL (COM ELETROCOCLEOGRAFIA PRE E POS)	268.45	268.45
41401239	TESTE DE HILGER PARA PARALISIA FACIAL	26.82	26.82
41401247	TESTE DE HUHNER	13.28	13.28
41401255	TESTE DE MITSUDA	7.22	7.22
41401263	TESTE DE PROTESE AUDITIVA	57.52	57.52
41401271	TESTE DE SENSIBILIDADE DE CONTRASTE OU DE CORES - MONOCULAR	23.82	23.82
41401280	TESTE DE SISI	13.28	13.28
41401298	TESTE PARA BRONCOESPASMO DE EXERCICIO	73.12	73.12
41401301	TESTE PROVOCATIVO PARA GLAUCOMA - BINOCULAR	13.74	13.74
41401360	TESTES CUTANEO-ALERGICOS PARA ALERGENOS DA POEIRA	24.15	24.15
41401379	TESTES CUTANEO-ALERGICOS PARA ALIMENTOS	24.15	24.15
41401387	TESTES CUTANEO-ALERGICOS PARA FUNGOS	24.15	24.15
41401395	TESTES CUTANEO-ALERGICOS PARA INSETOS HEMATOFAGOS	24.15	24.15
41401409	TESTES CUTANEO-ALERGICOS PARA POLENS	24.15	24.15
41401425	TESTES DE CONTATO - ATE 30 SUBSTANCIAS	27.91	27.91
41401433	TESTES DE CONTATO - POR SUBSTANCIA, ACIMA DE 30	6.98	6.98
41401441	TESTES DE CONTATO POR FOTOSSENSIBILIZACAO - ATE 30 SUBSTANCIAS	60.18	60.18
41401450	TESTES DE CONTATO POR FOTOSENSSIBILIZACAO - POR SUBSTANCIA, ACIMA DE 30	6.98	6.98
41401476	TESTES VESTIBULARES, COM PROVA CALORICA, COM ELETRONISTAGMOGRAFIA	57.52	57.52
41401484	TESTES VESTIBULARES, COM PROVA CALORICA, SEM ELETRONISTAGMOGRAFIA	30.67	30.67
41401492	TESTES VESTIBULARES, COM VECTO-ELETRONISTAGMOGRAFIA	95.88	95.88
41401514	OXIMETRIA NAO INVASIVA	14.54	14.54
41401522	TESTE CUTANEO-ALERGICOS PARA LATEX	24.15	24.15
41401530	TESTE CUTANEO-ALERGICOS EPITELIS DE ANIMAIS	25.78	25.78
41401581	TESTE DE HEALD	9.93	9.93
41401603	TESTE DE TELLER - BINOCULAR	59.51	59.51
41401620	TESTE SENSIBILIDADE AO SAL	21.47	21.47
41401646	TESTES CUTANEOS DE CONTATO (PATCH TESTS)	27.91	27.91
41401743	TESTE DE INTEGRIDADE DO IMPLANTE COCLEAR UNILATERAL	120.82	120.82
41401751	TESTE DE CONTATO BATERIA COSMETICOS	27.91	27.91
41401760	TESTE DE CONTATO BATERIA REGIONAL	20.91	20.91
41401778	TESTE DE CONTATO BATERIA CAPILAR	27.91	27.91
41401786	TESTE DE CONTATO BATERIA UNHAS	27.91	27.91
41401794	TESTE DE CONTATO BATERIA MEDICAMENTOS/CORTICOIDES	20.91	20.91
41401808	TESTE DE CONTATO BATERIA AGENTES OCUPACIONAIS	27.91	27.91
41501012	BIOMETRIA ULTRA-SONICA - MONOCULAR	59.51	59.51
41501020	CAVERNOSOMETRIA	187.51	187.51
41501047	DOPPLERMETRIA DOS CORDOES ESPERMATICOS	32.06	32.06
41501063	INVESTIGACAO ULTRA-SONICA COM REGISTRO GRAFICO (QUALQUER AREA)	32.23	32.23
41501071	INVESTIGACAO ULTRA-SONICA COM TESTE DE STRESS E COM REGISTRO GRAFICO	108.37	108.37
41501080	INVESTIGACAO ULTRA-SONICA COM TESTE DE STRESS E SEM REGISTRO GRAFICO	108.37	108.37
41501098	INVESTIGACAO ULTRA-SONICA COM TESTE DE STRESS EM ESTEIRA E COM REGISTRO GRAFICO	108.37	108.37
41501101	INVESTIGACAO ULTRA-SONICA SEM REGISTRO GRAFICO (QUALQUER AREA)	16.09	16.09
41501128	PAQUIMETRIA ULTRA-SONICA - MONOCULAR	59.51	59.51
41501136	TERMOMETRIA CUTANEA (POR LATERALIDADE:PESCOCO, MEMBROS, BOLSA ESCROTAL, POR TERRITORIO PENIANO)	20.12	20.12
41501144	TOMOGRAFIA DE COERENCIA OPTICA - MONOCULAR	77.84	77.84
41501195	PLETISMOGRAFIA (QUALQUER TIPO) POR LATERALIDADE OU TERRITORIO	48.30	48.30
41501209	MEDIDA DE PRESSAO HEPATICA	214.78	214.78
41501217	INJECAO INTRACAVERNOSA	28.27	28.27
41501225	OXIMETRIA ARTERIAL, PERFIL	25.19	25.19
41501233	OXIMETRIA VENOSA, PERFIL	25.19	25.19
41501241	PERFIL DE PRESSAO URETRAL	42.94	42.94
41501250	PRESSAO INTRA ABDOMINAL UROLOGICA	42.94	42.94
41501268	PRESSAO ARTERIAL PENIANA	175.98	175.98
41501314	ANGIOGRAFIA DE GRANDE ANGULAR AGA	69.76	69.76
50000012	SESSAO DE PSICOMOTRICIDADE INDIVIDUAL	17.18	17.18
50000039	SESSAO DE LUDOTERAPIA INDIVIDUAL	46.83	46.83
50000047	SESSAO DE LUDOTERAPIA EM GRUPO	69.01	69.01
50000055	CONSULTA INDIVIDUAL AMBULATORIAL, EM TERAPIA OCUPACIONAL	32.75	32.75
50000071	CONSULTA INDIVIDUAL HOSPITALAR, EM TERAPIA OCUPACIONAL	32.75	32.75
50000080	SESSAO INDIVIDUAL AMBULATORIAL, EM TERAPIA OCUPACIONAL	32.75	32.75
50000101	SESSAO INDIVIDUAL HOSPITALAR, EM TERAPIA OCUPACIONAL	32.75	32.75
50000110	SESSAO DE TERAPIA OCUPACIONAL FAMILIAR	32.75	32.75
50000128	SESSAO DE TERAPIA OCUPACIONAL EM GRUPO	32.75	32.75
50000144	CONSULTA AMBULATORIAL EM FISIOTERAPIA	51.42	51.42
50000160	ATENDIMENTO FISIOTERAPEUTICO AMBULATORIAL AO PACIENTE COM DISFUNCAO DECORRENTE DE ALTERACOES DO SISTEMA MUSCULO-ESQUELETICO	12.22	12.22
50000195	ATENDIMENTO FISIOTERAPEUTICO AMBULATORIAL AO PACIENTE COM DISFUNCAO DECORRENTE DE QUEIMADURAS	12.22	12.22
50000209	ATENDIMENTO FISIOTERAPEUTICO AMBULATORIAL AO PACIENTE COM DISFUNCAO DECORRENTE DE ALTERACOES DO SISTEMA LINFATICO E/OU VASCULAR PERIFERICO	12.22	12.22
50000217	ATENDIMENTO FISIOTERAPEUTICO AMBULATORIAL NO PRE E POS CIRURGICO E EM RECUPERACAO DE TECIDOS	12.22	12.22
50000233	ATENDIMENTO FISIOTERAPEUTICO AMBULATORIAL PARA ALTERACOES INFLAMATORIAS E OU DEGENERATIVAS DO APARELHO GENITO-URINARIO E REPRODUTOR, E/OU PROCTOLOGICO	12.22	12.22
50000365	ATENDIMENTO FISIOTERAPEUTICO HOSPITALAR AO PACIENTECOM DISFUNCAO DECORRENTE DE ALTERACOES DO SISTEMA MUSCULO-ESQUELETICO	12.22	12.22
50000381	ATENDIMENTO FISIOTERAPEUTICO HOSPITALAR AO PACIENTECOM DISFUNCAO DECORRENTE DE ALTERACOES DO SISTEMA CARDIOVASCULAR	12.22	12.22
50000390	ATENDIMENTO FISIOTERAPEUTICO HOSPITALAR AO PACIENTECOM DISFUNCAO DECORRENTE DE QUEIMADURAS	12.22	12.22
50000403	ATENDIMENTO FISIOTERAPEUTICO HOSPITALAR AO PACIENTECOM DISFUNCAO DECORRENTE DE ALTERACOES DO SISTEMA LINFATICO E/OU VASCULAR PERIFERICO	12.22	12.22
50000411	ATENDIMENTO FISIOTERAPEUTICO HOSPITALAR NO PRE E POCIRURGICO E EM RECUPERACAO DE TECIDOS	12.22	12.22
50000420	ATENDIMENTO FISIOTERAPEUTICO HOSPITALAR POR ALTERACOES ENDOCRINO-METABOLICAS	12.22	12.22
50000446	RPG	36.71	36.71
50000454	ATENDIMENTO FISIOTERAPEUTICO HOSPITALAR PARA ALTERACOES INFLAMATORIAS E OU DEGENERATIVAS DO APARELHO GENITO-URINARIO, REPRODUTOR E/OU PROCTOLOGICO	12.22	12.22
50000470	SESSAO DE PSICOTERAPIA INDIVIDUAL POR PSICOLOGO	48.24	48.24
50000489	SESSAO DE PSICOTERAPIA EM GRUPO POR PSICOLOGO	71.09	71.09
50000500	SESSAO DE PSICOTERAPIA FAMILIAR POR PSICOLOGO	71.09	71.09
50000519	ACOMPANHAMENTO E REABILITACAO PROFISSIONAL POR PSICOLOGO	48.24	48.24
50000560	CONSULTA AMBULATORIAL POR NUTRICIONISTA	51.45	51.45
50000586	CONSULTA INDIVIDUAL AMBULATORIAL DE FONOAUDIOLOGIA	39.80	39.80
50000608	CONSULTA INDIVIDUAL HOSPITALAR DE FONOAUDIOLOGIA	39.80	39.80
50000616	SESSAO INDIVIDUAL AMBULATORIAL DE FONOAUDIOLOGIA	39.80	39.80
50000632	SESSAO INDIVIDUAL HOSPITALAR DE FONOAUDIOLOGIA	39.80	39.80
50000640	SESSAO DE FONOAUDIOLOGIA EM GRUPO	39.80	39.80
50000713	ATENDIMENTO FISIOTERAPEUTICO AMBULATORIAL AO PACIENTE INDEPENDENTE OU COM DEPENDENCIA PARCIAL, COM DISFUNCAO DECORRENTE DE LESAO DO SISTEMA NERVOSO CENTRAL E/OU PERIFERICO	12.22	12.22
50000721	ATENDIMENTO FISIOTERAPEUTICO AMBULATORIAL AO PACIENTE DEPENDENTE COM DISFUNCAO DECORRENTE DE LESAO DO SISTEMA NERVOSO CENTRAL E/OU PERIFERICO	12.22	12.22
50000730	ATENDIMENTO FISIOTERAPEUTICO AMBULATORIAL INDIVIDUAAO PACIENTE COM DISFUNCAO DECORRENTE DE ALTERACOES NO SISTEMA RESPIRATORIO	12.22	12.22
50000748	ATENDIMENTO FISIOTERAPEUTICO AMBULATORIAL EM GRUPO AOS PACIENTES COM DISFUNCAO DECORRENTE DE ALTERACOES NO SISTEMA RESPIRATORIO	12.22	12.22
50000756	ATENDIMENTO FISIOTERAPEUTICO AMBULATORIAL INDIVIDUAAO PACIENTE COM DISFUNCAO DECORRENTE DE ALTERACOES DO SISTEMA CARDIOVASCULAR	12.22	12.22
50000764	ATENDIMENTO FISIOTERAPEUTICO AMBULATORIAL EM GRUPO AOS PACIENTES COM DISFUNCAO DECORRENTE DE ALTERACOES DO SISTEMA CARDIOVASCULAR	12.22	12.22
50000772	ATENDIMENTO FISIOTERAPEUTICO AMBULATORIAL INDIVIDUAPOR ALTERACOES ENDOCRINO-METABOLICAS	12.22	12.22
50000780	ATENDIMENTO FISIOTERAPEUTICO AMBULATORIAL EM GRUPO POR ALTERACOES ENDOCRINO-METABOLICAS	12.22	12.22
50000799	ATENDIMENTO FISIOTERAPEUTICO HOSPITALAR AO PACIENTEINDEPENDENTE OU COM DEPENDENCIA PARCIAL, COM DISFUNCAO DECORRENTE DE LESAO DO SISTEMA NERVOSO CENTRAL E/OU PERIFERICO	12.22	12.22
50000802	ATENDIMENTO FISIOTERAPEUTICO HOSPITALAR AO PACIENTEDEPENDENTE COM DISFUNCAO DECORRENTE DE LESAO DO SISTEMA NERVOSO CENTRAL E/OU PERIFERICO	12.22	12.22
50000810	ATENDIMENTO FISIOTERAPEUTICO HOSPITALAR AO PACIENTECOM DISFUNCAO DECORRENTE DE ALTERACOES NO SISTEMA RESPIRATORIO COM ASSISTENCIA VENTILATORIA	12.22	12.22
50000829	ATENDIMENTO FISIOTERAPEUTICO HOSPITALAR AO PACIENTECOM DISFUNCAO DECORRENTE DE ALTERACOES NO SISTEMA RESPIRATORIO SEM ASSISTENCIA VENTILATORIA	12.22	12.22
50000900	EMG NAO INVASIVO	92.36	92.36
50000926	VENTILOMETRIA (INCLUINDO CAPACIDADE VITAL, CAPACIDADE INSPIRATORIA, VOLUME MINUTO, VOLUME CORRENTE E TODOS INDICES DERIVADOS DESTAS AVALIACOES	103.52	103.52
50000934	ANALISE ELETROTERAPEUTICA NAO INVASIVA, IDENTIFICACAO DE PONTO MOTOR, CRONAXIMETRIA, REOBASE	15.39	15.39
50001000	ATENDIMENTO FISIOTERAPEUTICO HOSPITALAR AO PACIENTECOM DISFUNCAO DECORRENTE DE ALTERACOES NO SISTEMA RESPIRATORIO SEM ASSISTENCIA VENTILATORIA MECANICA	12.22	12.22
50001019	ATENDIMENTO FISIOTERAPEUTICO HOSPITALAR AO PACIENTECOM DISFUNCAO DECORRENTE DE ALTERACOES NO SISTEMA RESPIRATORIO COM ASSISTENCIA VENTILATORIA MECANICA	12.22	12.22
50001043	ATENDIMENTO FISIOTERAPEUTICO HOSPITALAR AO PACIENTECOM DEPENDENCIA PARCIAL COM DISFUNCAO DECORRENTE DELESAO DO SISTEMA NERVOSO CENTRAL E/OU PERIFERICO	12.22	12.22
50001051	ATENDIMENTO FISIOTERAPEUTICO HOSPITALAR AO PACIENTECOM DEPENDENCIA TOTAL COM DISFUNCAO DECORRENTE DE LESAO DO SISTEMA NERVOSO CENTRAL E/OU PERIFERICO	12.22	12.22
50001060	ATENDIMENTO FISIOTERAPEUTICO AMBULATORIAL AO PACIENTE COM DEPENDENCIA PARCIAL COM DISFUNCAO DECORRENTE DE LESAO DO SISTEMA NERVOSO CENTRAL E/OUPERIFERICO	12.22	12.22
50001078	ATENDIMENTO FISIOTERAPEUTICO AMBULATORIAL AO PACIENTE COM DEPENDENCIA TOTAL COM DISFUNCAO DECORRENTE DE LESAO DO SISTEMA NERVOSO CENTRAL E/OUPERIFERICO	12.22	12.22
50001183	SESSAO EM PSICOLOGIA INDIVIDUAL	48.24	48.24
50001191	SESSAO EM PSICOLOGIA EM GRUPO	48.24	48.24
50001205	CONSULTA COM ENFERMEIRO OBSTETRA OU OBSTETRIZ	106.25	106.25
50001213	MUSICOTERAPIA - POR SESSAO	31.50	31.50
50001221	CONSULTA AMBULATORIAL EM PSICOLOGIA	52.99	52.99
50001230	CONSULTA HOSPITALAR EM PSICOLOGIA	52.99	52.99
